# Observert dognnedbor, sygna. Element sum(precipitation_amount P1D), timeOffset PT6H.
# Dognet gaar fra 06 UTC dagen for til 06 UTC paa datoen.
# Primaer SN39150 (Kristiansand - Somskleiva, 12.7 km), reserve SN39040 (Kjevik, 15.0 km).
# Kun kvalitetskode 0-2. Tom mm betyr ingen godkjent maaling.
# Kilde: Meteorologisk institutt (CC BY 4.0).
dato;mm;kilde
2016-06-01;0.0;SN39150
2016-06-02;0.0;SN39150
2016-06-03;0.0;SN39150
2016-06-04;0.0;SN39150
2016-06-05;0.0;SN39150
2016-06-06;0.0;SN39150
2016-06-07;0.0;SN39150
2016-06-08;0.0;SN39150
2016-06-09;0.0;SN39150
2016-06-10;0.0;SN39150
2016-06-11;0.1;SN39150
2016-06-12;0.0;SN39150
2016-06-13;1.4;SN39150
2016-06-14;0.0;SN39150
2016-06-15;3.7;SN39150
2016-06-16;27.1;SN39150
2016-06-17;2.5;SN39150
2016-06-18;0.1;SN39150
2016-06-19;0.0;SN39150
2016-06-20;0.0;SN39150
2016-06-21;38.6;SN39150
2016-06-22;0.0;SN39150
2016-06-23;0.0;SN39150
2016-06-24;21.1;SN39150
2016-06-25;2.8;SN39150
2016-06-26;5.2;SN39150
2016-06-27;3.1;SN39150
2016-06-28;7.3;SN39150
2016-06-29;0.0;SN39150
2016-06-30;9.7;SN39150
2016-07-01;2.8;SN39150
2016-07-02;22.2;SN39150
2016-07-03;6.7;SN39150
2016-07-04;0.0;SN39150
2016-07-05;0.0;SN39150
2016-07-06;0.0;SN39150
2016-07-07;0.0;SN39150
2016-07-08;0.9;SN39150
2016-07-09;0.0;SN39150
2016-07-10;0.9;SN39150
2016-07-11;9.6;SN39150
2016-07-12;4.9;SN39150
2016-07-13;0.0;SN39150
2016-07-14;1.7;SN39150
2016-07-15;3.8;SN39150
2016-07-16;0.3;SN39150
2016-07-17;0.1;SN39150
2016-07-18;0.0;SN39150
2016-07-19;0.0;SN39150
2016-07-20;0.0;SN39150
2016-07-21;0.0;SN39150
2016-07-22;2.4;SN39150
2016-07-23;3.4;SN39150
2016-07-24;0.0;SN39150
2016-07-25;0.0;SN39150
2016-07-26;7.0;SN39150
2016-07-27;3.2;SN39150
2016-07-28;6.1;SN39150
2016-07-29;0.0;SN39150
2016-07-30;8.1;SN39150
2016-07-31;0.0;SN39150
2016-08-01;0.2;SN39150
2016-08-02;0.7;SN39150
2016-08-03;0.0;SN39150
2016-08-04;17.3;SN39150
2016-08-05;3.4;SN39150
2016-08-06;2.6;SN39150
2016-08-07;0.0;SN39150
2016-08-08;14.8;SN39150
2016-08-09;2.2;SN39150
2016-08-10;7.1;SN39150
2016-08-11;0.0;SN39150
2016-08-12;0.0;SN39150
2016-08-13;6.8;SN39150
2016-08-14;1.2;SN39150
2016-08-15;0.0;SN39150
2016-08-16;0.0;SN39150
2016-08-17;0.0;SN39150
2016-08-18;0.0;SN39150
2016-08-19;0.0;SN39150
2016-08-20;0.0;SN39150
2016-08-21;7.1;SN39150
2016-08-22;6.3;SN39150
2016-08-23;0.6;SN39150
2016-08-24;0.0;SN39150
2016-08-25;0.0;SN39150
2016-08-26;16.2;SN39150
2016-08-27;0.2;SN39150
2016-08-28;2.0;SN39150
2016-08-29;4.1;SN39150
2016-08-30;0.0;SN39150
2016-08-31;0.0;SN39150
2017-06-01;0.0;SN39150
2017-06-02;0.2;SN39150
2017-06-03;2.5;SN39150
2017-06-04;0.0;SN39150
2017-06-05;0.0;SN39150
2017-06-06;0.2;SN39150
2017-06-07;12.5;SN39150
2017-06-08;11.5;SN39150
2017-06-09;;
2017-06-10;;
2017-06-11;1.3;SN39150
2017-06-12;6.6;SN39150
2017-06-13;2.2;SN39150
2017-06-14;0.0;SN39150
2017-06-15;0.0;SN39150
2017-06-16;5.2;SN39150
2017-06-17;0.0;SN39150
2017-06-18;0.0;SN39150
2017-06-19;0.0;SN39150
2017-06-20;0.0;SN39150
2017-06-21;0.0;SN39150
2017-06-22;0.2;SN39150
2017-06-23;1.5;SN39150
2017-06-24;3.2;SN39150
2017-06-25;1.1;SN39150
2017-06-26;0.9;SN39150
2017-06-27;0.0;SN39150
2017-06-28;0.0;SN39150
2017-06-29;1.1;SN39150
2017-06-30;2.2;SN39150
2017-07-01;0.0;SN39150
2017-07-02;0.0;SN39150
2017-07-03;0.0;SN39150
2017-07-04;0.0;SN39150
2017-07-05;0.0;SN39150
2017-07-06;0.0;SN39150
2017-07-07;0.0;SN39150
2017-07-08;4.7;SN39150
2017-07-09;0.0;SN39150
2017-07-10;0.0;SN39150
2017-07-11;5.1;SN39150
2017-07-12;0.1;SN39150
2017-07-13;0.0;SN39150
2017-07-14;0.0;SN39150
2017-07-15;0.0;SN39150
2017-07-16;10.4;SN39150
2017-07-17;0.1;SN39150
2017-07-18;0.0;SN39150
2017-07-19;0.0;SN39150
2017-07-20;0.0;SN39150
2017-07-21;;
2017-07-22;;
2017-07-23;;
2017-07-24;0.4;SN39150
2017-07-25;0.9;SN39150
2017-07-26;0.5;SN39150
2017-07-27;;
2017-07-28;;
2017-07-29;;
2017-07-30;;
2017-07-31;;
2017-08-01;0.0;SN39150
2017-08-02;0.1;SN39150
2017-08-03;;
2017-08-04;;
2017-08-05;;
2017-08-06;0.0;SN39150
2017-08-07;0.0;SN39150
2017-08-08;4.4;SN39150
2017-08-09;3.2;SN39150
2017-08-10;3.6;SN39150
2017-08-11;0.0;SN39150
2017-08-12;0.0;SN39150
2017-08-13;0.0;SN39150
2017-08-14;0.0;SN39150
2017-08-15;0.0;SN39150
2017-08-16;6.6;SN39150
2017-08-17;0.0;SN39150
2017-08-18;27.4;SN39150
2017-08-19;8.8;SN39150
2017-08-20;12.6;SN39150
2017-08-21;1.0;SN39150
2017-08-22;0.0;SN39150
2017-08-23;0.0;SN39150
2017-08-24;0.2;SN39150
2017-08-25;4.0;SN39150
2017-08-26;0.0;SN39150
2017-08-27;0.0;SN39150
2017-08-28;0.0;SN39150
2017-08-29;0.0;SN39150
2017-08-30;1.1;SN39150
2017-08-31;0.7;SN39150
2018-06-01;0.4;SN39150
2018-06-02;0.0;SN39150
2018-06-03;0.0;SN39150
2018-06-04;0.0;SN39150
2018-06-05;0.0;SN39150
2018-06-06;0.0;SN39150
2018-06-07;0.0;SN39150
2018-06-08;0.0;SN39150
2018-06-09;0.0;SN39150
2018-06-10;0.0;SN39150
2018-06-11;4.2;SN39150
2018-06-12;0.1;SN39150
2018-06-13;0.0;SN39150
2018-06-14;0.1;SN39150
2018-06-15;24.2;SN39150
2018-06-16;0.0;SN39150
2018-06-17;11.8;SN39150
2018-06-18;2.2;SN39150
2018-06-19;6.5;SN39150
2018-06-20;0.0;SN39150
2018-06-21;17.8;SN39150
2018-06-22;0.1;SN39150
2018-06-23;0.0;SN39150
2018-06-24;0.0;SN39150
2018-06-25;0.0;SN39150
2018-06-26;0.0;SN39150
2018-06-27;7.0;SN39150
2018-06-28;0.0;SN39150
2018-06-29;0.0;SN39150
2018-06-30;0.0;SN39150
2018-07-01;0.0;SN39150
2018-07-02;0.0;SN39150
2018-07-03;0.0;SN39150
2018-07-04;0.0;SN39150
2018-07-05;0.0;SN39150
2018-07-06;0.0;SN39150
2018-07-07;0.0;SN39150
2018-07-08;0.0;SN39150
2018-07-09;0.0;SN39150
2018-07-10;5.0;SN39150
2018-07-11;0.0;SN39150
2018-07-12;0.0;SN39150
2018-07-13;0.0;SN39150
2018-07-14;0.0;SN39150
2018-07-15;0.0;SN39150
2018-07-16;0.0;SN39150
2018-07-17;0.0;SN39150
2018-07-18;0.0;SN39150
2018-07-19;0.0;SN39150
2018-07-20;0.0;SN39150
2018-07-21;0.0;SN39150
2018-07-22;0.0;SN39150
2018-07-23;0.0;SN39150
2018-07-24;0.0;SN39150
2018-07-25;0.0;SN39150
2018-07-26;0.0;SN39150
2018-07-27;0.0;SN39150
2018-07-28;0.0;SN39150
2018-07-29;5.1;SN39150
2018-07-30;0.5;SN39150
2018-07-31;3.9;SN39150
2018-08-01;13.1;SN39150
2018-08-02;0.0;SN39150
2018-08-03;0.0;SN39150
2018-08-04;0.0;SN39150
2018-08-05;0.0;SN39150
2018-08-06;0.0;SN39150
2018-08-07;3.9;SN39150
2018-08-08;0.0;SN39150
2018-08-09;5.4;SN39150
2018-08-10;15.5;SN39150
2018-08-11;10.2;SN39150
2018-08-12;0.0;SN39150
2018-08-13;0.0;SN39150
2018-08-14;2.6;SN39150
2018-08-15;0.0;SN39150
2018-08-16;6.0;SN39150
2018-08-17;9.8;SN39150
2018-08-18;3.7;SN39150
2018-08-19;1.3;SN39150
2018-08-20;2.3;SN39150
2018-08-21;0.0;SN39150
2018-08-22;5.6;SN39150
2018-08-23;1.2;SN39150
2018-08-24;1.7;SN39150
2018-08-25;3.1;SN39150
2018-08-26;0.0;SN39150
2018-08-27;0.2;SN39150
2018-08-28;40.0;SN39150
2018-08-29;0.0;SN39150
2018-08-30;4.2;SN39150
2018-08-31;0.0;SN39150
2019-06-01;6.0;SN39150
2019-06-02;0.5;SN39150
2019-06-03;2.6;SN39150
2019-06-04;0.0;SN39150
2019-06-05;10.4;SN39150
2019-06-06;0.2;SN39150
2019-06-07;10.2;SN39150
2019-06-08;0.6;SN39150
2019-06-09;17.3;SN39150
2019-06-10;0.5;SN39150
2019-06-11;0.0;SN39150
2019-06-12;32.0;SN39150
2019-06-13;8.4;SN39150
2019-06-14;7.9;SN39150
2019-06-15;0.0;SN39150
2019-06-16;6.8;SN39150
2019-06-17;0.0;SN39150
2019-06-18;0.0;SN39150
2019-06-19;0.0;SN39150
2019-06-20;20.6;SN39150
2019-06-21;2.3;SN39150
2019-06-22;0.2;SN39150
2019-06-23;0.0;SN39150
2019-06-24;0.0;SN39150
2019-06-25;0.0;SN39150
2019-06-26;0.9;SN39150
2019-06-27;0.0;SN39150
2019-06-28;0.0;SN39150
2019-06-29;0.0;SN39150
2019-06-30;0.0;SN39150
2019-07-01;0.9;SN39150
2019-07-02;0.0;SN39150
2019-07-03;0.0;SN39150
2019-07-04;0.0;SN39150
2019-07-05;0.0;SN39150
2019-07-06;0.1;SN39150
2019-07-07;1.1;SN39150
2019-07-08;0.0;SN39150
2019-07-09;0.0;SN39150
2019-07-10;2.6;SN39150
2019-07-11;0.0;SN39150
2019-07-12;0.0;SN39150
2019-07-13;0.0;SN39150
2019-07-14;0.0;SN39150
2019-07-15;0.0;SN39150
2019-07-16;0.0;SN39150
2019-07-17;0.0;SN39150
2019-07-18;0.0;SN39150
2019-07-19;5.6;SN39150
2019-07-20;0.1;SN39150
2019-07-21;30.9;SN39040
2019-07-22;1.1;SN39150
2019-07-23;11.0;SN39150
2019-07-24;0.0;SN39150
2019-07-25;0.6;SN39150
2019-07-26;0.1;SN39150
2019-07-27;0.0;SN39150
2019-07-28;0.0;SN39150
2019-07-29;3.0;SN39150
2019-07-30;0.0;SN39150
2019-07-31;16.8;SN39150
2019-08-01;12.3;SN39150
2019-08-02;0.0;SN39150
2019-08-03;0.0;SN39150
2019-08-04;3.9;SN39150
2019-08-05;0.1;SN39150
2019-08-06;23.0;SN39040
2019-08-07;3.9;SN39040
2019-08-08;1.9;SN39040
2019-08-09;2.8;SN39040
2019-08-10;33.6;SN39040
2019-08-11;14.5;SN39040
2019-08-12;5.3;SN39040
2019-08-13;0.6;SN39040
2019-08-14;;
2019-08-15;0.0;SN39040
2019-08-16;8.5;SN39040
2019-08-17;34.6;SN39040
2019-08-18;11.3;SN39040
2019-08-19;16.3;SN39040
2019-08-20;3.8;SN39040
2019-08-21;0.9;SN39040
2019-08-22;4.8;SN39040
2019-08-23;27.5;SN39040
2019-08-24;0.2;SN39040
2019-08-25;0.0;SN39040
2019-08-26;0.0;SN39040
2019-08-27;0.0;SN39040
2019-08-28;0.0;SN39040
2019-08-29;5.5;SN39040
2019-08-30;1.7;SN39040
2019-08-31;0.0;SN39040
2020-06-01;0.0;SN39150
2020-06-02;0.0;SN39150
2020-06-03;0.0;SN39150
2020-06-04;7.9;SN39150
2020-06-05;35.5;SN39150
2020-06-06;4.7;SN39150
2020-06-07;0.0;SN39150
2020-06-08;0.0;SN39150
2020-06-09;0.0;SN39150
2020-06-10;0.9;SN39150
2020-06-11;0.0;SN39150
2020-06-12;0.0;SN39150
2020-06-13;1.1;SN39150
2020-06-14;26.2;SN39150
2020-06-15;0.0;SN39150
2020-06-16;0.0;SN39150
2020-06-17;0.0;SN39150
2020-06-18;0.0;SN39150
2020-06-19;0.0;SN39150
2020-06-20;3.9;SN39150
2020-06-21;6.1;SN39150
2020-06-22;4.8;SN39150
2020-06-23;0.0;SN39150
2020-06-24;0.0;SN39150
2020-06-25;0.0;SN39150
2020-06-26;0.0;SN39150
2020-06-27;0.0;SN39150
2020-06-28;13.3;SN39150
2020-06-29;8.1;SN39150
2020-06-30;27.5;SN39150
2020-07-01;5.4;SN39150
2020-07-02;0.1;SN39150
2020-07-03;0.0;SN39150
2020-07-04;9.8;SN39150
2020-07-05;14.0;SN39150
2020-07-06;14.4;SN39150
2020-07-07;0.0;SN39150
2020-07-08;0.2;SN39150
2020-07-09;0.0;SN39150
2020-07-10;0.0;SN39150
2020-07-11;1.9;SN39150
2020-07-12;0.0;SN39150
2020-07-13;0.0;SN39150
2020-07-14;3.6;SN39040
2020-07-15;2.2;SN39040
2020-07-16;0.0;SN39040
2020-07-17;0.0;SN39040
2020-07-18;0.0;SN39040
2020-07-19;18.3;SN39040
2020-07-20;1.0;SN39040
2020-07-21;0.0;SN39040
2020-07-22;0.0;SN39040
2020-07-23;0.0;SN39040
2020-07-24;42.8;SN39040
2020-07-25;1.0;SN39040
2020-07-26;10.1;SN39040
2020-07-27;16.4;SN39040
2020-07-28;28.2;SN39040
2020-07-29;6.5;SN39040
2020-07-30;0.1;SN39040
2020-07-31;0.0;SN39040
2020-08-01;0.1;SN39040
2020-08-02;1.6;SN39040
2020-08-03;0.1;SN39040
2020-08-04;0.0;SN39040
2020-08-05;13.1;SN39040
2020-08-06;7.9;SN39040
2020-08-07;0.0;SN39040
2020-08-08;0.1;SN39040
2020-08-09;0.0;SN39040
2020-08-10;0.0;SN39040
2020-08-11;0.0;SN39040
2020-08-12;0.0;SN39040
2020-08-13;0.1;SN39040
2020-08-14;0.0;SN39150
2020-08-15;0.1;SN39150
2020-08-16;0.0;SN39150
2020-08-17;0.0;SN39150
2020-08-18;0.0;SN39150
2020-08-19;0.0;SN39150
2020-08-20;0.0;SN39150
2020-08-21;12.6;SN39150
2020-08-22;20.2;SN39150
2020-08-23;7.4;SN39150
2020-08-24;0.1;SN39150
2020-08-25;0.0;SN39150
2020-08-26;4.6;SN39150
2020-08-27;0.9;SN39150
2020-08-28;0.6;SN39150
2020-08-29;12.9;SN39150
2020-08-30;0.0;SN39150
2020-08-31;0.0;SN39150
2021-06-01;0.0;SN39150
2021-06-02;0.0;SN39150
2021-06-03;0.3;SN39150
2021-06-04;37.3;SN39150
2021-06-05;0.1;SN39150
2021-06-06;0.8;SN39150
2021-06-07;0.0;SN39150
2021-06-08;0.0;SN39150
2021-06-09;0.0;SN39150
2021-06-10;0.0;SN39150
2021-06-11;0.0;SN39150
2021-06-12;0.5;SN39150
2021-06-13;0.0;SN39150
2021-06-14;0.2;SN39150
2021-06-15;26.0;SN39150
2021-06-16;0.0;SN39150
2021-06-17;0.0;SN39150
2021-06-18;4.2;SN39150
2021-06-19;0.1;SN39150
2021-06-20;0.0;SN39150
2021-06-21;12.7;SN39150
2021-06-22;1.1;SN39150
2021-06-23;0.0;SN39150
2021-06-24;0.0;SN39150
2021-06-25;0.0;SN39150
2021-06-26;0.0;SN39150
2021-06-27;0.0;SN39150
2021-06-28;0.0;SN39150
2021-06-29;0.0;SN39150
2021-06-30;0.0;SN39150
2021-07-01;0.0;SN39150
2021-07-02;0.8;SN39150
2021-07-03;6.4;SN39150
2021-07-04;2.2;SN39150
2021-07-05;7.7;SN39150
2021-07-06;2.9;SN39150
2021-07-07;8.5;SN39150
2021-07-08;0.0;SN39150
2021-07-09;1.5;SN39150
2021-07-10;0.0;SN39150
2021-07-11;0.0;SN39150
2021-07-12;0.0;SN39150
2021-07-13;0.0;SN39150
2021-07-14;0.0;SN39150
2021-07-15;0.0;SN39150
2021-07-16;0.0;SN39150
2021-07-17;0.0;SN39150
2021-07-18;0.0;SN39150
2021-07-19;0.0;SN39150
2021-07-20;0.0;SN39150
2021-07-21;0.0;SN39150
2021-07-22;0.0;SN39150
2021-07-23;0.0;SN39150
2021-07-24;0.0;SN39150
2021-07-25;0.0;SN39150
2021-07-26;0.0;SN39150
2021-07-27;22.6;SN39150
2021-07-28;5.5;SN39150
2021-07-29;11.8;SN39150
2021-07-30;9.6;SN39150
2021-07-31;0.0;SN39150
2021-08-01;0.0;SN39150
2021-08-02;5.6;SN39150
2021-08-03;0.0;SN39150
2021-08-04;0.0;SN39150
2021-08-05;0.0;SN39150
2021-08-06;0.2;SN39150
2021-08-07;1.1;SN39150
2021-08-08;11.6;SN39150
2021-08-09;18.6;SN39150
2021-08-10;2.7;SN39150
2021-08-11;16.4;SN39150
2021-08-12;0.0;SN39150
2021-08-13;0.6;SN39150
2021-08-14;8.1;SN39150
2021-08-15;0.8;SN39150
2021-08-16;0.5;SN39150
2021-08-17;24.7;SN39150
2021-08-18;0.0;SN39150
2021-08-19;0.0;SN39150
2021-08-20;0.0;SN39150
2021-08-21;0.0;SN39150
2021-08-22;0.0;SN39150
2021-08-23;0.0;SN39150
2021-08-24;0.0;SN39150
2021-08-25;3.6;SN39150
2021-08-26;0.0;SN39150
2021-08-27;0.0;SN39150
2021-08-28;0.0;SN39150
2021-08-29;0.0;SN39150
2021-08-30;0.0;SN39150
2021-08-31;0.0;SN39150
2022-06-01;23.9;SN39040
2022-06-02;0.0;SN39040
2022-06-03;0.0;SN39040
2022-06-04;0.0;SN39040
2022-06-05;0.0;SN39040
2022-06-06;0.0;SN39040
2022-06-07;4.6;SN39040
2022-06-08;6.5;SN39040
2022-06-09;0.0;SN39040
2022-06-10;9.4;SN39150
2022-06-11;0.4;SN39150
2022-06-12;0.6;SN39150
2022-06-13;0.0;SN39150
2022-06-14;0.0;SN39150
2022-06-15;0.0;SN39150
2022-06-16;0.0;SN39150
2022-06-17;0.0;SN39150
2022-06-18;10.2;SN39150
2022-06-19;0.0;SN39150
2022-06-20;0.0;SN39150
2022-06-21;0.0;SN39150
2022-06-22;0.0;SN39150
2022-06-23;0.0;SN39150
2022-06-24;0.0;SN39150
2022-06-25;0.2;SN39150
2022-06-26;0.0;SN39150
2022-06-27;1.1;SN39150
2022-06-28;16.0;SN39150
2022-06-29;0.0;SN39150
2022-06-30;0.0;SN39150
2022-07-01;0.0;SN39150
2022-07-02;2.9;SN39150
2022-07-03;19.0;SN39150
2022-07-04;4.4;SN39150
2022-07-05;1.9;SN39150
2022-07-06;0.0;SN39150
2022-07-07;1.7;SN39150
2022-07-08;0.0;SN39150
2022-07-09;0.0;SN39150
2022-07-10;0.0;SN39150
2022-07-11;0.0;SN39150
2022-07-12;0.0;SN39150
2022-07-13;0.8;SN39150
2022-07-14;0.1;SN39150
2022-07-15;0.0;SN39150
2022-07-16;0.0;SN39150
2022-07-17;0.0;SN39150
2022-07-18;0.0;SN39150
2022-07-19;0.0;SN39150
2022-07-20;0.0;SN39150
2022-07-21;0.0;SN39150
2022-07-22;0.0;SN39150
2022-07-23;0.0;SN39150
2022-07-24;0.6;SN39150
2022-07-25;6.8;SN39150
2022-07-26;11.7;SN39150
2022-07-27;0.0;SN39150
2022-07-28;0.0;SN39150
2022-07-29;0.0;SN39150
2022-07-30;0.0;SN39150
2022-07-31;0.0;SN39150
2022-08-01;3.5;SN39150
2022-08-02;0.0;SN39150
2022-08-03;57.1;SN39150
2022-08-04;3.9;SN39150
2022-08-05;1.0;SN39150
2022-08-06;0.0;SN39150
2022-08-07;0.4;SN39150
2022-08-08;1.0;SN39150
2022-08-09;0.0;SN39150
2022-08-10;0.0;SN39150
2022-08-11;0.0;SN39150
2022-08-12;0.0;SN39150
2022-08-13;0.0;SN39150
2022-08-14;0.0;SN39150
2022-08-15;0.7;SN39150
2022-08-16;7.6;SN39150
2022-08-17;0.0;SN39150
2022-08-18;0.0;SN39150
2022-08-19;0.0;SN39150
2022-08-20;0.0;SN39150
2022-08-21;5.4;SN39150
2022-08-22;0.7;SN39150
2022-08-23;0.0;SN39150
2022-08-24;4.0;SN39150
2022-08-25;0.4;SN39150
2022-08-26;0.0;SN39150
2022-08-27;51.5;SN39150
2022-08-28;0.0;SN39150
2022-08-29;0.0;SN39150
2022-08-30;0.0;SN39150
2022-08-31;9.6;SN39150
2023-06-01;0.0;SN39150
2023-06-02;0.0;SN39150
2023-06-03;0.0;SN39150
2023-06-04;0.0;SN39150
2023-06-05;0.0;SN39150
2023-06-06;0.0;SN39150
2023-06-07;0.0;SN39150
2023-06-08;0.0;SN39150
2023-06-09;0.0;SN39150
2023-06-10;0.0;SN39150
2023-06-11;0.0;SN39150
2023-06-12;0.0;SN39150
2023-06-13;0.0;SN39150
2023-06-14;0.0;SN39150
2023-06-15;0.0;SN39150
2023-06-16;0.0;SN39150
2023-06-17;0.0;SN39150
2023-06-18;0.0;SN39150
2023-06-19;0.0;SN39150
2023-06-20;5.4;SN39150
2023-06-21;0.0;SN39150
2023-06-22;5.1;SN39150
2023-06-23;0.0;SN39150
2023-06-24;0.0;SN39150
2023-06-25;0.0;SN39150
2023-06-26;0.0;SN39150
2023-06-27;43.0;SN39150
2023-06-28;5.9;SN39150
2023-06-29;0.0;SN39150
2023-06-30;10.4;SN39150
2023-07-01;0.1;SN39150
2023-07-02;10.2;SN39150
2023-07-03;4.1;SN39150
2023-07-04;6.0;SN39150
2023-07-05;1.0;SN39150
2023-07-06;20.5;SN39150
2023-07-07;0.2;SN39150
2023-07-08;0.0;SN39150
2023-07-09;0.0;SN39150
2023-07-10;14.7;SN39150
2023-07-11;24.3;SN39150
2023-07-12;8.9;SN39150
2023-07-13;0.4;SN39150
2023-07-14;0.0;SN39150
2023-07-15;2.9;SN39150
2023-07-16;12.2;SN39150
2023-07-17;8.0;SN39150
2023-07-18;0.0;SN39150
2023-07-19;0.0;SN39150
2023-07-20;0.0;SN39150
2023-07-21;0.0;SN39150
2023-07-22;0.0;SN39150
2023-07-23;0.0;SN39150
2023-07-24;0.9;SN39150
2023-07-25;0.0;SN39150
2023-07-26;3.3;SN39150
2023-07-27;7.8;SN39150
2023-07-28;0.0;SN39150
2023-07-29;0.0;SN39150
2023-07-30;2.6;SN39150
2023-07-31;1.2;SN39150
2023-08-01;0.0;SN39150
2023-08-02;0.0;SN39150
2023-08-03;0.0;SN39150
2023-08-04;1.0;SN39150
2023-08-05;0.6;SN39150
2023-08-06;0.0;SN39150
2023-08-07;0.1;SN39150
2023-08-08;14.8;SN39150
2023-08-09;0.8;SN39150
2023-08-10;0.0;SN39150
2023-08-11;0.0;SN39150
2023-08-12;0.2;SN39150
2023-08-13;19.5;SN39150
2023-08-14;4.5;SN39150
2023-08-15;2.8;SN39150
2023-08-16;7.4;SN39150
2023-08-17;0.0;SN39150
2023-08-18;0.0;SN39150
2023-08-19;;
2023-08-20;33.9;SN39040
2023-08-21;0.0;SN39040
2023-08-22;0.0;SN39040
2023-08-23;0.0;SN39040
2023-08-24;0.0;SN39150
2023-08-25;13.2;SN39150
2023-08-26;10.4;SN39150
2023-08-27;4.6;SN39150
2023-08-28;0.0;SN39150
2023-08-29;0.0;SN39150
2023-08-30;8.1;SN39150
2023-08-31;3.0;SN39150
2024-06-01;1.6;SN39150
2024-06-02;0.2;SN39150
2024-06-03;0.0;SN39150
2024-06-04;0.1;SN39150
2024-06-05;15.9;SN39150
2024-06-06;1.9;SN39150
2024-06-07;2.4;SN39150
2024-06-08;4.1;SN39150
2024-06-09;2.2;SN39150
2024-06-10;1.5;SN39150
2024-06-11;0.0;SN39150
2024-06-12;0.0;SN39150
2024-06-13;0.6;SN39150
2024-06-14;1.5;SN39150
2024-06-15;13.4;SN39150
2024-06-16;22.8;SN39150
2024-06-17;21.9;SN39150
2024-06-18;8.0;SN39150
2024-06-19;0.2;SN39150
2024-06-20;0.0;SN39150
2024-06-21;0.0;SN39150
2024-06-22;5.9;SN39150
2024-06-23;5.2;SN39150
2024-06-24;0.0;SN39150
2024-06-25;0.0;SN39150
2024-06-26;0.0;SN39150
2024-06-27;0.0;SN39150
2024-06-28;0.0;SN39150
2024-06-29;1.2;SN39150
2024-06-30;0.0;SN39150
2024-07-01;0.0;SN39150
2024-07-02;0.0;SN39150
2024-07-03;0.0;SN39150
2024-07-04;17.3;SN39150
2024-07-05;10.7;SN39150
2024-07-06;12.1;SN39150
2024-07-07;13.1;SN39150
2024-07-08;0.2;SN39150
2024-07-09;0.2;SN39150
2024-07-10;15.9;SN39150
2024-07-11;4.2;SN39150
2024-07-12;0.7;SN39150
2024-07-13;0.0;SN39150
2024-07-14;7.2;SN39150
2024-07-15;23.4;SN39150
2024-07-16;0.3;SN39150
2024-07-17;11.3;SN39150
2024-07-18;0.2;SN39150
2024-07-19;0.0;SN39150
2024-07-20;0.0;SN39150
2024-07-21;0.0;SN39150
2024-07-22;21.3;SN39150
2024-07-23;0.0;SN39150
2024-07-24;0.0;SN39150
2024-07-25;2.9;SN39150
2024-07-26;11.9;SN39150
2024-07-27;0.6;SN39150
2024-07-28;0.0;SN39150
2024-07-29;0.0;SN39150
2024-07-30;0.0;SN39150
2024-07-31;0.0;SN39150
2024-08-01;0.0;SN39150
2024-08-02;0.0;SN39150
2024-08-03;0.0;SN39150
2024-08-04;2.6;SN39150
2024-08-05;0.0;SN39150
2024-08-06;0.0;SN39150
2024-08-07;1.8;SN39150
2024-08-08;3.0;SN39150
2024-08-09;18.8;SN39150
2024-08-10;5.5;SN39150
2024-08-11;0.1;SN39150
2024-08-12;0.0;SN39150
2024-08-13;0.0;SN39150
2024-08-14;31.9;SN39150
2024-08-15;3.1;SN39150
2024-08-16;14.9;SN39150
2024-08-17;0.0;SN39150
2024-08-18;0.0;SN39150
2024-08-19;1.3;SN39150
2024-08-20;0.0;SN39150
2024-08-21;41.8;SN39150
2024-08-22;4.1;SN39150
2024-08-23;8.0;SN39150
2024-08-24;1.1;SN39150
2024-08-25;1.3;SN39150
2024-08-26;0.8;SN39150
2024-08-27;0.0;SN39150
2024-08-28;0.0;SN39150
2024-08-29;0.0;SN39150
2024-08-30;0.0;SN39150
2024-08-31;0.0;SN39150
2025-06-01;5.0;SN39150
2025-06-02;6.2;SN39150
2025-06-03;0.0;SN39150
2025-06-04;4.1;SN39150
2025-06-05;0.0;SN39150
2025-06-06;1.8;SN39150
2025-06-07;6.3;SN39150
2025-06-08;0.0;SN39150
2025-06-09;0.0;SN39150
2025-06-10;1.7;SN39150
2025-06-11;12.7;SN39150
2025-06-12;0.0;SN39150
2025-06-13;0.0;SN39150
2025-06-14;0.0;SN39150
2025-06-15;0.3;SN39150
2025-06-16;0.1;SN39150
2025-06-17;0.0;SN39150
2025-06-18;0.0;SN39150
2025-06-19;0.0;SN39150
2025-06-20;0.0;SN39150
2025-06-21;0.0;SN39150
2025-06-22;0.0;SN39150
2025-06-23;12.2;SN39150
2025-06-24;0.0;SN39150
2025-06-25;0.0;SN39150
2025-06-26;0.0;SN39150
2025-06-27;13.4;SN39150
2025-06-28;3.4;SN39150
2025-06-29;0.0;SN39150
2025-06-30;0.0;SN39150
2025-07-01;0.0;SN39150
2025-07-02;8.9;SN39150
2025-07-03;0.7;SN39150
2025-07-04;4.3;SN39150
2025-07-05;14.3;SN39150
2025-07-06;0.6;SN39150
2025-07-07;0.0;SN39150
2025-07-08;0.8;SN39150
2025-07-09;0.4;SN39150
2025-07-10;0.0;SN39150
2025-07-11;0.0;SN39150
2025-07-12;0.0;SN39150
2025-07-13;2.1;SN39150
2025-07-14;0.0;SN39150
2025-07-15;0.0;SN39150
2025-07-16;2.2;SN39150
2025-07-17;0.0;SN39150
2025-07-18;0.0;SN39150
2025-07-19;0.0;SN39150
2025-07-20;0.0;SN39150
2025-07-21;0.0;SN39150
2025-07-22;45.4;SN39150
2025-07-23;0.9;SN39150
2025-07-24;0.0;SN39150
2025-07-25;0.0;SN39150
2025-07-26;0.0;SN39150
2025-07-27;0.0;SN39150
2025-07-28;0.0;SN39150
2025-07-29;0.0;SN39150
2025-07-30;10.8;SN39150
2025-07-31;2.0;SN39150
2025-08-01;0.0;SN39150
2025-08-02;0.0;SN39150
2025-08-03;32.1;SN39150
2025-08-04;0.5;SN39150
2025-08-05;24.2;SN39150
2025-08-06;0.8;SN39150
2025-08-07;0.0;SN39150
2025-08-08;1.0;SN39150
2025-08-09;0.0;SN39150
2025-08-10;1.5;SN39150
2025-08-11;0.0;SN39150
2025-08-12;2.5;SN39150
2025-08-13;0.0;SN39150
2025-08-14;0.0;SN39150
2025-08-15;1.7;SN39150
2025-08-16;0.0;SN39150
2025-08-17;0.0;SN39150
2025-08-18;0.0;SN39150
2025-08-19;0.0;SN39150
2025-08-20;0.0;SN39150
2025-08-21;0.0;SN39150
2025-08-22;0.0;SN39150
2025-08-23;0.0;SN39150
2025-08-24;0.0;SN39150
2025-08-25;0.0;SN39150
2025-08-26;0.0;SN39150
2025-08-27;0.0;SN39150
2025-08-28;2.9;SN39150
2025-08-29;26.1;SN39150
2025-08-30;0.0;SN39150
2025-08-31;2.1;SN39150
