# Observert dognnedbor, lygna. Element sum(precipitation_amount P1D), timeOffset PT6H.
# Dognet gaar fra 06 UTC dagen for til 06 UTC paa datoen.
# Primaer SN41480 (Aseral - Kyrkjebygda, 19.4 km), reserve SN42520 (Risnes i Fjotland, 25.1 km).
# Kun kvalitetskode 0-2. Tom mm betyr ingen godkjent maaling.
# Kilde: Meteorologisk institutt (CC BY 4.0).
dato;mm;kilde
2016-06-01;0.0;SN41480
2016-06-02;0.0;SN41480
2016-06-03;0.0;SN41480
2016-06-04;8.4;SN41480
2016-06-05;0.0;SN41480
2016-06-06;0.0;SN41480
2016-06-07;0.0;SN41480
2016-06-08;0.0;SN41480
2016-06-09;0.5;SN41480
2016-06-10;0.0;SN41480
2016-06-11;9.2;SN41480
2016-06-12;2.0;SN41480
2016-06-13;1.2;SN41480
2016-06-14;0.0;SN41480
2016-06-15;1.7;SN41480
2016-06-16;13.0;SN41480
2016-06-17;14.0;SN41480
2016-06-18;0.0;SN41480
2016-06-19;0.0;SN41480
2016-06-20;0.0;SN41480
2016-06-21;23.9;SN41480
2016-06-22;0.0;SN41480
2016-06-23;0.0;SN41480
2016-06-24;0.3;SN41480
2016-06-25;6.9;SN41480
2016-06-26;3.6;SN41480
2016-06-27;15.1;SN41480
2016-06-28;0.0;SN41480
2016-06-29;0.1;SN41480
2016-06-30;30.8;SN41480
2016-07-01;1.7;SN41480
2016-07-02;18.6;SN41480
2016-07-03;7.5;SN41480
2016-07-04;0.1;SN41480
2016-07-05;0.0;SN41480
2016-07-06;0.0;SN41480
2016-07-07;0.0;SN41480
2016-07-08;1.5;SN41480
2016-07-09;0.0;SN41480
2016-07-10;0.1;SN41480
2016-07-11;13.4;SN41480
2016-07-12;7.5;SN41480
2016-07-13;0.0;SN41480
2016-07-14;0.2;SN41480
2016-07-15;2.1;SN41480
2016-07-16;0.0;SN41480
2016-07-17;1.1;SN41480
2016-07-18;0.2;SN41480
2016-07-19;0.0;SN41480
2016-07-20;0.0;SN41480
2016-07-21;0.0;SN41480
2016-07-22;0.6;SN41480
2016-07-23;0.0;SN41480
2016-07-24;0.0;SN41480
2016-07-25;11.1;SN41480
2016-07-26;7.6;SN41480
2016-07-27;4.1;SN41480
2016-07-28;30.0;SN41480
2016-07-29;2.3;SN41480
2016-07-30;26.8;SN41480
2016-07-31;0.1;SN41480
2016-08-01;6.5;SN41480
2016-08-02;0.3;SN41480
2016-08-03;0.0;SN41480
2016-08-04;26.0;SN41480
2016-08-05;16.0;SN41480
2016-08-06;0.0;SN41480
2016-08-07;0.0;SN41480
2016-08-08;14.8;SN41480
2016-08-09;6.2;SN41480
2016-08-10;1.0;SN41480
2016-08-11;0.0;SN41480
2016-08-12;1.5;SN41480
2016-08-13;5.0;SN41480
2016-08-14;0.0;SN41480
2016-08-15;0.0;SN41480
2016-08-16;0.0;SN41480
2016-08-17;0.0;SN41480
2016-08-18;0.0;SN41480
2016-08-19;0.0;SN41480
2016-08-20;1.0;SN41480
2016-08-21;14.8;SN41480
2016-08-22;4.9;SN41480
2016-08-23;4.7;SN41480
2016-08-24;0.0;SN41480
2016-08-25;0.2;SN41480
2016-08-26;3.5;SN41480
2016-08-27;6.0;SN41480
2016-08-28;0.0;SN41480
2016-08-29;0.5;SN41480
2016-08-30;0.0;SN41480
2016-08-31;0.0;SN41480
2017-06-01;0.0;SN41480
2017-06-02;1.8;SN41480
2017-06-03;4.8;SN41480
2017-06-04;1.9;SN41480
2017-06-05;0.4;SN41480
2017-06-06;6.2;SN41480
2017-06-07;1.2;SN41480
2017-06-08;26.3;SN41480
2017-06-09;6.8;SN41480
2017-06-10;21.5;SN41480
2017-06-11;3.4;SN41480
2017-06-12;9.4;SN41480
2017-06-13;2.5;SN41480
2017-06-14;0.0;SN41480
2017-06-15;0.1;SN41480
2017-06-16;13.7;SN41480
2017-06-17;0.0;SN41480
2017-06-18;0.0;SN41480
2017-06-19;0.0;SN41480
2017-06-20;0.0;SN41480
2017-06-21;0.0;SN41480
2017-06-22;0.8;SN41480
2017-06-23;0.2;SN41480
2017-06-24;10.6;SN41480
2017-06-25;3.2;SN41480
2017-06-26;11.1;SN41480
2017-06-27;0.0;SN41480
2017-06-28;0.0;SN41480
2017-06-29;3.1;SN41480
2017-06-30;0.6;SN41480
2017-07-01;0.0;SN41480
2017-07-02;0.0;SN41480
2017-07-03;0.2;SN41480
2017-07-04;1.0;SN41480
2017-07-05;0.0;SN41480
2017-07-06;0.0;SN41480
2017-07-07;0.0;SN41480
2017-07-08;3.2;SN41480
2017-07-09;0.0;SN41480
2017-07-10;1.9;SN41480
2017-07-11;13.6;SN41480
2017-07-12;2.3;SN41480
2017-07-13;0.0;SN41480
2017-07-14;0.0;SN41480
2017-07-15;0.1;SN41480
2017-07-16;9.2;SN41480
2017-07-17;0.6;SN41480
2017-07-18;0.0;SN41480
2017-07-19;0.0;SN41480
2017-07-20;0.0;SN41480
2017-07-21;6.5;SN41480
2017-07-22;6.5;SN41480
2017-07-23;0.0;SN41480
2017-07-24;1.7;SN41480
2017-07-25;1.6;SN41480
2017-07-26;0.1;SN41480
2017-07-27;3.4;SN41480
2017-07-28;18.6;SN41480
2017-07-29;6.8;SN41480
2017-07-30;6.9;SN41480
2017-07-31;13.8;SN41480
2017-08-01;17.9;SN41480
2017-08-02;10.6;SN41480
2017-08-03;6.0;SN41480
2017-08-04;41.9;SN41480
2017-08-05;6.8;SN41480
2017-08-06;0.7;SN41480
2017-08-07;0.4;SN41480
2017-08-08;16.2;SN41480
2017-08-09;7.4;SN41480
2017-08-10;9.7;SN41480
2017-08-11;0.0;SN41480
2017-08-12;1.7;SN41480
2017-08-13;0.8;SN41480
2017-08-14;0.0;SN41480
2017-08-15;0.0;SN41480
2017-08-16;16.1;SN41480
2017-08-17;0.1;SN41480
2017-08-18;19.5;SN41480
2017-08-19;9.7;SN41480
2017-08-20;9.3;SN41480
2017-08-21;0.2;SN41480
2017-08-22;0.1;SN41480
2017-08-23;0.0;SN41480
2017-08-24;2.6;SN41480
2017-08-25;5.9;SN41480
2017-08-26;0.0;SN41480
2017-08-27;0.2;SN41480
2017-08-28;0.0;SN41480
2017-08-29;7.6;SN41480
2017-08-30;3.0;SN41480
2017-08-31;0.0;SN41480
2018-06-01;0.0;SN41480
2018-06-02;0.1;SN41480
2018-06-03;0.0;SN41480
2018-06-04;0.0;SN41480
2018-06-05;0.0;SN41480
2018-06-06;0.0;SN41480
2018-06-07;0.0;SN41480
2018-06-08;0.0;SN41480
2018-06-09;0.1;SN41480
2018-06-10;0.1;SN41480
2018-06-11;10.1;SN41480
2018-06-12;0.1;SN41480
2018-06-13;0.1;SN41480
2018-06-14;0.8;SN41480
2018-06-15;20.9;SN41480
2018-06-16;1.6;SN41480
2018-06-17;9.1;SN41480
2018-06-18;2.2;SN41480
2018-06-19;7.6;SN41480
2018-06-20;1.1;SN41480
2018-06-21;11.9;SN41480
2018-06-22;0.0;SN41480
2018-06-23;0.0;SN41480
2018-06-24;0.0;SN41480
2018-06-25;0.0;SN41480
2018-06-26;0.0;SN41480
2018-06-27;0.0;SN41480
2018-06-28;0.0;SN41480
2018-06-29;0.0;SN41480
2018-06-30;0.0;SN41480
2018-07-01;0.0;SN41480
2018-07-02;0.0;SN41480
2018-07-03;0.0;SN41480
2018-07-04;0.0;SN41480
2018-07-05;0.0;SN41480
2018-07-06;0.1;SN41480
2018-07-07;0.0;SN41480
2018-07-08;0.0;SN41480
2018-07-09;0.0;SN41480
2018-07-10;0.2;SN41480
2018-07-11;0.2;SN41480
2018-07-12;0.0;SN41480
2018-07-13;0.0;SN41480
2018-07-14;0.0;SN41480
2018-07-15;0.0;SN41480
2018-07-16;0.0;SN41480
2018-07-17;0.0;SN41480
2018-07-18;0.0;SN41480
2018-07-19;0.0;SN41480
2018-07-20;0.0;SN41480
2018-07-21;0.0;SN41480
2018-07-22;0.0;SN41480
2018-07-23;0.0;SN41480
2018-07-24;0.0;SN41480
2018-07-25;1.3;SN41480
2018-07-26;0.0;SN41480
2018-07-27;0.0;SN41480
2018-07-28;0.0;SN41480
2018-07-29;27.9;SN41480
2018-07-30;2.2;SN41480
2018-07-31;5.8;SN41480
2018-08-01;26.3;SN41480
2018-08-02;0.0;SN41480
2018-08-03;0.1;SN41480
2018-08-04;0.4;SN41480
2018-08-05;0.0;SN41480
2018-08-06;0.0;SN41480
2018-08-07;5.1;SN41480
2018-08-08;6.4;SN41480
2018-08-09;5.5;SN41480
2018-08-10;22.3;SN41480
2018-08-11;33.5;SN41480
2018-08-12;0.0;SN41480
2018-08-13;0.0;SN41480
2018-08-14;0.0;SN41480
2018-08-15;0.0;SN41480
2018-08-16;15.8;SN41480
2018-08-17;24.4;SN41480
2018-08-18;8.9;SN41480
2018-08-19;5.0;SN41480
2018-08-20;0.0;SN41480
2018-08-21;0.0;SN41480
2018-08-22;4.7;SN41480
2018-08-23;9.5;SN41480
2018-08-24;0.2;SN41480
2018-08-25;2.4;SN41480
2018-08-26;0.1;SN41480
2018-08-27;6.8;SN41480
2018-08-28;13.4;SN41480
2018-08-29;0.0;SN41480
2018-08-30;24.8;SN41480
2018-08-31;0.0;SN41480
2019-06-01;7.3;SN41480
2019-06-02;1.4;SN41480
2019-06-03;5.0;SN41480
2019-06-04;0.1;SN41480
2019-06-05;7.2;SN41480
2019-06-06;1.8;SN41480
2019-06-07;1.2;SN41480
2019-06-08;0.1;SN41480
2019-06-09;27.5;SN41480
2019-06-10;3.3;SN41480
2019-06-11;0.0;SN41480
2019-06-12;17.4;SN41480
2019-06-13;6.0;SN41480
2019-06-14;9.3;SN41480
2019-06-15;0.0;SN41480
2019-06-16;7.2;SN41480
2019-06-17;0.4;SN41480
2019-06-18;0.8;SN41480
2019-06-19;0.1;SN41480
2019-06-20;5.1;SN41480
2019-06-21;2.0;SN41480
2019-06-22;3.1;SN41480
2019-06-23;0.0;SN41480
2019-06-24;0.0;SN41480
2019-06-25;0.2;SN41480
2019-06-26;6.6;SN41480
2019-06-27;0.0;SN41480
2019-06-28;0.0;SN41480
2019-06-29;0.0;SN41480
2019-06-30;0.0;SN41480
2019-07-01;0.8;SN41480
2019-07-02;0.9;SN41480
2019-07-03;0.0;SN41480
2019-07-04;0.0;SN41480
2019-07-05;0.1;SN41480
2019-07-06;0.5;SN41480
2019-07-07;1.2;SN41480
2019-07-08;21.9;SN41480
2019-07-09;1.8;SN41480
2019-07-10;4.5;SN41480
2019-07-11;0.9;SN41480
2019-07-12;0.0;SN41480
2019-07-13;0.0;SN41480
2019-07-14;7.0;SN41480
2019-07-15;0.0;SN41480
2019-07-16;0.0;SN41480
2019-07-17;0.0;SN41480
2019-07-18;0.0;SN41480
2019-07-19;23.0;SN41480
2019-07-20;0.0;SN41480
2019-07-21;50.1;SN41480
2019-07-22;1.9;SN41480
2019-07-23;7.3;SN41480
2019-07-24;0.0;SN41480
2019-07-25;0.0;SN41480
2019-07-26;0.0;SN41480
2019-07-27;0.0;SN41480
2019-07-28;0.0;SN41480
2019-07-29;0.7;SN41480
2019-07-30;0.2;SN41480
2019-07-31;16.5;SN41480
2019-08-01;12.5;SN41480
2019-08-02;0.0;SN41480
2019-08-03;0.0;SN41480
2019-08-04;0.4;SN41480
2019-08-05;0.0;SN41480
2019-08-06;2.6;SN41480
2019-08-07;6.4;SN41480
2019-08-08;0.6;SN41480
2019-08-09;0.3;SN41480
2019-08-10;15.7;SN41480
2019-08-11;60.1;SN41480
2019-08-12;25.5;SN41480
2019-08-13;1.5;SN41480
2019-08-14;0.0;SN41480
2019-08-15;0.3;SN41480
2019-08-16;5.9;SN41480
2019-08-17;17.8;SN41480
2019-08-18;10.1;SN41480
2019-08-19;18.9;SN41480
2019-08-20;11.3;SN41480
2019-08-21;6.4;SN41480
2019-08-22;5.7;SN41480
2019-08-23;36.1;SN41480
2019-08-24;0.2;SN41480
2019-08-25;0.0;SN41480
2019-08-26;0.0;SN41480
2019-08-27;0.0;SN41480
2019-08-28;0.0;SN41480
2019-08-29;10.1;SN41480
2019-08-30;1.0;SN41480
2019-08-31;9.5;SN41480
2020-06-01;0.0;SN41480
2020-06-02;0.0;SN41480
2020-06-03;0.0;SN41480
2020-06-04;3.3;SN41480
2020-06-05;21.8;SN41480
2020-06-06;19.8;SN41480
2020-06-07;0.2;SN41480
2020-06-08;0.2;SN41480
2020-06-09;0.0;SN41480
2020-06-10;0.1;SN41480
2020-06-11;0.2;SN41480
2020-06-12;0.0;SN41480
2020-06-13;0.0;SN41480
2020-06-14;17.7;SN41480
2020-06-15;0.0;SN41480
2020-06-16;0.0;SN41480
2020-06-17;0.0;SN41480
2020-06-18;11.2;SN41480
2020-06-19;0.1;SN41480
2020-06-20;3.4;SN41480
2020-06-21;0.0;SN41480
2020-06-22;5.6;SN41480
2020-06-23;0.1;SN41480
2020-06-24;0.0;SN41480
2020-06-25;0.0;SN41480
2020-06-26;0.0;SN41480
2020-06-27;8.1;SN41480
2020-06-28;11.0;SN41480
2020-06-29;7.6;SN41480
2020-06-30;39.1;SN41480
2020-07-01;2.3;SN41480
2020-07-02;0.4;SN41480
2020-07-03;0.0;SN41480
2020-07-04;7.0;SN41480
2020-07-05;8.2;SN41480
2020-07-06;24.6;SN41480
2020-07-07;0.6;SN41480
2020-07-08;0.6;SN41480
2020-07-09;0.0;SN41480
2020-07-10;0.0;SN41480
2020-07-11;12.2;SN41480
2020-07-12;0.0;SN41480
2020-07-13;0.0;SN41480
2020-07-14;3.0;SN41480
2020-07-15;19.6;SN41480
2020-07-16;1.2;SN41480
2020-07-17;0.0;SN41480
2020-07-18;5.7;SN41480
2020-07-19;36.3;SN41480
2020-07-20;4.6;SN41480
2020-07-21;0.0;SN41480
2020-07-22;0.0;SN41480
2020-07-23;0.0;SN41480
2020-07-24;10.8;SN41480
2020-07-25;0.2;SN41480
2020-07-26;18.3;SN41480
2020-07-27;44.3;SN41480
2020-07-28;37.5;SN41480
2020-07-29;25.1;SN41480
2020-07-30;1.2;SN41480
2020-07-31;0.0;SN41480
2020-08-01;0.0;SN41480
2020-08-02;0.8;SN41480
2020-08-03;0.1;SN41480
2020-08-04;0.0;SN41480
2020-08-05;20.1;SN41480
2020-08-06;17.2;SN41480
2020-08-07;0.4;SN41480
2020-08-08;0.0;SN41480
2020-08-09;0.7;SN41480
2020-08-10;0.0;SN41480
2020-08-11;0.0;SN41480
2020-08-12;0.0;SN41480
2020-08-13;0.0;SN41480
2020-08-14;0.0;SN41480
2020-08-15;0.0;SN41480
2020-08-16;0.0;SN41480
2020-08-17;0.1;SN41480
2020-08-18;0.0;SN41480
2020-08-19;0.2;SN41480
2020-08-20;0.0;SN41480
2020-08-21;9.2;SN41480
2020-08-22;48.6;SN41480
2020-08-23;8.6;SN41480
2020-08-24;0.1;SN41480
2020-08-25;0.0;SN41480
2020-08-26;3.2;SN41480
2020-08-27;2.6;SN41480
2020-08-28;0.1;SN41480
2020-08-29;0.3;SN41480
2020-08-30;0.1;SN41480
2020-08-31;0.0;SN41480
2021-06-01;0.0;SN41480
2021-06-02;0.0;SN41480
2021-06-03;1.0;SN41480
2021-06-04;7.5;SN41480
2021-06-05;0.0;SN41480
2021-06-06;2.6;SN41480
2021-06-07;0.0;SN41480
2021-06-08;0.0;SN41480
2021-06-09;0.0;SN41480
2021-06-10;0.0;SN41480
2021-06-11;0.0;SN41480
2021-06-12;2.0;SN41480
2021-06-13;0.0;SN41480
2021-06-14;0.2;SN41480
2021-06-15;16.5;SN41480
2021-06-16;0.0;SN41480
2021-06-17;0.0;SN41480
2021-06-18;7.8;SN41480
2021-06-19;3.5;SN41480
2021-06-20;4.0;SN41480
2021-06-21;24.2;SN41480
2021-06-22;0.0;SN41480
2021-06-23;0.0;SN41480
2021-06-24;0.0;SN41480
2021-06-25;0.0;SN41480
2021-06-26;0.1;SN41480
2021-06-27;1.9;SN41480
2021-06-28;0.0;SN41480
2021-06-29;0.0;SN41480
2021-06-30;0.0;SN41480
2021-07-01;0.0;SN41480
2021-07-02;2.7;SN41480
2021-07-03;9.2;SN41480
2021-07-04;7.4;SN41480
2021-07-05;9.1;SN41480
2021-07-06;26.9;SN41480
2021-07-07;22.3;SN41480
2021-07-08;32.7;SN41480
2021-07-09;6.5;SN41480
2021-07-10;0.0;SN41480
2021-07-11;28.2;SN41480
2021-07-12;0.0;SN41480
2021-07-13;0.0;SN41480
2021-07-14;0.0;SN41480
2021-07-15;0.0;SN41480
2021-07-16;0.0;SN41480
2021-07-17;0.0;SN41480
2021-07-18;0.0;SN41480
2021-07-19;0.0;SN41480
2021-07-20;0.0;SN41480
2021-07-21;0.0;SN41480
2021-07-22;0.0;SN41480
2021-07-23;0.0;SN41480
2021-07-24;0.0;SN41480
2021-07-25;0.0;SN41480
2021-07-26;0.0;SN41480
2021-07-27;16.7;SN41480
2021-07-28;15.8;SN41480
2021-07-29;27.3;SN41480
2021-07-30;2.6;SN41480
2021-07-31;0.0;SN41480
2021-08-01;0.1;SN41480
2021-08-02;15.7;SN41480
2021-08-03;0.0;SN41480
2021-08-04;0.0;SN41480
2021-08-05;0.0;SN41480
2021-08-06;1.6;SN41480
2021-08-07;1.4;SN41480
2021-08-08;15.1;SN41480
2021-08-09;5.9;SN41480
2021-08-10;18.0;SN41480
2021-08-11;0.0;SN41480
2021-08-12;0.0;SN41480
2021-08-13;2.0;SN41480
2021-08-14;9.5;SN41480
2021-08-15;6.2;SN41480
2021-08-16;0.3;SN41480
2021-08-17;0.0;SN41480
2021-08-18;0.0;SN41480
2021-08-19;0.0;SN41480
2021-08-20;0.0;SN41480
2021-08-21;0.0;SN41480
2021-08-22;0.0;SN41480
2021-08-23;0.0;SN41480
2021-08-24;0.0;SN41480
2021-08-25;0.0;SN41480
2021-08-26;0.0;SN41480
2021-08-27;0.0;SN41480
2021-08-28;0.0;SN41480
2021-08-29;0.0;SN41480
2021-08-30;0.0;SN41480
2021-08-31;0.0;SN41480
2022-06-01;0.9;SN41480
2022-06-02;6.0;SN41480
2022-06-03;0.0;SN41480
2022-06-04;0.0;SN41480
2022-06-05;0.0;SN41480
2022-06-06;0.0;SN41480
2022-06-07;0.3;SN41480
2022-06-08;6.5;SN41480
2022-06-09;0.0;SN41480
2022-06-10;0.8;SN41480
2022-06-11;2.2;SN41480
2022-06-12;10.8;SN41480
2022-06-13;2.3;SN41480
2022-06-14;0.0;SN41480
2022-06-15;0.0;SN41480
2022-06-16;0.0;SN41480
2022-06-17;0.0;SN41480
2022-06-18;12.4;SN41480
2022-06-19;2.0;SN41480
2022-06-20;4.6;SN41480
2022-06-21;0.0;SN41480
2022-06-22;2.6;SN41480
2022-06-23;0.0;SN41480
2022-06-24;0.0;SN41480
2022-06-25;9.4;SN41480
2022-06-26;0.0;SN41480
2022-06-27;11.3;SN41480
2022-06-28;7.0;SN41480
2022-06-29;0.0;SN41480
2022-06-30;0.0;SN41480
2022-07-01;0.0;SN41480
2022-07-02;7.1;SN41480
2022-07-03;3.1;SN41480
2022-07-04;0.6;SN41480
2022-07-05;3.8;SN41480
2022-07-06;1.0;SN41480
2022-07-07;1.1;SN41480
2022-07-08;0.0;SN41480
2022-07-09;0.0;SN41480
2022-07-10;0.1;SN41480
2022-07-11;0.0;SN41480
2022-07-12;0.0;SN41480
2022-07-13;0.0;SN41480
2022-07-14;0.2;SN41480
2022-07-15;0.0;SN41480
2022-07-16;0.5;SN41480
2022-07-17;0.0;SN41480
2022-07-18;0.0;SN41480
2022-07-19;0.0;SN41480
2022-07-20;0.0;SN41480
2022-07-21;0.1;SN41480
2022-07-22;0.0;SN41480
2022-07-23;0.0;SN41480
2022-07-24;0.3;SN41480
2022-07-25;24.3;SN41480
2022-07-26;13.0;SN41480
2022-07-27;0.0;SN41480
2022-07-28;0.0;SN41480
2022-07-29;0.0;SN41480
2022-07-30;0.0;SN41480
2022-07-31;0.1;SN41480
2022-08-01;29.6;SN41480
2022-08-02;0.0;SN41480
2022-08-03;19.6;SN41480
2022-08-04;3.9;SN41480
2022-08-05;0.0;SN41480
2022-08-06;0.0;SN41480
2022-08-07;0.2;SN41480
2022-08-08;0.7;SN41480
2022-08-09;0.0;SN41480
2022-08-10;0.0;SN41480
2022-08-11;0.0;SN41480
2022-08-12;0.0;SN41480
2022-08-13;0.0;SN41480
2022-08-14;0.0;SN41480
2022-08-15;3.3;SN41480
2022-08-16;19.7;SN41480
2022-08-17;20.1;SN41480
2022-08-18;0.0;SN41480
2022-08-19;0.0;SN41480
2022-08-20;1.2;SN41480
2022-08-21;14.3;SN41480
2022-08-22;3.6;SN41480
2022-08-23;0.0;SN41480
2022-08-24;4.9;SN41480
2022-08-25;0.0;SN41480
2022-08-26;0.8;SN41480
2022-08-27;2.1;SN41480
2022-08-28;0.0;SN41480
2022-08-29;7.4;SN41480
2022-08-30;0.0;SN41480
2022-08-31;0.2;SN41480
2023-06-01;0.0;SN41480
2023-06-02;0.0;SN41480
2023-06-03;0.0;SN41480
2023-06-04;0.0;SN41480
2023-06-05;0.0;SN41480
2023-06-06;0.0;SN41480
2023-06-07;0.1;SN41480
2023-06-08;0.0;SN41480
2023-06-09;0.0;SN41480
2023-06-10;0.0;SN41480
2023-06-11;0.0;SN41480
2023-06-12;0.0;SN41480
2023-06-13;0.1;SN41480
2023-06-14;0.1;SN41480
2023-06-15;0.0;SN41480
2023-06-16;6.9;SN41480
2023-06-17;0.1;SN41480
2023-06-18;0.7;SN41480
2023-06-19;0.0;SN41480
2023-06-20;6.4;SN41480
2023-06-21;0.1;SN41480
2023-06-22;1.4;SN41480
2023-06-23;0.1;SN41480
2023-06-24;0.0;SN41480
2023-06-25;0.1;SN41480
2023-06-26;0.0;SN41480
2023-06-27;23.2;SN41480
2023-06-28;0.0;SN41480
2023-06-29;0.0;SN41480
2023-06-30;15.6;SN41480
2023-07-01;0.0;SN41480
2023-07-02;12.4;SN41480
2023-07-03;2.5;SN41480
2023-07-04;4.0;SN41480
2023-07-05;0.0;SN41480
2023-07-06;1.7;SN41480
2023-07-07;0.0;SN41480
2023-07-08;0.0;SN42520
2023-07-09;0.0;SN42520
2023-07-10;7.1;SN42520
2023-07-11;17.1;SN42520
2023-07-12;20.8;SN42520
2023-07-13;5.6;SN42520
2023-07-14;4.7;SN42520
2023-07-15;2.8;SN42520
2023-07-16;19.6;SN42520
2023-07-17;54.0;SN42520
2023-07-18;12.8;SN42520
2023-07-19;0.1;SN42520
2023-07-20;1.4;SN42520
2023-07-21;0.1;SN42520
2023-07-22;0.0;SN42520
2023-07-23;0.0;SN42520
2023-07-24;0.0;SN42520
2023-07-25;5.5;SN42520
2023-07-26;11.5;SN42520
2023-07-27;0.4;SN42520
2023-07-28;13.5;SN42520
2023-07-29;0.0;SN42520
2023-07-30;11.2;SN42520
2023-07-31;13.6;SN42520
2023-08-01;0.1;SN42520
2023-08-02;0.0;SN42520
2023-08-03;0.9;SN42520
2023-08-04;0.0;SN42520
2023-08-05;0.0;SN42520
2023-08-06;0.0;SN42520
2023-08-07;0.0;SN42520
2023-08-08;17.0;SN42520
2023-08-09;1.5;SN42520
2023-08-10;0.1;SN42520
2023-08-11;0.0;SN42520
2023-08-12;0.1;SN42520
2023-08-13;0.0;SN42520
2023-08-14;6.8;SN42520
2023-08-15;25.0;SN42520
2023-08-16;32.1;SN42520
2023-08-17;0.0;SN42520
2023-08-18;0.0;SN42520
2023-08-19;0.0;SN42520
2023-08-20;16.5;SN42520
2023-08-21;1.3;SN42520
2023-08-22;0.1;SN42520
2023-08-23;4.0;SN42520
2023-08-24;0.0;SN41480
2023-08-25;24.5;SN41480
2023-08-26;13.3;SN41480
2023-08-27;0.8;SN41480
2023-08-28;0.0;SN41480
2023-08-29;0.0;SN41480
2023-08-30;3.0;SN41480
2023-08-31;12.4;SN41480
2024-06-01;1.9;SN41480
2024-06-02;0.1;SN41480
2024-06-03;0.0;SN41480
2024-06-04;0.0;SN41480
2024-06-05;22.7;SN41480
2024-06-06;2.3;SN41480
2024-06-07;2.3;SN41480
2024-06-08;6.9;SN41480
2024-06-09;10.4;SN41480
2024-06-10;1.0;SN41480
2024-06-11;0.0;SN41480
2024-06-12;23.0;SN41480
2024-06-13;3.3;SN41480
2024-06-14;0.1;SN41480
2024-06-15;23.8;SN41480
2024-06-16;22.4;SN41480
2024-06-17;21.5;SN41480
2024-06-18;26.6;SN41480
2024-06-19;2.4;SN41480
2024-06-20;0.0;SN41480
2024-06-21;0.0;SN41480
2024-06-22;3.1;SN41480
2024-06-23;3.5;SN41480
2024-06-24;0.0;SN41480
2024-06-25;0.0;SN41480
2024-06-26;0.0;SN41480
2024-06-27;0.0;SN41480
2024-06-28;1.7;SN41480
2024-06-29;5.9;SN41480
2024-06-30;3.1;SN41480
2024-07-01;0.0;SN41480
2024-07-02;0.2;SN41480
2024-07-03;0.0;SN41480
2024-07-04;4.4;SN41480
2024-07-05;16.2;SN41480
2024-07-06;10.4;SN41480
2024-07-07;24.8;SN41480
2024-07-08;0.5;SN41480
2024-07-09;0.2;SN41480
2024-07-10;20.4;SN41480
2024-07-11;16.5;SN41480
2024-07-12;1.4;SN41480
2024-07-13;0.0;SN41480
2024-07-14;18.5;SN41480
2024-07-15;1.4;SN41480
2024-07-16;2.3;SN41480
2024-07-17;8.3;SN41480
2024-07-18;0.0;SN41480
2024-07-19;0.0;SN41480
2024-07-20;0.0;SN41480
2024-07-21;0.0;SN41480
2024-07-22;7.8;SN41480
2024-07-23;0.0;SN41480
2024-07-24;3.1;SN41480
2024-07-25;0.0;SN41480
2024-07-26;11.3;SN41480
2024-07-27;12.7;SN41480
2024-07-28;0.0;SN41480
2024-07-29;0.0;SN41480
2024-07-30;0.0;SN41480
2024-07-31;0.0;SN41480
2024-08-01;0.0;SN41480
2024-08-02;0.0;SN41480
2024-08-03;0.0;SN41480
2024-08-04;10.2;SN41480
2024-08-05;0.0;SN41480
2024-08-06;0.1;SN41480
2024-08-07;9.2;SN41480
2024-08-08;12.0;SN41480
2024-08-09;22.3;SN41480
2024-08-10;9.8;SN41480
2024-08-11;3.0;SN41480
2024-08-12;0.0;SN41480
2024-08-13;0.0;SN41480
2024-08-14;5.6;SN41480
2024-08-15;11.5;SN41480
2024-08-16;19.9;SN41480
2024-08-17;0.1;SN41480
2024-08-18;0.0;SN41480
2024-08-19;2.7;SN41480
2024-08-20;3.1;SN41480
2024-08-21;28.3;SN41480
2024-08-22;4.6;SN41480
2024-08-23;21.5;SN41480
2024-08-24;20.5;SN41480
2024-08-25;15.4;SN41480
2024-08-26;20.1;SN41480
2024-08-27;0.2;SN41480
2024-08-28;0.3;SN41480
2024-08-29;0.0;SN41480
2024-08-30;0.2;SN41480
2024-08-31;1.5;SN41480
2025-06-01;4.2;SN41480
2025-06-02;3.6;SN41480
2025-06-03;0.3;SN41480
2025-06-04;11.5;SN41480
2025-06-05;9.6;SN41480
2025-06-06;9.3;SN41480
2025-06-07;7.1;SN41480
2025-06-08;0.0;SN41480
2025-06-09;0.0;SN41480
2025-06-10;1.2;SN41480
2025-06-11;1.6;SN41480
2025-06-12;0.0;SN41480
2025-06-13;0.0;SN41480
2025-06-14;0.0;SN41480
2025-06-15;0.1;SN41480
2025-06-16;0.4;SN41480
2025-06-17;0.0;SN41480
2025-06-18;0.0;SN41480
2025-06-19;0.0;SN41480
2025-06-20;0.0;SN41480
2025-06-21;0.0;SN41480
2025-06-22;0.0;SN41480
2025-06-23;6.4;SN41480
2025-06-24;0.7;SN41480
2025-06-25;0.0;SN41480
2025-06-26;0.0;SN41480
2025-06-27;12.9;SN41480
2025-06-28;4.6;SN41480
2025-06-29;0.0;SN41480
2025-06-30;0.0;SN41480
2025-07-01;0.0;SN41480
2025-07-02;0.7;SN41480
2025-07-03;0.0;SN41480
2025-07-04;0.8;SN41480
2025-07-05;26.7;SN41480
2025-07-06;1.9;SN41480
2025-07-07;5.7;SN41480
2025-07-08;0.6;SN41480
2025-07-09;1.2;SN41480
2025-07-10;0.0;SN41480
2025-07-11;0.0;SN41480
2025-07-12;0.0;SN41480
2025-07-13;0.1;SN41480
2025-07-14;0.3;SN41480
2025-07-15;4.3;SN41480
2025-07-16;15.7;SN41480
2025-07-17;15.5;SN41480
2025-07-18;0.0;SN41480
2025-07-19;0.0;SN41480
2025-07-20;0.0;SN41480
2025-07-21;0.0;SN41480
2025-07-22;22.2;SN41480
2025-07-23;0.4;SN41480
2025-07-24;16.9;SN41480
2025-07-25;1.1;SN41480
2025-07-26;0.0;SN41480
2025-07-27;0.0;SN41480
2025-07-28;0.0;SN41480
2025-07-29;0.0;SN41480
2025-07-30;5.4;SN41480
2025-07-31;0.6;SN41480
2025-08-01;1.4;SN41480
2025-08-02;1.3;SN41480
2025-08-03;5.0;SN41480
2025-08-04;21.3;SN41480
2025-08-05;30.8;SN41480
2025-08-06;17.8;SN41480
2025-08-07;0.0;SN41480
2025-08-08;7.3;SN41480
2025-08-09;0.1;SN41480
2025-08-10;13.1;SN41480
2025-08-11;0.0;SN41480
2025-08-12;0.9;SN41480
2025-08-13;0.0;SN41480
2025-08-14;0.0;SN41480
2025-08-15;4.1;SN41480
2025-08-16;0.0;SN41480
2025-08-17;0.0;SN41480
2025-08-18;0.0;SN41480
2025-08-19;0.0;SN41480
2025-08-20;1.1;SN41480
2025-08-21;0.0;SN41480
2025-08-22;0.0;SN41480
2025-08-23;0.0;SN41480
2025-08-24;0.0;SN41480
2025-08-25;0.0;SN41480
2025-08-26;0.0;SN41480
2025-08-27;0.2;SN41480
2025-08-28;0.2;SN41480
2025-08-29;47.0;SN41480
2025-08-30;2.3;SN41480
2025-08-31;5.7;SN41480
