# Observert dognnedbor, audna. Element sum(precipitation_amount P1D), timeOffset PT6H.
# Dognet gaar fra 06 UTC dagen for til 06 UTC paa datoen.
# Primaer SN41175 (Laudal - Kleiven, 2.4 km), reserve SN41860 (Kvineshei - Sorhelle, 24.6 km).
# Kun kvalitetskode 0-2. Tom mm betyr ingen godkjent maaling.
# Kilde: Meteorologisk institutt (CC BY 4.0).
dato;mm;kilde
2016-06-01;0.0;SN41860
2016-06-02;0.0;SN41860
2016-06-03;0.0;SN41860
2016-06-04;0.0;SN41860
2016-06-05;0.0;SN41860
2016-06-06;0.0;SN41860
2016-06-07;0.0;SN41860
2016-06-08;0.0;SN41860
2016-06-09;0.0;SN41860
2016-06-10;0.0;SN41860
2016-06-11;0.8;SN41860
2016-06-12;4.6;SN41860
2016-06-13;0.7;SN41860
2016-06-14;0.0;SN41860
2016-06-15;0.6;SN41860
2016-06-16;12.2;SN41860
2016-06-17;18.1;SN41860
2016-06-18;1.0;SN41860
2016-06-19;0.0;SN41860
2016-06-20;0.2;SN41860
2016-06-21;45.0;SN41860
2016-06-22;0.0;SN41860
2016-06-23;0.1;SN41860
2016-06-24;0.5;SN41860
2016-06-25;5.2;SN41860
2016-06-26;11.0;SN41860
2016-06-27;15.3;SN41860
2016-06-28;5.3;SN41860
2016-06-29;0.3;SN41860
2016-06-30;33.5;SN41860
2016-07-01;10.4;SN41860
2016-07-02;9.8;SN41175
2016-07-03;7.0;SN41175
2016-07-04;0.0;SN41175
2016-07-05;0.1;SN41860
2016-07-06;1.2;SN41175
2016-07-07;0.0;SN41175
2016-07-08;2.9;SN41175
2016-07-09;0.0;SN41175
2016-07-10;1.1;SN41175
2016-07-11;9.8;SN41175
2016-07-12;5.7;SN41175
2016-07-13;0.2;SN41175
2016-07-14;0.3;SN41860
2016-07-15;13.4;SN41175
2016-07-16;0.4;SN41175
2016-07-17;0.1;SN41175
2016-07-18;0.2;SN41860
2016-07-19;0.0;SN41175
2016-07-20;0.0;SN41175
2016-07-21;0.0;SN41175
2016-07-22;0.0;SN41175
2016-07-23;0.0;SN41175
2016-07-24;0.0;SN41175
2016-07-25;10.1;SN41175
2016-07-26;6.1;SN41175
2016-07-27;4.9;SN41175
2016-07-28;20.2;SN41175
2016-07-29;0.1;SN41175
2016-07-30;14.0;SN41175
2016-07-31;0.6;SN41175
2016-08-01;2.1;SN41175
2016-08-02;0.7;SN41175
2016-08-03;0.3;SN41860
2016-08-04;34.3;SN41175
2016-08-05;26.3;SN41175
2016-08-06;0.1;SN41175
2016-08-07;0.1;SN41175
2016-08-08;17.6;SN41175
2016-08-09;7.2;SN41175
2016-08-10;0.0;SN41175
2016-08-11;0.0;SN41860
2016-08-12;0.1;SN41175
2016-08-13;6.4;SN41175
2016-08-14;2.0;SN41175
2016-08-15;0.0;SN41175
2016-08-16;0.0;SN41175
2016-08-17;0.0;SN41175
2016-08-18;0.0;SN41175
2016-08-19;0.0;SN41175
2016-08-20;3.3;SN41175
2016-08-21;15.5;SN41175
2016-08-22;18.7;SN41175
2016-08-23;0.3;SN41175
2016-08-24;0.0;SN41175
2016-08-25;0.1;SN41175
2016-08-26;7.5;SN41175
2016-08-27;1.6;SN41175
2016-08-28;0.0;SN41860
2016-08-29;1.7;SN41175
2016-08-30;0.0;SN41175
2016-08-31;0.0;SN41175
2017-06-01;0.0;SN41175
2017-06-02;1.4;SN41175
2017-06-03;4.5;SN41175
2017-06-04;0.9;SN41175
2017-06-05;0.5;SN41175
2017-06-06;2.8;SN41175
2017-06-07;12.0;SN41175
2017-06-08;21.0;SN41175
2017-06-09;6.6;SN41175
2017-06-10;13.5;SN41175
2017-06-11;2.5;SN41175
2017-06-12;5.4;SN41175
2017-06-13;3.5;SN41175
2017-06-14;0.0;SN41175
2017-06-15;0.0;SN41175
2017-06-16;15.0;SN41175
2017-06-17;0.0;SN41175
2017-06-18;0.0;SN41175
2017-06-19;0.0;SN41175
2017-06-20;0.1;SN41175
2017-06-21;0.0;SN41175
2017-06-22;1.5;SN41175
2017-06-23;1.5;SN41175
2017-06-24;3.1;SN41175
2017-06-25;4.1;SN41175
2017-06-26;5.0;SN41175
2017-06-27;0.0;SN41175
2017-06-28;0.0;SN41175
2017-06-29;3.4;SN41175
2017-06-30;0.0;SN41175
2017-07-01;0.0;SN41175
2017-07-02;0.0;SN41175
2017-07-03;0.1;SN41175
2017-07-04;1.3;SN41175
2017-07-05;0.0;SN41175
2017-07-06;0.0;SN41175
2017-07-07;0.1;SN41175
2017-07-08;3.1;SN41175
2017-07-09;0.0;SN41175
2017-07-10;0.9;SN41175
2017-07-11;10.1;SN41175
2017-07-12;4.5;SN41175
2017-07-13;0.0;SN41175
2017-07-14;0.0;SN41175
2017-07-15;0.0;SN41175
2017-07-16;8.0;SN41175
2017-07-17;0.2;SN41175
2017-07-18;0.1;SN41175
2017-07-19;0.0;SN41175
2017-07-20;0.0;SN41175
2017-07-21;17.6;SN41175
2017-07-22;8.9;SN41175
2017-07-23;2.0;SN41175
2017-07-24;3.1;SN41175
2017-07-25;0.3;SN41175
2017-07-26;0.0;SN41175
2017-07-27;2.1;SN41175
2017-07-28;11.6;SN41175
2017-07-29;2.0;SN41175
2017-07-30;12.7;SN41175
2017-07-31;18.1;SN41175
2017-08-01;15.2;SN41175
2017-08-02;16.9;SN41175
2017-08-03;8.1;SN41175
2017-08-04;44.5;SN41175
2017-08-05;38.3;SN41175
2017-08-06;0.2;SN41175
2017-08-07;0.1;SN41175
2017-08-08;17.4;SN41175
2017-08-09;5.1;SN41175
2017-08-10;5.1;SN41175
2017-08-11;0.0;SN41175
2017-08-12;2.0;SN41175
2017-08-13;0.3;SN41175
2017-08-14;0.0;SN41175
2017-08-15;0.1;SN41175
2017-08-16;16.0;SN41175
2017-08-17;0.0;SN41175
2017-08-18;20.1;SN41175
2017-08-19;11.2;SN41175
2017-08-20;13.3;SN41175
2017-08-21;3.0;SN41175
2017-08-22;0.0;SN41175
2017-08-23;0.0;SN41175
2017-08-24;3.6;SN41175
2017-08-25;12.2;SN41175
2017-08-26;0.0;SN41175
2017-08-27;1.0;SN41175
2017-08-28;0.0;SN41175
2017-08-29;4.0;SN41175
2017-08-30;2.2;SN41175
2017-08-31;0.1;SN41175
2018-06-01;0.0;SN41175
2018-06-02;0.0;SN41175
2018-06-03;0.0;SN41175
2018-06-04;0.0;SN41175
2018-06-05;0.0;SN41175
2018-06-06;0.0;SN41175
2018-06-07;0.0;SN41175
2018-06-08;0.0;SN41175
2018-06-09;0.0;SN41175
2018-06-10;0.1;SN41175
2018-06-11;5.1;SN41175
2018-06-12;0.7;SN41175
2018-06-13;0.0;SN41175
2018-06-14;0.6;SN41175
2018-06-15;17.2;SN41175
2018-06-16;0.1;SN41175
2018-06-17;8.1;SN41175
2018-06-18;3.2;SN41175
2018-06-19;3.3;SN41175
2018-06-20;0.9;SN41175
2018-06-21;19.2;SN41175
2018-06-22;0.0;SN41175
2018-06-23;0.0;SN41175
2018-06-24;0.0;SN41175
2018-06-25;0.0;SN41175
2018-06-26;0.0;SN41175
2018-06-27;0.0;SN41175
2018-06-28;0.0;SN41175
2018-06-29;0.0;SN41175
2018-06-30;0.0;SN41175
2018-07-01;0.0;SN41175
2018-07-02;0.0;SN41175
2018-07-03;0.0;SN41175
2018-07-04;0.0;SN41175
2018-07-05;0.0;SN41175
2018-07-06;0.0;SN41175
2018-07-07;0.0;SN41175
2018-07-08;0.0;SN41175
2018-07-09;0.0;SN41175
2018-07-10;11.6;SN41175
2018-07-11;0.0;SN41175
2018-07-12;0.0;SN41175
2018-07-13;0.8;SN41175
2018-07-14;0.0;SN41175
2018-07-15;0.0;SN41175
2018-07-16;0.0;SN41175
2018-07-17;0.0;SN41175
2018-07-18;0.0;SN41175
2018-07-19;0.0;SN41175
2018-07-20;0.0;SN41175
2018-07-21;0.0;SN41175
2018-07-22;0.0;SN41175
2018-07-23;0.0;SN41175
2018-07-24;0.0;SN41175
2018-07-25;0.0;SN41175
2018-07-26;0.0;SN41175
2018-07-27;0.0;SN41175
2018-07-28;0.0;SN41175
2018-07-29;32.6;SN41175
2018-07-30;1.1;SN41175
2018-07-31;9.6;SN41175
2018-08-01;31.7;SN41175
2018-08-02;0.0;SN41175
2018-08-03;0.1;SN41175
2018-08-04;0.0;SN41175
2018-08-05;0.0;SN41175
2018-08-06;0.0;SN41175
2018-08-07;6.8;SN41175
2018-08-08;8.2;SN41175
2018-08-09;4.5;SN41175
2018-08-10;22.5;SN41175
2018-08-11;25.6;SN41175
2018-08-12;0.0;SN41175
2018-08-13;0.0;SN41175
2018-08-14;1.0;SN41175
2018-08-15;0.0;SN41175
2018-08-16;9.6;SN41175
2018-08-17;24.6;SN41175
2018-08-18;7.8;SN41175
2018-08-19;4.6;SN41175
2018-08-20;0.5;SN41175
2018-08-21;0.0;SN41175
2018-08-22;6.0;SN41175
2018-08-23;5.0;SN41175
2018-08-24;1.6;SN41175
2018-08-25;3.6;SN41175
2018-08-26;3.8;SN41175
2018-08-27;14.6;SN41175
2018-08-28;20.5;SN41175
2018-08-29;0.1;SN41175
2018-08-30;9.6;SN41175
2018-08-31;0.0;SN41175
2019-06-01;8.5;SN41175
2019-06-02;0.9;SN41175
2019-06-03;3.5;SN41175
2019-06-04;0.1;SN41175
2019-06-05;10.7;SN41175
2019-06-06;4.8;SN41175
2019-06-07;3.5;SN41175
2019-06-08;0.1;SN41175
2019-06-09;29.8;SN41175
2019-06-10;3.4;SN41175
2019-06-11;0.0;SN41175
2019-06-12;20.5;SN41175
2019-06-13;7.7;SN41175
2019-06-14;11.0;SN41175
2019-06-15;0.0;SN41175
2019-06-16;4.8;SN41175
2019-06-17;0.0;SN41175
2019-06-18;0.7;SN41175
2019-06-19;0.0;SN41175
2019-06-20;6.6;SN41175
2019-06-21;1.7;SN41175
2019-06-22;7.8;SN41175
2019-06-23;0.0;SN41175
2019-06-24;0.0;SN41175
2019-06-25;0.1;SN41175
2019-06-26;13.0;SN41175
2019-06-27;0.0;SN41175
2019-06-28;0.0;SN41175
2019-06-29;0.0;SN41175
2019-06-30;0.0;SN41175
2019-07-01;4.2;SN41175
2019-07-02;3.2;SN41175
2019-07-03;0.0;SN41175
2019-07-04;0.4;SN41175
2019-07-05;0.5;SN41175
2019-07-06;2.0;SN41175
2019-07-07;4.1;SN41175
2019-07-08;18.5;SN41175
2019-07-09;0.1;SN41175
2019-07-10;0.7;SN41175
2019-07-11;0.0;SN41175
2019-07-12;0.0;SN41175
2019-07-13;0.0;SN41175
2019-07-14;0.4;SN41175
2019-07-15;0.0;SN41175
2019-07-16;0.0;SN41175
2019-07-17;0.0;SN41175
2019-07-18;0.1;SN41175
2019-07-19;19.2;SN41175
2019-07-20;0.1;SN41175
2019-07-21;52.0;SN41175
2019-07-22;1.3;SN41175
2019-07-23;9.6;SN41175
2019-07-24;0.0;SN41175
2019-07-25;0.0;SN41175
2019-07-26;0.0;SN41175
2019-07-27;0.0;SN41175
2019-07-28;0.0;SN41175
2019-07-29;1.6;SN41175
2019-07-30;0.4;SN41175
2019-07-31;10.8;SN41175
2019-08-01;13.3;SN41175
2019-08-02;0.0;SN41175
2019-08-03;0.0;SN41175
2019-08-04;0.0;SN41175
2019-08-05;0.0;SN41175
2019-08-06;7.1;SN41175
2019-08-07;5.4;SN41175
2019-08-08;0.7;SN41175
2019-08-09;7.6;SN41175
2019-08-10;18.6;SN41175
2019-08-11;42.7;SN41175
2019-08-12;33.1;SN41175
2019-08-13;1.3;SN41175
2019-08-14;0.0;SN41175
2019-08-15;0.0;SN41175
2019-08-16;13.1;SN41175
2019-08-17;27.6;SN41175
2019-08-18;12.9;SN41175
2019-08-19;14.1;SN41175
2019-08-20;15.3;SN41175
2019-08-21;2.0;SN41175
2019-08-22;2.6;SN41175
2019-08-23;31.1;SN41175
2019-08-24;0.2;SN41175
2019-08-25;0.0;SN41175
2019-08-26;0.0;SN41175
2019-08-27;0.0;SN41175
2019-08-28;0.0;SN41175
2019-08-29;0.2;SN41175
2019-08-30;0.9;SN41175
2019-08-31;6.5;SN41175
2020-06-01;0.0;SN41175
2020-06-02;0.0;SN41175
2020-06-03;0.0;SN41175
2020-06-04;5.2;SN41175
2020-06-05;47.7;SN41175
2020-06-06;16.3;SN41175
2020-06-07;0.0;SN41175
2020-06-08;0.3;SN41175
2020-06-09;0.0;SN41175
2020-06-10;0.0;SN41175
2020-06-11;1.2;SN41175
2020-06-12;0.0;SN41175
2020-06-13;0.1;SN41175
2020-06-14;19.2;SN41175
2020-06-15;0.0;SN41175
2020-06-16;0.0;SN41175
2020-06-17;0.0;SN41175
2020-06-18;2.5;SN41175
2020-06-19;0.0;SN41175
2020-06-20;1.9;SN41175
2020-06-21;15.3;SN41175
2020-06-22;2.6;SN41175
2020-06-23;0.0;SN41175
2020-06-24;0.0;SN41175
2020-06-25;0.0;SN41175
2020-06-26;0.0;SN41175
2020-06-27;1.9;SN41175
2020-06-28;5.9;SN41175
2020-06-29;4.9;SN41175
2020-06-30;39.3;SN41175
2020-07-01;5.6;SN41175
2020-07-02;0.0;SN41175
2020-07-03;0.0;SN41175
2020-07-04;8.1;SN41175
2020-07-05;7.3;SN41175
2020-07-06;20.1;SN41175
2020-07-07;0.5;SN41175
2020-07-08;1.0;SN41175
2020-07-09;0.0;SN41175
2020-07-10;0.0;SN41175
2020-07-11;22.9;SN41175
2020-07-12;0.0;SN41175
2020-07-13;0.1;SN41175
2020-07-14;4.8;SN41175
2020-07-15;4.9;SN41175
2020-07-16;3.0;SN41175
2020-07-17;0.0;SN41175
2020-07-18;1.7;SN41175
2020-07-19;25.4;SN41175
2020-07-20;8.6;SN41175
2020-07-21;0.0;SN41175
2020-07-22;0.0;SN41175
2020-07-23;0.0;SN41175
2020-07-24;35.1;SN41175
2020-07-25;0.2;SN41175
2020-07-26;16.2;SN41175
2020-07-27;23.6;SN41175
2020-07-28;62.0;SN41175
2020-07-29;23.0;SN41175
2020-07-30;1.7;SN41175
2020-07-31;0.0;SN41175
2020-08-01;0.0;SN41175
2020-08-02;0.2;SN41175
2020-08-03;0.0;SN41175
2020-08-04;0.0;SN41175
2020-08-05;16.1;SN41175
2020-08-06;13.6;SN41175
2020-08-07;0.0;SN41175
2020-08-08;0.0;SN41175
2020-08-09;0.1;SN41175
2020-08-10;0.0;SN41175
2020-08-11;0.0;SN41175
2020-08-12;0.0;SN41175
2020-08-13;0.0;SN41175
2020-08-14;0.0;SN41175
2020-08-15;0.0;SN41175
2020-08-16;0.0;SN41175
2020-08-17;0.0;SN41175
2020-08-18;0.0;SN41175
2020-08-19;3.2;SN41175
2020-08-20;3.0;SN41175
2020-08-21;18.8;SN41175
2020-08-22;16.0;SN41175
2020-08-23;11.0;SN41175
2020-08-24;0.0;SN41175
2020-08-25;0.0;SN41175
2020-08-26;0.9;SN41175
2020-08-27;0.6;SN41175
2020-08-28;0.5;SN41175
2020-08-29;2.4;SN41175
2020-08-30;2.5;SN41175
2020-08-31;0.0;SN41175
2021-06-01;0.0;SN41175
2021-06-02;0.0;SN41175
2021-06-03;0.5;SN41175
2021-06-04;38.2;SN41175
2021-06-05;0.0;SN41175
2021-06-06;2.2;SN41175
2021-06-07;0.2;SN41175
2021-06-08;0.0;SN41175
2021-06-09;0.0;SN41175
2021-06-10;0.0;SN41175
2021-06-11;0.0;SN41175
2021-06-12;1.9;SN41175
2021-06-13;0.0;SN41175
2021-06-14;1.7;SN41175
2021-06-15;23.6;SN41175
2021-06-16;0.0;SN41175
2021-06-17;0.0;SN41175
2021-06-18;12.5;SN41175
2021-06-19;1.7;SN41175
2021-06-20;2.2;SN41175
2021-06-21;23.1;SN41175
2021-06-22;1.2;SN41175
2021-06-23;0.1;SN41175
2021-06-24;0.0;SN41175
2021-06-25;0.0;SN41175
2021-06-26;0.0;SN41175
2021-06-27;0.0;SN41175
2021-06-28;0.0;SN41175
2021-06-29;0.0;SN41175
2021-06-30;0.0;SN41175
2021-07-01;0.0;SN41175
2021-07-02;2.6;SN41175
2021-07-03;1.0;SN41175
2021-07-04;4.7;SN41175
2021-07-05;10.6;SN41175
2021-07-06;23.5;SN41175
2021-07-07;18.6;SN41175
2021-07-08;41.4;SN41175
2021-07-09;5.6;SN41175
2021-07-10;0.0;SN41175
2021-07-11;0.1;SN41175
2021-07-12;0.0;SN41175
2021-07-13;0.0;SN41175
2021-07-14;0.0;SN41175
2021-07-15;0.0;SN41175
2021-07-16;0.0;SN41175
2021-07-17;0.0;SN41175
2021-07-18;0.0;SN41175
2021-07-19;0.0;SN41175
2021-07-20;0.0;SN41175
2021-07-21;0.0;SN41175
2021-07-22;0.0;SN41175
2021-07-23;0.0;SN41175
2021-07-24;0.0;SN41175
2021-07-25;0.0;SN41175
2021-07-26;0.0;SN41175
2021-07-27;14.6;SN41175
2021-07-28;3.2;SN41175
2021-07-29;22.8;SN41175
2021-07-30;10.2;SN41175
2021-07-31;0.0;SN41175
2021-08-01;0.0;SN41175
2021-08-02;3.5;SN41175
2021-08-03;0.0;SN41175
2021-08-04;0.0;SN41175
2021-08-05;0.0;SN41175
2021-08-06;0.5;SN41175
2021-08-07;0.2;SN41175
2021-08-08;18.3;SN41175
2021-08-09;15.5;SN41175
2021-08-10;16.0;SN41175
2021-08-11;0.1;SN41175
2021-08-12;0.0;SN41175
2021-08-13;0.6;SN41175
2021-08-14;7.0;SN41175
2021-08-15;11.2;SN41175
2021-08-16;1.5;SN41175
2021-08-17;1.0;SN41175
2021-08-18;0.0;SN41175
2021-08-19;0.0;SN41175
2021-08-20;0.0;SN41175
2021-08-21;0.0;SN41175
2021-08-22;0.0;SN41175
2021-08-23;0.0;SN41175
2021-08-24;0.0;SN41175
2021-08-25;1.5;SN41175
2021-08-26;0.0;SN41175
2021-08-27;0.0;SN41175
2021-08-28;0.0;SN41175
2021-08-29;0.0;SN41175
2021-08-30;0.0;SN41175
2021-08-31;0.0;SN41175
2022-06-01;2.5;SN41175
2022-06-02;0.6;SN41175
2022-06-03;0.1;SN41175
2022-06-04;0.0;SN41175
2022-06-05;0.0;SN41175
2022-06-06;0.0;SN41175
2022-06-07;1.9;SN41175
2022-06-08;6.7;SN41175
2022-06-09;0.0;SN41175
2022-06-10;3.0;SN41175
2022-06-11;2.2;SN41175
2022-06-12;3.4;SN41175
2022-06-13;0.4;SN41175
2022-06-14;0.0;SN41175
2022-06-15;0.0;SN41175
2022-06-16;0.0;SN41175
2022-06-17;0.0;SN41175
2022-06-18;9.8;SN41175
2022-06-19;0.0;SN41175
2022-06-20;6.4;SN41175
2022-06-21;0.0;SN41175
2022-06-22;0.0;SN41175
2022-06-23;0.1;SN41175
2022-06-24;0.0;SN41175
2022-06-25;0.0;SN41175
2022-06-26;0.0;SN41175
2022-06-27;10.6;SN41175
2022-06-28;6.5;SN41175
2022-06-29;0.0;SN41175
2022-06-30;0.0;SN41175
2022-07-01;0.0;SN41175
2022-07-02;1.3;SN41175
2022-07-03;5.6;SN41175
2022-07-04;1.8;SN41175
2022-07-05;6.3;SN41175
2022-07-06;0.1;SN41175
2022-07-07;1.4;SN41175
2022-07-08;0.0;SN41175
2022-07-09;0.0;SN41175
2022-07-10;0.0;SN41175
2022-07-11;0.0;SN41175
2022-07-12;0.0;SN41175
2022-07-13;0.4;SN41175
2022-07-14;0.3;SN41175
2022-07-15;0.0;SN41175
2022-07-16;0.1;SN41175
2022-07-17;0.0;SN41175
2022-07-18;0.3;SN41175
2022-07-19;0.0;SN41175
2022-07-20;0.0;SN41175
2022-07-21;0.7;SN41175
2022-07-22;0.0;SN41175
2022-07-23;0.0;SN41175
2022-07-24;1.0;SN41175
2022-07-25;15.3;SN41175
2022-07-26;10.1;SN41175
2022-07-27;0.0;SN41175
2022-07-28;0.0;SN41175
2022-07-29;0.0;SN41175
2022-07-30;1.0;SN41175
2022-07-31;0.0;SN41175
2022-08-01;20.8;SN41175
2022-08-02;0.0;SN41175
2022-08-03;19.6;SN41175
2022-08-04;0.6;SN41175
2022-08-05;0.0;SN41175
2022-08-06;0.0;SN41175
2022-08-07;1.1;SN41175
2022-08-08;1.4;SN41175
2022-08-09;0.0;SN41175
2022-08-10;0.0;SN41175
2022-08-11;0.0;SN41175
2022-08-12;0.0;SN41175
2022-08-13;0.0;SN41175
2022-08-14;0.0;SN41175
2022-08-15;3.9;SN41175
2022-08-16;10.0;SN41175
2022-08-17;3.6;SN41175
2022-08-18;0.0;SN41175
2022-08-19;0.0;SN41175
2022-08-20;1.0;SN41175
2022-08-21;15.2;SN41175
2022-08-22;3.9;SN41175
2022-08-23;0.0;SN41175
2022-08-24;4.4;SN41175
2022-08-25;0.2;SN41175
2022-08-26;0.0;SN41175
2022-08-27;12.4;SN41175
2022-08-28;0.0;SN41175
2022-08-29;2.5;SN41175
2022-08-30;0.1;SN41175
2022-08-31;1.7;SN41175
2023-06-01;0.0;SN41175
2023-06-02;0.0;SN41175
2023-06-03;0.0;SN41175
2023-06-04;0.0;SN41175
2023-06-05;0.0;SN41175
2023-06-06;0.0;SN41175
2023-06-07;0.0;SN41175
2023-06-08;0.0;SN41175
2023-06-09;0.0;SN41175
2023-06-10;0.0;SN41175
2023-06-11;0.0;SN41175
2023-06-12;0.0;SN41175
2023-06-13;0.0;SN41175
2023-06-14;0.0;SN41175
2023-06-15;0.0;SN41175
2023-06-16;0.0;SN41175
2023-06-17;0.0;SN41175
2023-06-18;0.0;SN41175
2023-06-19;1.1;SN41175
2023-06-20;4.6;SN41175
2023-06-21;1.2;SN41175
2023-06-22;1.7;SN41175
2023-06-23;0.0;SN41175
2023-06-24;0.0;SN41175
2023-06-25;0.0;SN41175
2023-06-26;0.0;SN41175
2023-06-27;22.7;SN41175
2023-06-28;0.0;SN41175
2023-06-29;0.1;SN41175
2023-06-30;11.3;SN41175
2023-07-01;0.1;SN41175
2023-07-02;16.2;SN41175
2023-07-03;2.3;SN41175
2023-07-04;12.2;SN41175
2023-07-05;1.5;SN41175
2023-07-06;9.3;SN41175
2023-07-07;0.1;SN41175
2023-07-08;0.0;SN41175
2023-07-09;0.0;SN41175
2023-07-10;7.0;SN41175
2023-07-11;27.5;SN41175
2023-07-12;17.5;SN41175
2023-07-13;5.1;SN41175
2023-07-14;2.5;SN41175
2023-07-15;1.7;SN41175
2023-07-16;15.6;SN41175
2023-07-17;21.7;SN41175
2023-07-18;3.7;SN41175
2023-07-19;0.0;SN41175
2023-07-20;0.2;SN41175
2023-07-21;0.0;SN41175
2023-07-22;0.0;SN41175
2023-07-23;0.0;SN41175
2023-07-24;7.6;SN41175
2023-07-25;3.8;SN41175
2023-07-26;4.7;SN41175
2023-07-27;5.5;SN41175
2023-07-28;21.5;SN41175
2023-07-29;0.0;SN41175
2023-07-30;5.6;SN41175
2023-07-31;10.0;SN41175
2023-08-01;0.0;SN41175
2023-08-02;0.1;SN41175
2023-08-03;0.2;SN41175
2023-08-04;13.5;SN41175
2023-08-05;0.0;SN41175
2023-08-06;0.0;SN41175
2023-08-07;0.0;SN41175
2023-08-08;17.5;SN41175
2023-08-09;2.3;SN41175
2023-08-10;0.1;SN41175
2023-08-11;0.0;SN41175
2023-08-12;0.4;SN41175
2023-08-13;11.5;SN41175
2023-08-14;9.3;SN41175
2023-08-15;16.1;SN41175
2023-08-16;18.1;SN41175
2023-08-17;0.1;SN41175
2023-08-18;0.1;SN41175
2023-08-19;0.0;SN41175
2023-08-20;33.1;SN41175
2023-08-21;0.1;SN41175
2023-08-22;0.0;SN41175
2023-08-23;0.7;SN41175
2023-08-24;1.4;SN41175
2023-08-25;18.7;SN41175
2023-08-26;5.8;SN41175
2023-08-27;0.1;SN41175
2023-08-28;0.0;SN41175
2023-08-29;0.2;SN41175
2023-08-30;2.5;SN41175
2023-08-31;14.6;SN41175
2024-06-01;3.8;SN41175
2024-06-02;0.9;SN41175
2024-06-03;1.4;SN41175
2024-06-04;0.0;SN41175
2024-06-05;27.9;SN41175
2024-06-06;8.3;SN41175
2024-06-07;5.8;SN41175
2024-06-08;11.5;SN41175
2024-06-09;10.0;SN41175
2024-06-10;2.4;SN41175
2024-06-11;0.0;SN41175
2024-06-12;5.5;SN41175
2024-06-13;0.2;SN41175
2024-06-14;0.3;SN41175
2024-06-15;27.2;SN41175
2024-06-16;37.5;SN41175
2024-06-17;17.8;SN41175
2024-06-18;9.0;SN41175
2024-06-19;0.8;SN41175
2024-06-20;0.0;SN41175
2024-06-21;0.0;SN41175
2024-06-22;1.1;SN41175
2024-06-23;3.3;SN41175
2024-06-24;0.0;SN41175
2024-06-25;0.0;SN41175
2024-06-26;0.0;SN41175
2024-06-27;0.0;SN41175
2024-06-28;0.2;SN41175
2024-06-29;7.1;SN41175
2024-06-30;3.6;SN41175
2024-07-01;0.0;SN41175
2024-07-02;0.3;SN41175
2024-07-03;0.0;SN41175
2024-07-04;5.5;SN41175
2024-07-05;18.9;SN41175
2024-07-06;17.4;SN41175
2024-07-07;10.5;SN41175
2024-07-08;0.4;SN41175
2024-07-09;0.6;SN41175
2024-07-10;19.1;SN41175
2024-07-11;10.6;SN41175
2024-07-12;2.2;SN41175
2024-07-13;0.0;SN41175
2024-07-14;6.2;SN41175
2024-07-15;16.5;SN41175
2024-07-16;8.2;SN41175
2024-07-17;9.5;SN41175
2024-07-18;0.0;SN41175
2024-07-19;0.0;SN41175
2024-07-20;0.0;SN41175
2024-07-21;0.0;SN41175
2024-07-22;6.0;SN41175
2024-07-23;0.0;SN41175
2024-07-24;0.5;SN41175
2024-07-25;0.0;SN41175
2024-07-26;14.0;SN41175
2024-07-27;6.0;SN41175
2024-07-28;0.0;SN41175
2024-07-29;0.0;SN41175
2024-07-30;0.1;SN41175
2024-07-31;0.0;SN41175
2024-08-01;0.0;SN41175
2024-08-02;0.0;SN41175
2024-08-03;0.0;SN41175
2024-08-04;2.8;SN41175
2024-08-05;0.0;SN41175
2024-08-06;0.0;SN41175
2024-08-07;2.5;SN41175
2024-08-08;12.8;SN41175
2024-08-09;16.7;SN41175
2024-08-10;12.7;SN41175
2024-08-11;2.1;SN41175
2024-08-12;0.0;SN41175
2024-08-13;0.1;SN41175
2024-08-14;2.1;SN41175
2024-08-15;7.1;SN41175
2024-08-16;18.9;SN41175
2024-08-17;0.1;SN41175
2024-08-18;0.8;SN41175
2024-08-19;1.6;SN41175
2024-08-20;0.4;SN41175
2024-08-21;33.3;SN41175
2024-08-22;5.2;SN41175
2024-08-23;27.0;SN41175
2024-08-24;20.9;SN41175
2024-08-25;17.6;SN41175
2024-08-26;31.2;SN41175
2024-08-27;3.0;SN41175
2024-08-28;0.1;SN41175
2024-08-29;0.0;SN41175
2024-08-30;3.5;SN41175
2024-08-31;1.4;SN41175
2025-06-01;5.2;SN41175
2025-06-02;4.2;SN41175
2025-06-03;0.1;SN41175
2025-06-04;12.0;SN41175
2025-06-05;3.5;SN41175
2025-06-06;11.7;SN41175
2025-06-07;8.1;SN41175
2025-06-08;0.0;SN41175
2025-06-09;0.0;SN41175
2025-06-10;1.8;SN41175
2025-06-11;4.5;SN41175
2025-06-12;0.0;SN41175
2025-06-13;0.0;SN41175
2025-06-14;0.0;SN41175
2025-06-15;0.3;SN41175
2025-06-16;0.1;SN41175
2025-06-17;0.0;SN41175
2025-06-18;0.0;SN41175
2025-06-19;0.0;SN41175
2025-06-20;0.0;SN41175
2025-06-21;0.0;SN41175
2025-06-22;0.0;SN41175
2025-06-23;11.3;SN41175
2025-06-24;1.5;SN41175
2025-06-25;0.1;SN41175
2025-06-26;0.0;SN41175
2025-06-27;16.5;SN41175
2025-06-28;8.1;SN41175
2025-06-29;0.3;SN41175
2025-06-30;0.0;SN41175
2025-07-01;0.0;SN41175
2025-07-02;2.1;SN41175
2025-07-03;0.7;SN41175
2025-07-04;3.5;SN41175
2025-07-05;24.1;SN41175
2025-07-06;2.3;SN41175
2025-07-07;4.5;SN41175
2025-07-08;0.1;SN41175
2025-07-09;0.0;SN41175
2025-07-10;0.0;SN41175
2025-07-11;0.0;SN41175
2025-07-12;0.0;SN41175
2025-07-13;1.3;SN41175
2025-07-14;0.0;SN41175
2025-07-15;0.1;SN41175
2025-07-16;0.4;SN41175
2025-07-17;4.9;SN41175
2025-07-18;0.0;SN41175
2025-07-19;0.0;SN41175
2025-07-20;0.0;SN41175
2025-07-21;0.0;SN41175
2025-07-22;49.7;SN41175
2025-07-23;2.6;SN41175
2025-07-24;2.0;SN41175
2025-07-25;25.0;SN41175
2025-07-26;0.0;SN41175
2025-07-27;0.0;SN41175
2025-07-28;0.0;SN41175
2025-07-29;0.0;SN41175
2025-07-30;11.7;SN41175
2025-07-31;6.0;SN41175
2025-08-01;7.3;SN41175
2025-08-02;0.7;SN41175
2025-08-03;8.3;SN41175
2025-08-04;7.1;SN41175
2025-08-05;28.4;SN41175
2025-08-06;19.2;SN41175
2025-08-07;3.8;SN41175
2025-08-08;1.9;SN41175
2025-08-09;0.1;SN41175
2025-08-10;3.7;SN41175
2025-08-11;0.0;SN41175
2025-08-12;1.4;SN41175
2025-08-13;0.0;SN41175
2025-08-14;0.0;SN41175
2025-08-15;2.6;SN41175
2025-08-16;0.1;SN41175
2025-08-17;0.0;SN41175
2025-08-18;0.0;SN41175
2025-08-19;0.0;SN41175
2025-08-20;0.0;SN41175
2025-08-21;0.0;SN41175
2025-08-22;0.0;SN41175
2025-08-23;0.0;SN41175
2025-08-24;0.0;SN41175
2025-08-25;0.0;SN41175
2025-08-26;0.0;SN41175
2025-08-27;0.2;SN41175
2025-08-28;0.4;SN41175
2025-08-29;22.5;SN41175
2025-08-30;4.4;SN41175
2025-08-31;3.2;SN41175
