# Dognverdier for vannforing, audna. Stasjon 23.8.0 (Gaupefossen), parameter 1001.
# Aggregert fra timesverdier. Dognet gaar fra 06 UTC dagen for
# til 06 UTC paa datoen - samme vindu som nedborfilene (PT6H).
# timer = antall timesverdier bak dognet, maks 24.
# Kilde: NVE HydAPI.
dato;vf_snitt;vf_min;vf_maks;timer
2016-05-01;14.389;11.450;16.186;24
2016-05-02;13.932;13.012;15.251;24
2016-05-03;15.729;12.835;25.749;24
2016-05-04;26.066;20.502;31.840;24
2016-05-05;18.369;17.015;20.245;24
2016-05-06;16.100;15.354;16.941;24
2016-05-07;14.721;14.164;15.313;24
2016-05-08;13.611;13.082;14.108;24
2016-05-09;12.621;12.180;13.055;24
2016-05-10;11.785;11.416;12.146;24
2016-05-11;11.102;10.795;11.390;24
2016-05-12;10.516;10.211;10.795;24
2016-05-13;10.001;9.784;10.182;24
2016-05-14;9.580;9.423;9.777;24
2016-05-15;8.452;7.883;9.412;24
2016-05-16;7.785;7.646;7.880;24
2016-05-17;7.624;7.438;8.119;24
2016-05-18;7.594;7.331;8.119;24
2016-05-19;7.188;7.052;7.308;24
2016-05-20;7.232;7.033;7.308;24
2016-05-21;7.372;7.209;7.480;24
2016-05-22;8.258;7.257;9.752;24
2016-05-23;13.633;9.862;17.127;24
2016-05-24;12.709;11.424;14.661;24
2016-05-25;11.362;11.009;11.533;24
2016-05-26;10.977;10.765;11.162;24
2016-05-27;10.114;9.894;10.729;24
2016-05-28;9.191;7.764;9.894;24
2016-05-29;6.456;5.751;8.558;24
2016-05-30;6.230;5.515;7.490;24
2016-05-31;6.875;5.873;9.263;24
2016-06-01;6.160;5.730;6.705;24
2016-06-02;5.499;5.257;5.721;24
2016-06-03;4.945;4.607;5.306;24
2016-06-04;4.529;4.233;5.426;24
2016-06-05;4.056;3.857;4.225;24
2016-06-06;3.705;3.533;3.857;24
2016-06-07;4.837;3.528;5.225;24
2016-06-08;5.062;4.910;5.165;24
2016-06-09;5.120;5.006;5.222;24
2016-06-10;3.598;2.686;5.065;24
2016-06-11;3.489;2.457;4.615;24
2016-06-12;2.388;2.327;2.464;24
2016-06-13;2.258;2.190;2.314;24
2016-06-14;3.904;2.177;4.289;24
2016-06-15;3.834;3.779;3.961;24
2016-06-16;4.091;3.795;4.519;24
2016-06-17;5.239;4.601;5.606;24
2016-06-18;5.177;3.566;6.211;24
2016-06-19;4.097;2.766;4.684;24
2016-06-20;3.921;3.821;4.013;24
2016-06-21;6.756;3.844;8.763;24
2016-06-22;7.373;6.887;8.056;24
2016-06-23;6.647;6.062;6.973;24
2016-06-24;6.485;6.053;7.283;24
2016-06-25;6.668;6.493;6.771;24
2016-06-26;5.807;5.332;6.419;24
2016-06-27;9.157;6.182;10.059;24
2016-06-28;9.188;8.773;9.352;24
2016-06-29;8.224;7.692;8.739;24
2016-06-30;9.372;7.633;13.150;24
2016-07-01;21.623;15.515;26.240;24
2016-07-02;21.373;16.714;25.548;24
2016-07-03;21.133;19.545;21.939;24
2016-07-04;17.788;16.232;19.491;24
2016-07-05;15.493;14.887;16.160;24
2016-07-06;14.187;13.658;14.788;24
2016-07-07;12.363;11.080;13.550;24
2016-07-08;10.454;9.973;10.950;24
2016-07-09;9.240;7.516;9.905;24
2016-07-10;7.041;6.680;7.467;24
2016-07-11;6.693;6.549;7.030;24
2016-07-12;7.555;7.129;7.857;24
2016-07-13;8.241;6.671;9.146;24
2016-07-14;6.269;5.960;6.627;24
2016-07-15;10.448;6.108;14.727;24
2016-07-16;7.516;6.646;8.797;24
2016-07-17;7.150;5.795;8.139;24
2016-07-18;5.484;5.191;5.772;24
2016-07-19;7.068;5.274;8.364;24
2016-07-20;7.022;6.853;7.151;24
2016-07-21;6.753;5.769;7.075;24
2016-07-22;5.553;5.396;5.751;24
2016-07-23;5.006;3.573;5.393;24
2016-07-24;3.332;3.159;3.518;24
2016-07-25;3.072;2.951;3.232;24
2016-07-26;3.750;3.295;3.935;24
2016-07-27;4.841;3.672;6.255;24
2016-07-28;5.883;3.601;9.891;24
2016-07-29;7.059;5.891;9.077;24
2016-07-30;9.738;5.816;13.166;24
2016-07-31;9.046;7.880;11.010;24
2016-08-01;8.658;6.951;9.574;24
2016-08-02;6.716;6.429;6.928;24
2016-08-03;8.028;7.508;8.240;24
2016-08-04;12.241;7.755;22.734;24
2016-08-05;30.598;22.269;36.804;24
2016-08-06;26.265;21.098;34.405;24
2016-08-07;18.190;14.736;20.894;24
2016-08-08;16.548;15.553;18.145;24
2016-08-09;28.030;20.055;32.829;24
2016-08-10;20.663;18.192;23.916;24
2016-08-11;16.586;15.130;18.025;24
2016-08-12;14.951;14.306;15.722;24
2016-08-13;14.229;13.327;14.551;24
2016-08-14;12.219;9.930;13.272;24
2016-08-15;10.684;10.186;11.371;24
2016-08-16;10.151;9.848;10.465;24
2016-08-17;10.043;7.903;10.677;24
2016-08-18;9.850;9.356;10.414;24
2016-08-19;9.208;8.969;9.384;24
2016-08-20;8.577;8.039;8.962;24
2016-08-21;8.209;7.943;8.497;24
2016-08-22;8.922;8.056;11.140;24
2016-08-23;11.537;11.143;11.836;24
2016-08-24;11.233;10.575;11.624;24
2016-08-25;10.711;10.005;11.106;24
2016-08-26;10.234;9.909;10.483;24
2016-08-27;10.506;9.610;12.031;24
2016-08-28;9.498;9.219;9.773;24
2016-08-29;8.831;8.257;9.181;24
2016-08-30;9.301;8.083;10.182;24
2016-08-31;9.590;9.440;9.716;24
2017-05-01;7.773;7.506;7.969;24
2017-05-02;7.557;6.998;7.946;24
2017-05-03;7.333;6.646;7.656;24
2017-05-04;6.676;6.126;7.097;24
2017-05-05;6.123;5.843;6.269;24
2017-05-06;6.028;5.635;6.518;24
2017-05-07;5.812;5.538;5.909;24
2017-05-08;5.383;5.277;5.495;24
2017-05-09;5.552;4.941;5.963;24
2017-05-10;5.023;4.781;5.277;24
2017-05-11;5.415;4.767;5.816;24
2017-05-12;5.691;5.428;5.957;24
2017-05-13;5.445;4.876;5.867;24
2017-05-14;5.330;4.921;5.942;24
2017-05-15;6.700;6.138;7.170;24
2017-05-16;6.148;5.778;6.422;24
2017-05-17;9.413;6.053;13.098;24
2017-05-18;13.049;11.368;19.599;24
2017-05-19;27.524;23.136;32.393;24
2017-05-20;19.980;16.025;22.877;24
2017-05-21;15.523;14.990;15.924;24
2017-05-22;14.475;13.778;14.944;24
2017-05-23;14.445;13.626;15.039;24
2017-05-24;13.041;12.485;13.586;24
2017-05-25;12.122;11.510;12.671;24
2017-05-26;10.658;9.727;11.450;24
2017-05-27;9.385;8.828;9.698;24
2017-05-28;8.955;8.307;9.409;24
2017-05-29;8.042;7.781;8.287;24
2017-05-30;7.802;7.614;8.039;24
2017-05-31;7.049;5.338;7.692;24
2017-06-01;6.743;5.492;7.441;24
2017-06-02;6.264;4.563;6.941;24
2017-06-03;4.518;4.451;4.541;24
2017-06-04;4.330;4.214;4.448;24
2017-06-05;4.311;3.943;5.559;24
2017-06-06;4.895;3.659;6.235;24
2017-06-07;5.125;3.715;6.090;24
2017-06-08;7.526;6.254;10.327;24
2017-06-09;9.260;8.636;10.054;24
2017-06-10;11.028;9.021;12.961;24
2017-06-11;10.221;8.966;11.924;24
2017-06-12;9.085;8.530;9.955;24
2017-06-13;11.043;9.980;11.828;24
2017-06-14;9.710;7.672;10.520;24
2017-06-15;7.196;6.846;7.620;24
2017-06-16;6.965;6.453;8.839;24
2017-06-17;9.838;7.702;11.117;24
2017-06-18;7.128;6.671;7.643;24
2017-06-19;6.314;6.011;6.627;24
2017-06-20;6.230;5.509;7.725;24
2017-06-21;5.222;4.980;5.486;24
2017-06-22;5.956;4.544;6.944;24
2017-06-23;4.459;4.348;4.555;24
2017-06-24;4.340;4.238;4.386;24
2017-06-25;4.093;3.987;4.235;24
2017-06-26;4.576;4.024;6.355;24
2017-06-27;5.332;4.126;6.689;24
2017-06-28;3.904;3.731;4.092;24
2017-06-29;3.627;3.541;3.728;24
2017-06-30;3.718;3.376;5.026;24
2017-07-01;3.727;3.022;5.045;24
2017-07-02;2.885;2.760;3.020;24
2017-07-03;2.668;2.578;2.760;24
2017-07-04;2.532;2.468;2.607;24
2017-07-05;2.374;2.278;2.453;24
2017-07-06;2.179;2.088;2.263;24
2017-07-07;3.329;2.007;4.201;24
2017-07-08;1.962;1.917;2.022;24
2017-07-09;1.867;1.796;1.921;24
2017-07-10;1.732;1.686;1.796;24
2017-07-11;1.768;1.686;1.895;24
2017-07-12;2.142;1.893;3.703;24
2017-07-13;2.516;1.779;3.728;24
2017-07-14;1.660;1.607;1.753;24
2017-07-15;1.543;1.503;1.594;24
2017-07-16;1.511;1.447;1.735;24
2017-07-17;1.735;1.628;1.842;24
2017-07-18;1.542;1.473;1.638;24
2017-07-19;1.434;1.400;1.473;24
2017-07-20;2.526;1.369;3.746;24
2017-07-21;1.392;1.286;1.706;24
2017-07-22;2.116;1.763;2.508;24
2017-07-23;3.478;2.655;3.834;24
2017-07-24;2.962;2.725;3.374;24
2017-07-25;3.632;2.365;4.748;24
2017-07-26;2.185;2.057;2.347;24
2017-07-27;1.939;1.846;2.040;24
2017-07-28;4.471;1.897;6.083;24
2017-07-29;4.441;3.135;5.754;24
2017-07-30;3.496;3.065;4.087;24
2017-07-31;5.410;3.870;7.552;24
2017-08-01;8.727;5.748;10.795;24
2017-08-02;11.727;7.597;18.997;24
2017-08-03;17.607;14.623;19.608;24
2017-08-04;31.825;13.308;48.894;24
2017-08-05;54.980;33.889;76.237;24
2017-08-06;34.969;28.134;44.999;24
2017-08-07;23.796;19.862;27.735;24
2017-08-08;28.167;19.500;33.187;24
2017-08-09;25.747;23.313;29.910;24
2017-08-10;25.235;23.727;26.681;24
2017-08-11;21.863;19.830;24.451;24
2017-08-12;18.249;17.179;19.676;24
2017-08-13;16.058;14.363;17.110;24
2017-08-14;13.333;12.481;14.266;24
2017-08-15;12.512;11.775;13.754;24
2017-08-16;13.888;11.586;16.581;24
2017-08-17;14.297;12.734;15.882;24
2017-08-18;16.191;12.929;21.428;24
2017-08-19;18.162;16.993;20.109;24
2017-08-20;22.147;17.853;25.280;24
2017-08-21;22.080;19.703;23.370;24
2017-08-22;17.275;15.313;19.482;24
2017-08-23;14.786;13.914;15.313;24
2017-08-24;14.230;13.838;14.854;24
2017-08-25;14.335;13.794;15.296;24
2017-08-26;14.780;13.494;15.777;24
2017-08-27;12.938;12.601;13.371;24
2017-08-28;12.189;11.537;12.695;24
2017-08-29;11.039;10.385;11.722;24
2017-08-30;11.314;10.958;11.563;24
2017-08-31;10.791;10.269;11.270;24
2018-05-01;25.518;22.090;32.092;24
2018-05-02;28.779;25.463;32.264;24
2018-05-03;23.837;22.867;25.241;24
2018-05-04;27.270;24.636;29.669;24
2018-05-05;22.956;21.653;24.456;24
2018-05-06;20.486;19.486;21.540;24
2018-05-07;18.461;17.600;19.405;24
2018-05-08;16.759;16.025;17.530;24
2018-05-09;14.965;13.012;15.983;24
2018-05-10;13.318;11.006;14.445;24
2018-05-11;12.211;10.773;13.987;24
2018-05-12;12.275;11.386;13.399;24
2018-05-13;10.797;10.269;11.330;24
2018-05-14;9.930;9.363;10.755;24
2018-05-15;9.867;8.694;10.432;24
2018-05-16;9.327;8.753;9.603;24
2018-05-17;8.633;7.470;9.052;24
2018-05-18;7.867;6.900;8.412;24
2018-05-19;7.223;5.958;7.926;24
2018-05-20;6.242;6.032;6.429;24
2018-05-21;5.856;5.683;6.014;24
2018-05-22;5.553;5.416;5.694;24
2018-05-23;5.549;5.165;6.129;24
2018-05-24;6.123;5.203;6.671;24
2018-05-25;6.237;4.739;6.818;24
2018-05-26;5.635;4.541;6.177;24
2018-05-27;4.876;4.386;5.068;24
2018-05-28;4.980;4.249;5.393;24
2018-05-29;5.945;4.362;6.897;24
2018-05-30;5.363;3.911;5.766;24
2018-05-31;5.086;3.576;5.509;24
2018-06-01;5.656;4.885;6.074;24
2018-06-02;5.290;4.386;5.915;24
2018-06-03;4.091;3.032;4.654;24
2018-06-04;3.576;2.123;5.017;24
2018-06-05;4.413;4.167;4.511;24
2018-06-06;3.918;3.733;4.209;24
2018-06-07;4.062;2.893;4.294;24
2018-06-08;4.325;4.182;4.399;24
2018-06-09;5.406;4.357;5.547;24
2018-06-10;5.509;5.486;5.547;24
2018-06-11;5.006;2.819;5.530;24
2018-06-12;5.063;4.525;5.188;24
2018-06-13;3.287;3.137;4.245;24
2018-06-14;3.115;3.044;3.188;24
2018-06-15;3.937;3.058;4.408;24
2018-06-16;4.792;3.616;5.274;24
2018-06-17;3.548;3.493;3.632;24
2018-06-18;3.791;3.667;3.857;24
2018-06-19;4.139;3.795;4.701;24
2018-06-20;3.988;3.698;4.640;24
2018-06-21;5.378;3.713;6.266;24
2018-06-22;5.620;4.566;6.290;24
2018-06-23;4.621;4.105;5.134;24
2018-06-24;3.910;3.813;4.084;24
2018-06-25;3.720;3.654;3.797;24
2018-06-26;4.106;3.571;4.703;24
2018-06-27;5.378;3.558;5.742;24
2018-06-28;4.599;3.513;5.677;24
2018-06-29;4.182;3.352;4.604;24
2018-06-30;3.250;3.176;3.344;24
2018-07-01;3.164;3.115;3.212;24
2018-07-02;3.074;3.003;3.118;24
2018-07-03;3.607;3.008;4.316;24
2018-07-04;3.231;3.181;3.268;24
2018-07-05;3.587;3.176;4.281;24
2018-07-06;3.574;2.911;3.919;24
2018-07-07;2.681;1.432;2.892;24
2018-07-08;2.100;0.839;3.307;24
2018-07-09;1.220;0.738;3.305;24
2018-07-10;1.355;0.782;2.680;24
2018-07-11;1.696;0.791;3.413;24
2018-07-12;0.966;0.777;2.881;24
2018-07-13;1.385;0.786;3.128;24
2018-07-14;1.107;0.780;2.506;24
2018-07-15;0.784;0.774;0.804;24
2018-07-16;0.959;0.774;2.975;24
2018-07-17;1.257;0.755;3.157;24
2018-07-18;1.129;0.774;2.319;24
2018-07-19;1.186;0.774;2.321;24
2018-07-20;1.060;0.772;2.369;24
2018-07-21;0.775;0.774;0.785;24
2018-07-22;0.829;0.774;1.737;24
2018-07-23;1.085;0.774;2.179;24
2018-07-24;1.034;0.774;2.267;24
2018-07-25;0.821;0.764;1.673;24
2018-07-26;1.018;0.774;2.152;24
2018-07-27;0.806;0.754;1.514;24
2018-07-28;0.996;0.766;2.064;24
2018-07-29;1.329;0.764;5.341;24
2018-07-30;2.357;1.334;5.326;24
2018-07-31;1.607;1.120;2.980;24
2018-08-01;1.934;1.120;3.844;24
2018-08-02;3.472;2.228;5.589;24
2018-08-03;2.205;1.814;4.087;24
2018-08-04;2.277;1.531;4.171;24
2018-08-05;1.657;1.372;3.645;24
2018-08-06;1.612;1.174;3.698;24
2018-08-07;1.468;1.173;3.581;24
2018-08-08;1.654;1.284;3.637;24
2018-08-09;1.550;1.414;1.640;24
2018-08-10;2.994;1.563;4.060;24
2018-08-11;12.663;2.147;20.660;24
2018-08-12;8.207;6.404;10.648;24
2018-08-13;6.365;5.416;8.297;24
2018-08-14;5.902;5.054;7.334;24
2018-08-15;5.475;4.648;7.075;24
2018-08-16;4.534;4.473;4.670;24
2018-08-17;11.286;4.776;19.014;24
2018-08-18;14.429;11.099;18.302;24
2018-08-19;12.939;11.017;14.270;24
2018-08-20;11.662;9.663;13.542;24
2018-08-21;9.976;8.069;11.563;24
2018-08-22;8.481;7.186;10.121;24
2018-08-23;9.642;7.525;10.031;24
2018-08-24;10.213;9.894;10.553;24
2018-08-25;9.377;6.960;9.916;24
2018-08-26;8.321;6.373;9.115;24
2018-08-27;8.891;6.499;11.972;24
2018-08-28;29.083;13.350;40.908;24
2018-08-29;18.072;16.059;22.001;24
2018-08-30;14.805;13.818;15.979;24
2018-08-31;15.235;13.979;16.377;24
2019-05-01;6.681;5.609;7.154;24
2019-05-02;6.960;6.802;7.052;24
2019-05-03;6.663;6.521;6.796;24
2019-05-04;6.807;6.278;7.286;24
2019-05-05;6.110;5.987;6.251;24
2019-05-06;5.858;5.748;5.963;24
2019-05-07;4.694;3.875;5.745;24
2019-05-08;5.964;3.841;6.590;24
2019-05-09;6.291;6.156;6.426;24
2019-05-10;6.952;6.235;9.185;24
2019-05-11;10.438;9.025;11.032;24
2019-05-12;7.821;5.757;8.911;24
2019-05-13;6.794;6.071;7.100;24
2019-05-14;6.287;6.105;6.475;24
2019-05-15;6.111;5.888;6.475;24
2019-05-16;5.948;4.821;7.104;24
2019-05-17;5.545;5.378;5.653;24
2019-05-18;5.266;5.171;5.393;24
2019-05-19;4.929;3.441;5.188;24
2019-05-20;4.103;3.161;4.938;24
2019-05-21;4.833;3.132;6.035;24
2019-05-22;5.154;4.634;6.497;24
2019-05-23;6.243;4.739;6.875;24
2019-05-24;11.256;4.739;26.265;24
2019-05-25;18.717;13.882;26.125;24
2019-05-26;12.247;11.210;13.714;24
2019-05-27;10.535;9.977;11.151;24
2019-05-28;9.538;9.136;9.927;24
2019-05-29;8.758;8.395;9.104;24
2019-05-30;8.162;7.900;8.452;24
2019-05-31;9.511;8.534;9.977;24
2019-06-01;8.839;8.507;9.268;24
2019-06-02;10.018;9.328;10.439;24
2019-06-03;9.072;8.831;9.493;24
2019-06-04;8.452;8.103;8.828;24
2019-06-05;7.855;7.646;8.093;24
2019-06-06;8.808;8.116;9.021;24
2019-06-07;8.726;8.530;8.848;24
2019-06-08;8.189;7.725;8.667;24
2019-06-09;9.107;7.712;13.651;24
2019-06-10;21.434;15.820;26.812;24
2019-06-11;14.445;12.870;16.658;24
2019-06-12;14.056;12.219;21.011;24
2019-06-13;18.741;16.817;21.554;24
2019-06-14;16.957;16.114;17.530;24
2019-06-15;18.264;16.903;19.545;24
2019-06-16;15.512;14.694;16.744;24
2019-06-17;14.144;13.395;14.722;24
2019-06-18;12.855;12.311;13.343;24
2019-06-19;11.752;11.244;12.296;24
2019-06-20;10.960;10.828;11.233;24
2019-06-21;10.491;10.117;10.817;24
2019-06-22;9.856;8.348;10.283;24
2019-06-23;8.535;7.334;10.714;24
2019-06-24;6.944;6.599;7.305;24
2019-06-25;7.365;6.056;8.119;24
2019-06-26;7.295;6.017;8.009;24
2019-06-27;6.495;5.703;8.039;24
2019-06-28;5.364;5.097;5.674;24
2019-06-29;5.481;4.604;6.624;24
2019-06-30;4.356;4.150;4.582;24
2019-07-01;4.006;3.878;4.132;24
2019-07-02;4.843;3.795;6.083;24
2019-07-03;3.592;3.416;3.777;24
2019-07-04;3.252;3.118;3.408;24
2019-07-05;4.322;2.987;5.245;24
2019-07-06;2.993;2.723;4.149;24
2019-07-07;2.684;2.650;2.723;24
2019-07-08;3.141;2.596;3.914;24
2019-07-09;3.423;3.181;3.731;24
2019-07-10;4.088;2.890;5.234;24
2019-07-11;2.749;2.616;2.874;24
2019-07-12;2.521;2.417;2.611;24
2019-07-13;2.356;2.278;2.415;24
2019-07-14;2.918;2.207;4.024;24
2019-07-15;2.101;2.009;2.192;24
2019-07-16;1.965;1.893;2.007;24
2019-07-17;2.398;1.782;3.687;24
2019-07-18;1.756;1.702;1.796;24
2019-07-19;2.638;1.690;3.586;24
2019-07-20;2.190;2.024;2.343;24
2019-07-21;8.515;2.009;15.722;24
2019-07-22;12.382;8.476;15.425;24
2019-07-23;9.713;8.177;10.847;24
2019-07-24;8.300;7.620;9.077;24
2019-07-25;8.040;6.878;8.893;24
2019-07-26;7.439;6.254;8.300;24
2019-07-27;7.072;5.724;7.768;24
2019-07-28;5.429;5.162;5.700;24
2019-07-29;5.491;4.992;6.796;24
2019-07-30;5.631;4.632;6.447;24
2019-07-31;4.760;4.544;4.930;24
2019-08-01;6.953;4.978;7.850;24
2019-08-02;6.281;5.754;6.903;24
2019-08-03;6.728;5.214;7.299;24
2019-08-04;4.912;4.676;5.185;24
2019-08-05;4.479;4.297;4.667;24
2019-08-06;5.230;4.278;5.915;24
2019-08-07;6.727;4.460;7.321;24
2019-08-08;6.677;6.487;6.787;24
2019-08-09;6.712;6.577;6.846;24
2019-08-10;6.811;6.432;8.376;24
2019-08-11;16.227;8.870;26.971;24
2019-08-12;40.027;29.944;57.988;24
2019-08-13;45.240;35.126;58.533;24
2019-08-14;29.983;24.421;34.613;24
2019-08-15;22.376;19.590;25.459;24
2019-08-16;20.756;19.482;22.364;24
2019-08-17;19.335;17.244;23.939;24
2019-08-18;50.687;31.224;68.307;24
2019-08-19;31.294;28.957;35.447;24
2019-08-20;31.883;28.921;36.691;24
2019-08-21;34.387;31.427;36.473;24
2019-08-22;28.335;26.651;31.112;24
2019-08-23;54.086;26.853;71.030;24
2019-08-24;47.883;38.400;55.172;24
2019-08-25;33.452;29.784;37.865;24
2019-08-26;26.684;24.153;29.497;24
2019-08-27;22.349;20.277;25.000;24
2019-08-28;19.715;18.862;20.950;24
2019-08-29;17.331;16.215;18.840;24
2019-08-30;15.990;15.213;16.710;24
2019-08-31;13.998;12.011;15.130;24
2020-05-01;6.262;4.462;8.083;24
2020-05-02;6.855;6.160;7.396;24
2020-05-03;5.720;3.945;6.346;24
2020-05-04;4.854;3.496;5.407;24
2020-05-05;4.838;3.463;5.062;24
2020-05-06;4.533;2.980;4.873;24
2020-05-07;4.150;2.841;4.615;24
2020-05-08;4.004;2.677;4.470;24
2020-05-09;3.874;2.569;4.332;24
2020-05-10;3.741;2.479;4.193;23
2020-05-11;;;;0
2020-05-12;3.640;2.341;4.084;24
2020-05-13;3.731;2.267;3.976;24
2020-05-14;4.598;3.911;4.706;24
2020-05-15;4.627;4.588;4.648;24
2020-05-16;5.547;4.607;6.254;24
2020-05-17;5.320;4.629;5.503;24
2020-05-18;4.569;4.525;4.626;24
2020-05-19;5.065;4.549;5.280;24
2020-05-20;5.230;5.188;5.257;24
2020-05-21;4.971;3.677;5.228;24
2020-05-22;3.712;3.471;4.103;24
2020-05-23;5.759;3.339;8.994;24
2020-05-24;6.079;4.593;7.834;24
2020-05-25;9.591;7.356;10.847;24
2020-05-26;5.592;4.778;6.857;24
2020-05-27;4.371;4.047;4.737;24
2020-05-28;3.844;3.594;4.026;24
2020-05-29;3.724;3.531;3.834;24
2020-05-30;4.186;3.433;4.890;24
2020-05-31;4.128;2.815;4.837;24
2020-06-01;2.711;2.578;2.811;24
2020-06-02;3.180;2.453;4.302;24
2020-06-03;3.176;2.263;4.254;24
2020-06-04;3.292;2.162;4.927;24
2020-06-05;6.125;2.497;16.392;24
2020-06-06;32.746;18.881;50.873;24
2020-06-07;13.686;11.612;18.303;24
2020-06-08;10.213;9.402;11.450;24
2020-06-09;8.779;8.304;9.310;24
2020-06-10;7.442;6.105;8.260;24
2020-06-11;6.783;5.509;7.379;24
2020-06-12;6.067;4.765;6.998;24
2020-06-13;4.786;4.408;5.933;24
2020-06-14;6.724;5.867;9.571;24
2020-06-15;8.191;7.180;9.596;24
2020-06-16;6.707;6.309;7.129;24
2020-06-17;6.042;5.748;6.303;24
2020-06-18;5.624;5.538;5.748;24
2020-06-19;5.421;5.257;5.562;24
2020-06-20;5.187;5.097;5.274;24
2020-06-21;10.028;5.263;13.706;24
2020-06-22;7.949;6.998;9.536;24
2020-06-23;6.596;6.174;6.963;24
2020-06-24;5.850;5.583;6.135;24
2020-06-25;4.592;3.471;5.562;24
2020-06-26;4.077;3.396;4.849;24
2020-06-27;3.827;3.553;4.214;24
2020-06-28;3.660;3.342;4.079;24
2020-06-29;3.760;3.616;3.961;24
2020-06-30;10.329;3.731;26.951;24
2020-07-01;23.183;18.254;28.472;24
2020-07-02;15.016;12.863;17.893;24
2020-07-03;13.173;11.669;15.085;24
2020-07-04;14.750;14.225;15.284;24
2020-07-05;14.563;13.927;14.788;24
2020-07-06;24.797;14.629;31.260;24
2020-07-07;20.650;15.338;25.069;24
2020-07-08;14.617;13.634;15.363;24
2020-07-09;12.650;11.722;13.866;24
2020-07-10;10.985;10.356;11.662;24
2020-07-11;14.950;10.103;20.829;24
2020-07-12;13.091;11.360;15.659;24
2020-07-13;10.476;9.777;11.274;24
2020-07-14;9.318;9.039;9.727;24
2020-07-15;9.233;8.942;9.546;24
2020-07-16;8.769;8.520;9.160;24
2020-07-17;8.032;7.594;8.476;24
2020-07-18;7.363;7.170;7.568;24
2020-07-19;18.389;7.234;32.689;24
2020-07-20;26.179;23.438;29.874;24
2020-07-21;18.782;15.284;23.021;24
2020-07-22;13.757;12.738;15.122;24
2020-07-23;12.212;11.882;12.679;24
2020-07-24;11.990;11.394;15.890;24
2020-07-25;20.708;16.839;24.348;24
2020-07-26;15.442;13.758;19.378;24
2020-07-27;36.711;19.899;48.492;24
2020-07-28;31.215;27.944;57.458;24
2020-07-29;92.707;71.096;101.051;24
2020-07-30;77.293;58.819;91.305;24
2020-07-31;48.030;40.897;57.300;24
2020-08-01;35.379;31.520;40.257;24
2020-08-02;29.118;27.080;31.260;24
2020-08-03;25.405;22.653;27.024;24
2020-08-04;20.252;18.764;22.331;24
2020-08-05;17.547;15.966;18.661;24
2020-08-06;32.155;19.160;38.611;24
2020-08-07;23.512;17.846;28.221;24
2020-08-08;18.404;16.898;19.903;24
2020-08-09;15.666;14.563;16.774;24
2020-08-10;13.604;12.800;14.493;24
2020-08-11;12.279;11.771;12.738;24
2020-08-12;11.433;10.699;12.031;24
2020-08-13;10.175;9.356;10.652;24
2020-08-14;8.831;8.439;9.384;24
2020-08-15;7.572;6.184;8.398;24
2020-08-16;7.256;6.180;7.722;24
2020-08-17;7.153;6.973;7.383;24
2020-08-18;5.817;4.935;6.951;24
2020-08-19;5.405;4.801;6.398;24
2020-08-20;6.284;6.138;6.624;24
2020-08-21;6.533;6.026;6.846;24
2020-08-22;8.442;6.827;9.737;24
2020-08-23;9.807;8.551;10.835;24
2020-08-24;9.118;8.415;9.613;24
2020-08-25;7.874;7.441;8.348;24
2020-08-26;6.647;5.197;7.412;24
2020-08-27;6.606;5.921;6.793;24
2020-08-28;7.062;6.352;7.979;24
2020-08-29;7.972;7.676;8.089;24
2020-08-30;7.561;7.486;7.646;24
2020-08-31;7.301;7.135;7.464;24
2021-05-01;7.464;7.412;7.535;24
2021-05-02;7.330;7.257;7.409;24
2021-05-03;7.207;7.154;7.254;24
2021-05-04;7.139;7.062;7.412;24
2021-05-05;16.117;7.545;22.701;24
2021-05-06;13.358;11.571;16.509;24
2021-05-07;10.721;10.178;11.480;24
2021-05-08;9.732;8.615;10.128;24
2021-05-09;8.196;7.448;9.153;24
2021-05-10;15.827;9.272;21.093;24
2021-05-11;16.619;15.856;17.810;24
2021-05-12;14.397;13.335;15.718;24
2021-05-13;12.974;12.648;13.272;24
2021-05-14;12.187;11.844;12.609;24
2021-05-15;12.822;8.381;15.513;24
2021-05-16;15.994;15.221;17.696;24
2021-05-17;15.572;13.894;17.596;24
2021-05-18;15.308;14.526;16.245;24
2021-05-19;13.575;12.636;14.571;24
2021-05-20;11.537;10.564;12.555;24
2021-05-21;10.235;9.504;10.762;24
2021-05-22;9.516;9.412;9.702;24
2021-05-23;12.449;9.841;13.260;24
2021-05-24;13.139;12.192;14.003;24
2021-05-25;18.672;13.059;34.294;24
2021-05-26;34.409;26.541;42.539;24
2021-05-27;22.581;19.858;26.185;24
2021-05-28;18.940;17.735;20.044;24
2021-05-29;16.935;15.848;17.639;24
2021-05-30;15.159;14.067;16.042;24
2021-05-31;13.310;12.675;14.011;24
2021-06-01;12.035;11.210;12.644;24
2021-06-02;10.715;10.270;11.181;24
2021-06-03;9.925;9.610;10.246;24
2021-06-04;12.209;9.610;20.558;24
2021-06-05;15.879;12.765;20.571;24
2021-06-06;11.544;10.740;12.648;24
2021-06-07;10.224;9.723;10.732;24
2021-06-08;9.289;8.883;9.695;24
2021-06-09;8.504;8.203;8.855;24
2021-06-10;7.889;7.620;8.196;24
2021-06-11;7.419;7.231;7.597;24
2021-06-12;6.019;4.481;7.228;24
2021-06-13;5.987;5.697;6.278;24
2021-06-14;5.500;5.349;5.680;24
2021-06-15;10.206;5.375;13.412;24
2021-06-16;9.569;8.966;10.085;24
2021-06-17;8.600;8.337;8.900;24
2021-06-18;8.411;8.043;8.780;24
2021-06-19;8.359;7.993;8.718;24
2021-06-20;7.880;7.699;7.986;24
2021-06-21;10.366;7.630;15.688;24
2021-06-22;9.302;7.299;15.085;24
2021-06-23;8.716;7.512;10.403;24
2021-06-24;7.459;7.049;8.099;24
2021-06-25;6.990;6.639;7.692;24
2021-06-26;6.968;6.190;7.399;24
2021-06-27;5.444;4.132;6.180;24
2021-06-28;4.873;3.896;5.550;24
2021-06-29;5.271;5.148;5.396;24
2021-06-30;5.146;4.941;5.740;24
2021-07-01;5.898;5.562;6.407;24
2021-07-02;5.364;4.709;5.556;24
2021-07-03;4.336;2.788;5.301;24
2021-07-04;3.627;2.709;4.408;24
2021-07-05;3.619;2.700;4.356;24
2021-07-06;4.798;2.975;5.787;24
2021-07-07;7.214;4.737;8.907;24
2021-07-08;16.274;8.493;39.976;24
2021-07-09;30.399;23.366;40.448;24
2021-07-10;20.347;18.596;22.982;24
2021-07-11;16.244;13.814;17.814;24
2021-07-12;12.893;12.023;13.918;24
2021-07-13;11.097;9.247;11.973;24
2021-07-14;10.205;9.301;10.611;24
2021-07-15;9.173;7.444;9.816;24
2021-07-16;8.132;6.621;8.718;24
2021-07-17;7.215;5.888;8.069;24
2021-07-18;6.281;5.585;6.998;24
2021-07-19;5.744;4.966;6.574;24
2021-07-20;5.739;4.300;6.254;24
2021-07-21;5.365;4.238;5.819;24
2021-07-22;5.485;5.346;5.647;24
2021-07-23;5.213;5.097;5.341;24
2021-07-24;4.370;3.096;5.094;24
2021-07-25;2.941;2.818;3.079;24
2021-07-26;4.167;2.822;4.381;24
2021-07-27;4.687;4.129;5.677;24
2021-07-28;4.949;3.662;6.793;24
2021-07-29;7.943;6.135;15.279;24
2021-07-30;14.230;11.274;16.830;24
2021-07-31;10.167;8.127;11.117;24
2021-08-01;7.920;7.422;8.544;24
2021-08-02;6.734;6.327;7.405;24
2021-08-03;6.194;5.867;6.599;24
2021-08-04;5.724;5.580;5.888;24
2021-08-05;5.433;5.300;5.562;24
2021-08-06;5.188;5.097;5.283;24
2021-08-07;5.013;4.918;5.114;24
2021-08-08;5.412;4.935;5.945;24
2021-08-09;5.641;5.512;5.837;24
2021-08-10;7.153;5.703;8.069;24
2021-08-11;7.416;7.119;7.778;24
2021-08-12;6.879;6.349;7.490;24
2021-08-13;6.239;6.108;6.324;24
2021-08-14;6.366;6.162;6.802;24
2021-08-15;8.994;6.884;10.367;24
2021-08-16;9.231;8.824;9.948;24
2021-08-17;8.709;8.636;8.797;24
2021-08-18;8.473;8.176;8.742;24
2021-08-19;8.469;7.857;8.718;24
2021-08-20;7.557;7.289;7.827;24
2021-08-21;7.071;6.875;7.276;24
2021-08-22;6.687;6.524;6.872;24
2021-08-23;6.376;6.229;6.521;24
2021-08-24;6.108;5.993;6.208;24
2021-08-25;5.946;5.703;6.108;24
2021-08-26;5.571;5.442;5.697;24
2021-08-27;5.309;5.185;5.422;24
2021-08-28;5.071;4.958;5.171;24
2021-08-29;4.887;4.826;4.941;24
2021-08-30;4.725;4.645;4.803;24
2021-08-31;4.554;4.473;4.629;24
2022-05-01;2.906;1.779;3.576;24
2022-05-02;3.494;3.471;3.511;24
2022-05-03;3.458;3.436;3.486;24
2022-05-04;3.431;3.374;3.451;24
2022-05-05;3.356;3.312;3.443;24
2022-05-06;3.324;3.280;3.364;24
2022-05-07;3.147;1.718;3.403;24
2022-05-08;2.117;1.462;3.173;24
2022-05-09;2.051;1.361;3.227;24
2022-05-10;2.650;1.400;3.099;24
2022-05-11;2.663;1.596;4.161;24
2022-05-12;3.221;2.369;4.709;24
2022-05-13;2.992;2.442;4.050;24
2022-05-14;2.653;2.250;3.997;24
2022-05-15;2.432;2.143;3.599;24
2022-05-16;1.975;1.893;2.095;24
2022-05-17;1.804;1.717;1.877;24
2022-05-18;1.666;1.596;1.715;24
2022-05-19;2.006;1.594;3.311;24
2022-05-20;2.174;1.781;3.513;24
2022-05-21;2.178;1.669;3.443;24
2022-05-22;1.608;1.561;1.657;24
2022-05-23;1.508;1.456;1.550;24
2022-05-24;1.436;1.414;1.496;24
2022-05-25;3.780;1.577;5.367;24
2022-05-26;5.152;3.263;9.447;24
2022-05-27;7.328;5.674;9.514;24
2022-05-28;5.384;4.410;6.653;24
2022-05-29;4.346;3.736;5.477;24
2022-05-30;4.090;3.446;5.057;24
2022-05-31;3.722;3.217;5.162;24
2022-06-01;3.413;3.178;3.733;24
2022-06-02;3.317;3.082;3.695;24
2022-06-03;2.974;2.869;3.079;24
2022-06-04;2.759;2.596;2.930;24
2022-06-05;2.922;2.477;4.161;24
2022-06-06;2.653;2.263;3.841;24
2022-06-07;2.156;2.091;2.241;24
2022-06-08;2.901;2.276;3.868;24
2022-06-09;2.685;2.278;3.962;24
2022-06-10;2.790;2.209;4.095;24
2022-06-11;2.175;2.124;2.209;24
2022-06-12;2.098;2.040;2.149;24
2022-06-13;2.016;1.974;2.053;24
2022-06-14;2.224;1.860;3.499;24
2022-06-15;2.134;1.798;3.462;24
2022-06-16;2.969;1.796;3.488;24
2022-06-17;1.607;1.533;1.757;24
2022-06-18;1.749;1.507;2.007;24
2022-06-19;1.855;1.715;1.991;24
2022-06-20;1.750;1.675;1.860;24
2022-06-21;1.780;1.684;1.873;24
2022-06-22;1.595;1.533;1.673;24
2022-06-23;1.475;1.429;1.533;24
2022-06-24;1.389;1.340;1.429;24
2022-06-25;1.336;1.327;1.363;24
2022-06-26;1.272;1.216;1.327;24
2022-06-27;1.263;1.202;1.354;24
2022-06-28;1.381;1.327;1.447;24
2022-06-29;1.494;1.429;1.533;24
2022-06-30;1.377;1.327;1.429;24
2022-07-01;1.283;1.228;1.327;24
2022-07-02;1.501;1.132;3.470;24
2022-07-03;1.092;1.065;1.130;24
2022-07-04;1.132;1.091;1.169;24
2022-07-05;1.246;1.091;1.427;24
2022-07-06;1.358;1.284;1.416;24
2022-07-07;1.277;1.260;1.284;24
2022-07-08;1.216;1.157;1.265;24
2022-07-09;1.105;1.051;1.147;24
2022-07-10;1.026;0.962;1.061;24
2022-07-11;0.938;0.909;0.958;24
2022-07-12;1.184;0.821;2.477;24
2022-07-13;0.797;0.774;0.818;24
2022-07-14;0.808;0.727;1.002;24
2022-07-15;0.704;0.681;0.727;24
2022-07-16;0.903;0.647;1.970;24
2022-07-17;0.689;0.628;0.751;24
2022-07-18;0.719;0.704;0.727;24
2022-07-19;0.691;0.681;0.703;24
2022-07-20;0.677;0.670;0.690;24
2022-07-21;0.832;0.659;1.739;24
2022-07-22;0.689;0.681;0.694;24
2022-07-23;0.828;0.673;1.652;24
2022-07-24;0.687;0.681;0.693;24
2022-07-25;0.705;0.681;0.823;24
2022-07-26;1.117;0.833;1.256;24
2022-07-27;1.466;0.911;2.793;24
2022-07-28;0.829;0.773;0.908;24
2022-07-29;0.728;0.693;0.764;24
2022-07-30;1.158;0.671;2.835;24
2022-07-31;0.697;0.647;0.866;24
2022-08-01;1.574;0.693;3.431;24
2022-08-02;1.616;1.093;3.386;24
2022-08-03;3.601;1.078;5.846;24
2022-08-04;3.973;2.935;5.032;24
2022-08-05;2.940;2.306;4.068;24
2022-08-06;2.273;1.810;3.579;24
2022-08-07;1.654;1.563;1.796;24
2022-08-08;1.522;1.477;1.550;24
2022-08-09;1.409;1.327;1.484;24
2022-08-10;1.523;1.286;2.596;24
2022-08-11;1.201;1.147;1.318;24
2022-08-12;1.110;1.081;1.144;24
2022-08-13;1.048;1.014;1.090;24
2022-08-14;0.998;0.971;1.025;24
2022-08-15;0.955;0.936;0.983;24
2022-08-16;0.949;0.922;0.973;24
2022-08-17;1.439;0.936;2.961;24
2022-08-18;1.634;1.132;3.288;24
2022-08-19;1.169;1.159;1.183;24
2022-08-20;1.229;1.174;1.306;24
2022-08-21;1.254;1.228;1.380;24
2022-08-22;1.657;1.401;1.814;24
2022-08-23;1.828;1.800;1.860;24
2022-08-24;2.139;1.814;3.638;24
2022-08-25;1.987;1.962;2.005;24
2022-08-26;2.005;1.983;2.022;24
2022-08-27;2.833;2.009;4.668;24
2022-08-28;2.439;2.330;2.575;24
2022-08-29;2.260;2.209;2.330;24
2022-08-30;2.385;2.228;2.470;24
2022-08-31;2.519;2.473;2.544;24
2023-05-01;12.846;12.586;13.173;24
2023-05-02;17.582;13.523;19.853;24
2023-05-03;14.649;13.658;15.949;24
2023-05-04;13.040;12.292;13.614;24
2023-05-05;11.508;8.690;12.184;24
2023-05-06;11.327;10.589;11.692;24
2023-05-07;10.275;10.009;10.560;24
2023-05-08;10.150;9.920;10.352;24
2023-05-09;9.914;9.809;10.067;24
2023-05-10;17.255;9.898;26.778;24
2023-05-11;22.609;19.045;27.389;24
2023-05-12;17.653;16.603;18.880;24
2023-05-13;15.505;13.718;16.526;24
2023-05-14;13.189;12.679;13.658;24
2023-05-15;12.200;11.874;12.644;24
2023-05-16;11.293;10.153;11.840;24
2023-05-17;9.770;9.409;10.124;24
2023-05-18;9.198;8.849;9.851;24
2023-05-19;8.513;8.153;9.773;24
2023-05-20;7.914;7.519;8.149;24
2023-05-21;7.303;7.100;7.512;24
2023-05-22;6.111;5.074;7.059;24
2023-05-23;6.791;6.484;7.490;24
2023-05-24;7.025;6.677;7.379;24
2023-05-25;6.460;6.278;6.677;24
2023-05-26;6.097;5.939;6.254;24
2023-05-27;6.029;5.751;7.181;24
2023-05-28;4.406;3.396;7.422;24
2023-05-29;4.250;3.212;6.419;24
2023-05-30;4.051;3.025;6.371;24
2023-05-31;4.952;3.374;5.506;24
2023-06-01;2.922;2.614;3.317;24
2023-06-02;2.652;2.404;4.242;24
2023-06-03;3.959;2.529;4.462;24
2023-06-04;2.189;2.105;2.374;24
2023-06-05;3.261;2.076;4.169;24
2023-06-06;4.149;4.089;4.203;24
2023-06-07;4.049;3.982;4.103;24
2023-06-08;3.974;3.903;4.024;24
2023-06-09;3.903;3.857;3.953;24
2023-06-10;3.770;3.456;3.854;24
2023-06-11;3.391;3.315;3.448;24
2023-06-12;3.300;3.236;3.364;24
2023-06-13;3.214;3.137;3.268;24
2023-06-14;3.147;3.115;3.176;24
2023-06-15;3.412;3.101;4.230;24
2023-06-16;3.527;3.493;3.551;24
2023-06-17;3.440;3.041;3.546;24
2023-06-18;3.157;2.881;3.770;24
2023-06-19;3.361;3.027;3.772;24
2023-06-20;3.746;3.451;3.828;24
2023-06-21;3.405;3.391;3.433;24
2023-06-22;3.399;3.374;3.431;24
2023-06-23;3.385;3.312;3.672;24
2023-06-24;3.685;3.657;3.728;24
2023-06-25;3.447;2.897;3.687;24
2023-06-26;3.383;2.855;3.629;24
2023-06-27;3.760;3.219;4.071;24
2023-06-28;3.854;3.816;3.922;24
2023-06-29;3.771;3.733;3.816;24
2023-06-30;3.791;3.526;3.958;24
2023-07-01;3.369;2.987;3.496;24
2023-07-02;1.941;1.207;2.965;24
2023-07-03;2.050;1.899;2.278;24
2023-07-04;2.912;1.939;3.421;24
2023-07-05;2.327;1.638;3.700;24
2023-07-06;1.524;1.372;2.591;24
2023-07-07;2.823;1.401;3.389;24
2023-07-08;1.261;1.174;1.385;24
2023-07-09;1.712;1.106;2.869;24
2023-07-10;1.443;1.014;2.869;24
2023-07-11;5.657;1.149;9.681;24
2023-07-12;7.588;4.571;10.714;24
2023-07-13;7.997;7.213;9.841;24
2023-07-14;7.565;7.106;7.993;24
2023-07-15;6.152;5.091;7.078;24
2023-07-16;6.257;5.034;7.956;24
2023-07-17;14.643;6.758;20.420;24
2023-07-18;22.834;20.613;25.454;24
2023-07-19;19.386;18.051;20.728;24
2023-07-20;16.944;16.021;17.954;24
2023-07-21;14.594;12.020;15.953;24
2023-07-22;13.814;13.272;14.294;24
2023-07-23;12.278;10.828;13.236;24
2023-07-24;10.015;9.307;11.244;24
2023-07-25;10.460;10.016;11.308;24
2023-07-26;9.947;9.723;10.204;24
2023-07-27;11.612;9.873;13.206;24
2023-07-28;11.459;10.760;12.210;24
2023-07-29;10.371;9.670;11.271;24
2023-07-30;7.381;5.942;9.638;24
2023-07-31;9.342;7.699;10.399;24
2023-08-01;10.205;9.610;10.758;24
2023-08-02;9.213;8.976;9.578;24
2023-08-03;8.799;8.530;9.039;24
2023-08-04;8.490;7.132;9.324;24
2023-08-05;8.505;8.069;8.993;24
2023-08-06;7.763;7.519;8.046;24
2023-08-07;5.813;4.171;7.516;24
2023-08-08;4.129;3.961;5.103;24
2023-08-09;4.633;4.408;4.773;24
2023-08-10;4.525;4.050;6.269;24
2023-08-11;5.157;3.731;6.278;24
2023-08-12;4.225;3.374;5.933;24
2023-08-13;4.496;3.361;6.088;24
2023-08-14;5.527;4.525;6.970;24
2023-08-15;6.109;5.148;8.049;24
2023-08-16;16.664;8.990;21.949;24
2023-08-17;15.116;13.614;17.136;24
2023-08-18;12.788;11.304;14.270;24
2023-08-19;11.407;10.946;12.423;24
2023-08-20;14.802;9.927;21.779;24
2023-08-21;17.872;15.550;21.419;24
2023-08-22;14.223;13.490;15.388;24
2023-08-23;13.579;13.201;14.027;24
2023-08-24;12.871;12.419;13.304;24
2023-08-25;12.071;11.874;12.369;24
2023-08-26;16.547;12.730;18.515;24
2023-08-27;14.949;13.914;15.350;24
2023-08-28;12.891;12.180;13.810;24
2023-08-29;12.220;11.783;12.640;24
2023-08-30;11.703;11.514;11.897;24
2023-08-31;14.025;11.760;16.008;24
2024-05-01;12.611;11.029;13.142;24
2024-05-02;11.763;11.270;13.169;24
2024-05-03;10.993;10.045;12.199;24
2024-05-04;9.581;9.111;9.980;24
2024-05-05;10.150;8.911;10.703;24
2024-05-06;9.708;8.294;10.531;24
2024-05-07;10.048;9.841;10.182;24
2024-05-08;9.390;8.097;9.834;24
2024-05-09;8.645;5.638;9.380;24
2024-05-10;8.038;6.071;8.993;24
2024-05-11;7.968;6.945;8.361;24
2024-05-12;7.117;6.065;8.146;24
2024-05-13;5.761;4.103;7.299;24
2024-05-14;5.694;5.300;6.989;24
2024-05-15;5.086;3.599;6.011;24
2024-05-16;5.130;4.980;5.271;24
2024-05-17;4.870;4.723;4.997;24
2024-05-18;4.632;4.522;4.776;24
2024-05-19;4.425;4.321;4.519;24
2024-05-20;4.260;4.142;4.340;24
2024-05-21;4.351;4.045;5.632;24
2024-05-22;5.082;3.919;6.123;24
2024-05-23;4.147;3.854;4.714;24
2024-05-24;5.881;3.854;6.884;24
2024-05-25;6.908;6.453;7.405;24
2024-05-26;5.987;4.613;6.450;24
2024-05-27;6.160;4.865;6.503;24
2024-05-28;6.736;6.524;6.919;24
2024-05-29;6.753;6.552;6.875;24
2024-05-30;7.202;6.144;9.891;24
2024-05-31;9.283;8.446;10.225;24
2024-06-01;8.099;7.883;8.415;24
2024-06-02;7.404;5.559;7.873;24
2024-06-03;6.056;5.338;7.444;24
2024-06-04;7.316;6.822;7.438;24
2024-06-05;7.867;5.443;11.602;24
2024-06-06;13.132;11.993;14.164;24
2024-06-07;11.466;10.038;12.245;24
2024-06-08;10.427;9.182;11.296;24
2024-06-09;12.099;10.998;13.270;24
2024-06-10;14.296;12.332;15.363;24
2024-06-11;12.236;11.244;13.292;24
2024-06-12;15.842;10.586;21.822;24
2024-06-13;13.925;12.288;15.588;24
2024-06-14;11.866;10.360;12.976;24
2024-06-15;11.857;10.884;15.002;24
2024-06-16;37.634;17.237;57.450;24
2024-06-17;33.370;28.947;40.515;24
2024-06-18;34.326;31.910;38.172;24
2024-06-19;32.106;29.669;33.572;24
2024-06-20;26.115;23.231;29.450;24
2024-06-21;21.501;20.378;23.059;24
2024-06-22;19.331;18.165;20.654;24
2024-06-23;15.985;14.932;18.091;24
2024-06-24;13.978;12.777;15.920;24
2024-06-25;12.355;11.790;12.859;24
2024-06-26;11.037;10.034;11.981;24
2024-06-27;9.484;7.773;10.122;24
2024-06-28;9.404;8.527;10.013;24
2024-06-29;8.051;7.738;8.780;24
2024-06-30;9.059;7.867;10.009;24
2024-07-01;8.592;7.522;9.863;24
2024-07-02;8.921;7.983;9.331;24
2024-07-03;7.620;6.275;8.879;24
2024-07-04;6.850;5.999;8.116;24
2024-07-05;6.762;6.111;7.116;24
2024-07-06;11.778;7.158;15.463;24
2024-07-07;12.280;9.008;23.265;24
2024-07-08;17.576;14.096;24.183;24
2024-07-09;12.204;11.162;13.882;24
2024-07-10;10.511;9.952;11.125;24
2024-07-11;17.886;10.564;22.449;24
2024-07-12;18.387;16.808;19.518;24
2024-07-13;15.199;13.237;17.241;24
2024-07-14;13.142;11.916;13.858;24
2024-07-15;14.092;10.780;16.851;24
2024-07-16;19.026;16.475;21.821;24
2024-07-17;19.804;17.713;22.014;24
2024-07-18;20.250;18.706;22.024;24
2024-07-19;17.039;14.267;18.462;24
2024-07-20;15.466;13.899;16.398;24
2024-07-21;12.795;11.790;13.514;24
2024-07-22;11.830;10.600;12.582;24
2024-07-23;11.272;10.906;11.601;24
2024-07-24;10.490;9.727;11.222;24
2024-07-25;9.703;9.136;9.962;24
2024-07-26;9.464;7.722;10.139;24
2024-07-27;11.887;9.980;13.012;24
2024-07-28;10.862;10.017;11.775;24
2024-07-29;8.472;6.255;10.294;24
2024-07-30;8.051;6.919;8.904;24
2024-07-31;7.127;6.875;7.334;24
2024-08-01;7.434;6.014;8.176;24
2024-08-02;7.673;7.519;7.827;24
2024-08-03;7.377;7.257;7.512;24
2024-08-04;6.848;5.085;7.435;24
2024-08-05;6.046;4.831;7.231;24
2024-08-06;6.485;5.836;6.849;24
2024-08-07;5.239;4.454;5.918;24
2024-08-08;4.847;4.459;5.335;24
2024-08-09;4.762;4.571;5.148;24
2024-08-10;9.395;5.401;11.195;24
2024-08-11;8.010;7.412;8.745;24
2024-08-12;6.941;6.549;7.363;24
2024-08-13;6.550;6.294;6.862;24
2024-08-14;6.747;6.077;7.761;24
2024-08-15;7.685;7.337;8.233;24
2024-08-16;11.531;6.071;21.251;24
2024-08-17;14.785;11.908;19.790;24
2024-08-18;10.614;9.458;11.813;24
2024-08-19;9.044;8.126;10.052;24
2024-08-20;6.023;5.300;8.804;24
2024-08-21;14.113;5.291;23.341;24
2024-08-22;15.562;12.407;21.122;24
2024-08-23;35.402;12.594;57.790;24
2024-08-24;39.998;29.388;52.268;24
2024-08-25;34.637;31.196;36.809;24
2024-08-26;31.743;28.221;43.572;24
2024-08-27;50.683;35.753;64.835;24
2024-08-28;30.029;25.841;35.209;24
2024-08-29;23.136;21.671;25.726;24
2024-08-30;19.547;17.919;21.154;24
2024-08-31;16.732;15.743;17.810;24
2025-05-01;2.602;2.222;4.633;24
2025-05-02;2.131;2.084;2.214;24
2025-05-03;2.599;2.043;3.879;24
2025-05-04;2.005;1.956;2.151;24
2025-05-05;2.426;1.926;4.561;24
2025-05-06;3.084;1.908;5.367;24
2025-05-07;2.263;1.767;4.086;24
2025-05-08;3.250;1.746;4.715;24
2025-05-09;4.551;3.694;5.622;24
2025-05-10;3.915;3.635;4.267;24
2025-05-11;1.876;1.471;3.902;24
2025-05-12;1.933;1.457;3.662;24
2025-05-13;2.055;1.393;4.070;24
2025-05-14;1.928;1.321;4.127;24
2025-05-15;1.773;1.266;3.515;24
2025-05-16;1.595;1.191;3.163;24
2025-05-17;1.513;1.155;2.988;24
2025-05-18;1.114;1.060;1.239;24
2025-05-19;1.050;1.026;1.072;24
2025-05-20;1.417;0.999;2.985;24
2025-05-21;1.469;0.997;3.113;24
2025-05-22;1.013;0.977;1.088;24
2025-05-23;1.472;1.024;3.100;24
2025-05-24;1.495;1.022;3.125;24
2025-05-25;1.006;0.973;1.197;24
2025-05-26;1.908;0.973;3.687;24
2025-05-27;1.595;1.385;2.935;24
2025-05-28;3.263;1.466;4.313;24
2025-05-29;2.762;2.351;3.310;24
2025-05-30;2.341;2.183;2.687;24
2025-05-31;3.142;2.755;3.350;24
2025-06-01;2.831;2.675;3.022;24
2025-06-02;2.983;2.829;3.060;24
2025-06-03;2.884;2.721;3.037;24
2025-06-04;3.304;2.657;4.790;24
2025-06-05;4.576;4.278;4.949;24
2025-06-06;4.618;4.257;6.566;24
2025-06-07;10.035;6.932;13.272;24
2025-06-08;8.592;7.100;10.917;24
2025-06-09;6.394;5.870;7.008;24
2025-06-10;5.526;5.309;5.840;24
2025-06-11;5.514;5.329;5.627;24
2025-06-12;5.187;4.961;5.544;24
2025-06-13;4.773;4.566;4.941;24
2025-06-14;4.427;4.278;4.585;24
2025-06-15;4.168;4.066;4.278;24
2025-06-16;3.945;3.797;4.063;24
2025-06-17;3.688;3.589;3.795;24
2025-06-18;3.393;3.195;3.573;24
2025-06-19;3.100;3.003;3.195;24
2025-06-20;2.694;2.557;3.003;24
2025-06-21;2.444;2.365;2.542;24
2025-06-22;2.276;2.190;2.365;24
2025-06-23;2.278;2.175;2.508;24
2025-06-24;2.961;2.429;4.193;24
2025-06-25;2.676;2.194;4.034;24
2025-06-26;2.882;2.045;3.982;24
2025-06-27;2.758;1.925;4.571;24
2025-06-28;3.042;2.564;4.229;24
2025-06-29;3.130;2.723;4.484;24
2025-06-30;2.460;2.280;2.721;24
2025-07-01;2.799;2.173;4.000;24
2025-07-02;2.822;2.005;3.935;24
2025-07-03;2.319;1.891;3.718;24
2025-07-04;2.380;1.717;3.782;24
2025-07-05;3.656;2.506;5.312;24
2025-07-06;6.265;4.607;7.199;24
2025-07-07;5.174;4.292;6.815;24
2025-07-08;4.005;3.298;5.159;24
2025-07-09;3.425;2.758;4.662;24
2025-07-10;2.974;2.544;4.327;24
2025-07-11;2.719;2.297;4.068;24
2025-07-12;2.520;2.093;3.867;24
2025-07-13;2.443;1.942;3.803;24
2025-07-14;2.333;1.816;3.703;24
2025-07-15;3.957;1.867;5.054;24
2025-07-16;3.012;1.700;5.028;24
2025-07-17;3.438;1.671;5.182;24
2025-07-18;2.928;1.565;5.168;24
2025-07-19;1.649;1.442;3.205;24
2025-07-20;1.396;1.354;1.431;24
2025-07-21;1.541;1.299;3.882;24
2025-07-22;3.468;1.913;4.742;24
2025-07-23;6.215;4.347;6.976;24
2025-07-24;5.040;3.662;6.278;24
2025-07-25;8.218;3.576;16.044;24
2025-07-26;6.400;4.519;7.263;24
2025-07-27;4.786;4.048;5.671;24
2025-07-28;3.993;3.468;5.205;24
2025-07-29;3.551;3.087;4.862;24
2025-07-30;3.396;2.911;4.936;24
2025-07-31;3.694;3.275;5.065;24
2025-08-01;3.685;3.125;4.935;24
2025-08-02;3.644;2.984;4.845;24
2025-08-03;3.291;2.909;4.745;24
2025-08-04;3.409;3.084;4.779;24
2025-08-05;7.645;3.156;15.379;24
2025-08-06;25.281;15.384;32.399;24
2025-08-07;19.126;16.025;22.682;24
2025-08-08;14.402;12.820;15.827;24
2025-08-09;11.679;10.407;13.467;24
2025-08-10;11.609;9.902;14.445;24
2025-08-11;11.411;9.988;13.626;24
2025-08-12;11.138;9.479;13.177;24
2025-08-13;10.499;8.667;12.242;24
2025-08-14;9.739;7.519;11.760;24
2025-08-15;9.417;7.344;11.259;24
2025-08-16;8.090;6.627;9.475;24
2025-08-17;7.110;5.921;8.980;24
2025-08-18;6.835;5.419;9.087;24
2025-08-19;6.091;4.767;8.049;24
2025-08-20;6.488;4.604;8.439;24
2025-08-21;6.058;4.188;7.548;24
2025-08-22;4.863;3.834;6.150;24
2025-08-23;4.126;3.421;5.557;24
2025-08-24;3.896;3.212;5.341;24
2025-08-25;3.642;2.994;5.208;24
2025-08-26;3.913;2.785;6.328;24
2025-08-27;3.612;2.616;5.592;24
2025-08-28;3.433;2.497;5.856;24
2025-08-29;3.453;2.422;5.072;24
2025-08-30;4.353;3.508;5.211;24
2025-08-31;4.182;3.198;5.495;24
