# Dognverdier for vannforing, tovdalselva. Stasjon 20.3.0 (Flakksvann), parameter 1001.
# Aggregert fra timesverdier. Dognet gaar fra 06 UTC dagen for
# til 06 UTC paa datoen - samme vindu som nedborfilene (PT6H).
# timer = antall timesverdier bak dognet, maks 24.
# Kilde: NVE HydAPI.
dato;vf_snitt;vf_min;vf_maks;timer
2016-05-01;44.167;40.689;50.802;24
2016-05-02;39.739;39.439;40.493;24
2016-05-03;50.584;39.826;65.695;24
2016-05-04;75.358;66.884;77.769;24
2016-05-05;77.765;77.227;78.948;24
2016-05-06;79.606;77.724;80.273;24
2016-05-07;73.175;67.936;77.048;24
2016-05-08;56.199;50.418;66.591;24
2016-05-09;48.107;47.212;49.964;24
2016-05-10;55.973;48.008;63.267;24
2016-05-11;65.835;61.788;69.293;24
2016-05-12;66.584;62.941;68.062;24
2016-05-13;57.927;56.584;61.929;24
2016-05-14;62.628;55.969;68.485;24
2016-05-15;51.313;43.924;63.676;24
2016-05-16;40.870;38.606;43.585;24
2016-05-17;36.410;34.287;38.431;24
2016-05-18;36.924;33.778;40.804;24
2016-05-19;41.353;40.869;41.643;24
2016-05-20;39.691;39.118;41.132;24
2016-05-21;38.046;37.341;38.989;24
2016-05-22;35.880;35.362;37.154;24
2016-05-23;33.007;30.125;37.325;24
2016-05-24;52.761;37.813;67.450;24
2016-05-25;72.614;67.935;75.060;24
2016-05-26;72.106;67.936;74.263;24
2016-05-27;57.806;54.843;66.612;24
2016-05-28;55.114;52.738;57.086;24
2016-05-29;46.489;40.265;54.730;24
2016-05-30;31.397;25.863;39.488;24
2016-05-31;39.439;25.163;64.187;24
2016-06-01;72.011;65.487;75.415;24
2016-06-02;76.311;75.638;76.733;24
2016-06-03;72.628;69.208;75.615;24
2016-06-04;64.985;61.426;68.910;24
2016-06-05;58.639;56.257;61.205;24
2016-06-06;54.159;51.774;56.045;24
2016-06-07;41.517;35.362;50.838;24
2016-06-08;29.204;25.254;34.860;24
2016-06-09;21.744;17.724;25.061;24
2016-06-10;16.832;15.556;19.588;24
2016-06-11;21.893;19.930;23.368;24
2016-06-12;23.793;23.505;23.943;24
2016-06-13;21.645;20.846;23.542;24
2016-06-14;22.066;21.484;22.325;24
2016-06-15;21.078;20.612;22.228;24
2016-06-16;20.672;20.310;21.460;24
2016-06-17;23.701;21.639;26.627;24
2016-06-18;27.648;26.786;27.981;24
2016-06-19;27.110;26.415;27.778;24
2016-06-20;20.195;14.835;26.165;24
2016-06-21;18.157;13.976;25.942;24
2016-06-22;29.269;26.481;30.266;24
2016-06-23;31.031;30.322;31.622;24
2016-06-24;31.432;31.061;31.593;24
2016-06-25;30.837;30.351;31.348;24
2016-06-26;29.822;29.341;30.308;24
2016-06-27;29.530;29.369;29.676;24
2016-06-28;30.697;29.648;32.187;24
2016-06-29;32.133;31.391;32.963;24
2016-06-30;34.195;32.610;35.331;24
2016-07-01;37.788;35.576;38.797;24
2016-07-02;44.421;38.383;50.037;24
2016-07-03;54.818;50.364;57.280;24
2016-07-04;58.161;57.377;58.626;24
2016-07-05;58.884;56.835;63.246;24
2016-07-06;63.889;61.265;64.846;24
2016-07-07;48.761;40.886;60.227;24
2016-07-08;41.409;39.053;43.992;24
2016-07-09;37.144;32.786;42.642;24
2016-07-10;25.114;19.158;32.303;24
2016-07-11;16.181;14.092;18.833;24
2016-07-12;15.449;13.443;19.999;24
2016-07-13;29.731;20.507;38.574;24
2016-07-14;38.809;36.299;41.975;24
2016-07-15;36.948;34.287;41.116;24
2016-07-16;32.608;32.129;34.032;24
2016-07-17;26.273;21.747;31.795;24
2016-07-18;19.503;17.898;21.508;24
2016-07-19;19.106;17.283;23.195;24
2016-07-20;26.017;23.592;27.012;24
2016-07-21;26.635;26.165;27.012;24
2016-07-22;25.695;25.215;26.152;24
2016-07-23;24.736;24.422;25.177;24
2016-07-24;24.756;24.410;24.843;24
2016-07-25;21.336;20.206;24.157;24
2016-07-26;22.791;21.615;23.356;24
2016-07-27;23.238;23.034;23.393;24
2016-07-28;23.500;22.874;24.448;24
2016-07-29;19.920;15.954;24.157;24
2016-07-30;15.427;14.363;16.933;24
2016-07-31;16.847;16.690;17.039;24
2016-08-01;18.639;16.890;21.140;24
2016-08-02;26.914;21.401;33.614;24
2016-08-03;35.500;33.972;35.975;24
2016-08-04;35.099;34.679;35.484;24
2016-08-05;45.033;35.118;59.770;24
2016-08-06;65.192;60.645;68.528;24
2016-08-07;71.548;68.804;72.682;24
2016-08-08;64.598;55.452;72.616;24
2016-08-09;57.954;54.011;62.009;24
2016-08-10;62.203;61.647;63.144;24
2016-08-11;65.078;63.369;65.882;24
2016-08-12;65.832;65.135;66.194;24
2016-08-13;64.463;62.636;65.404;24
2016-08-14;60.022;57.009;62.393;24
2016-08-15;46.723;39.891;56.238;24
2016-08-16;35.843;34.242;39.359;24
2016-08-17;33.680;33.214;34.152;24
2016-08-18;31.961;30.776;33.184;24
2016-08-19;29.693;28.691;30.719;24
2016-08-20;28.406;28.199;28.691;24
2016-08-21;28.144;27.995;28.349;24
2016-08-22;25.473;24.524;27.805;24
2016-08-23;31.294;25.590;34.212;24
2016-08-24;33.409;32.610;34.377;24
2016-08-25;31.667;30.762;33.007;24
2016-08-26;31.353;30.862;33.214;24
2016-08-27;35.557;33.600;36.067;24
2016-08-28;35.750;35.255;35.959;24
2016-08-29;33.013;31.969;35.133;24
2016-08-30;30.019;28.486;31.824;24
2016-08-31;28.204;27.900;28.582;24
2017-05-01;33.083;31.506;34.724;24
2017-05-02;29.877;28.308;31.420;24
2017-05-03;35.705;27.764;45.415;24
2017-05-04;42.948;40.167;45.243;24
2017-05-05;39.870;36.873;42.375;24
2017-05-06;41.628;35.790;48.008;24
2017-05-07;42.271;39.310;46.931;24
2017-05-08;36.688;35.194;39.053;24
2017-05-09;40.797;33.748;48.793;24
2017-05-10;48.067;43.315;52.849;24
2017-05-11;52.521;48.275;56.951;24
2017-05-12;53.823;51.387;56.218;24
2017-05-13;51.004;48.596;53.111;24
2017-05-14;44.105;40.984;50.346;24
2017-05-15;39.393;38.494;40.754;24
2017-05-16;43.887;37.341;52.607;24
2017-05-17;60.875;52.812;68.761;24
2017-05-18;67.976;59.770;80.227;24
2017-05-19;101.077;81.471;123.015;24
2017-05-20;151.709;125.616;164.760;24
2017-05-21;150.499;135.626;163.507;24
2017-05-22;123.017;113.844;134.319;24
2017-05-23;107.316;101.498;113.135;24
2017-05-24;95.231;86.827;100.957;24
2017-05-25;78.820;74.021;84.929;24
2017-05-26;62.256;55.720;72.748;24
2017-05-27;57.733;54.578;60.385;24
2017-05-28;49.576;42.927;58.176;24
2017-05-29;33.319;27.065;42.108;24
2017-05-30;32.181;25.759;41.643;24
2017-05-31;42.126;39.649;44.881;24
2017-06-01;31.087;22.520;42.793;24
2017-06-02;27.069;20.495;37.247;24
2017-06-03;31.201;27.320;36.842;24
2017-06-04;22.799;21.615;26.733;24
2017-06-05;22.429;22.047;23.010;24
2017-06-06;24.320;23.108;25.487;24
2017-06-07;28.885;24.384;40.216;24
2017-06-08;64.999;41.561;95.268;24
2017-06-09;149.786;99.492;184.174;24
2017-06-10;181.010;174.550;191.016;24
2017-06-11;199.661;187.550;204.952;24
2017-06-12;171.742;162.234;184.895;24
2017-06-13;144.817;120.211;161.428;24
2017-06-14;111.774;104.146;118.478;24
2017-06-15;88.847;79.563;102.481;24
2017-06-16;74.345;70.730;79.016;24
2017-06-17;69.176;68.464;70.665;24
2017-06-18;72.979;70.924;73.778;24
2017-06-19;70.449;67.471;73.010;24
2017-06-20;64.061;60.088;67.198;24
2017-06-21;54.896;51.572;59.177;24
2017-06-22;48.461;47.495;50.710;24
2017-06-23;46.332;45.174;47.548;24
2017-06-24;37.936;33.096;44.470;24
2017-06-25;25.072;19.383;32.508;24
2017-06-26;16.659;14.884;19.068;24
2017-06-27;16.912;14.373;21.783;24
2017-06-28;22.212;21.460;23.754;24
2017-06-29;29.724;23.955;36.082;24
2017-06-30;30.253;26.613;35.683;24
2017-07-01;24.192;22.532;26.323;24
2017-07-02;17.084;12.801;22.180;24
2017-07-03;10.578;9.536;12.554;24
2017-07-04;10.249;9.504;12.120;24
2017-07-05;12.904;12.192;14.549;24
2017-07-06;14.035;13.218;15.475;24
2017-07-07;15.532;14.924;16.617;24
2017-07-08;18.566;16.743;20.183;24
2017-07-09;15.955;12.517;20.102;24
2017-07-10;10.569;8.479;12.436;24
2017-07-11;7.944;7.239;9.576;24
2017-07-12;10.986;9.776;12.436;24
2017-07-13;11.887;11.328;12.372;24
2017-07-14;10.862;10.206;12.273;24
2017-07-15;9.371;9.019;10.133;24
2017-07-16;8.717;8.300;9.205;24
2017-07-17;8.852;8.441;9.221;24
2017-07-18;8.698;8.322;9.205;24
2017-07-19;8.385;8.050;8.857;24
2017-07-20;8.065;7.682;8.471;24
2017-07-21;8.106;7.596;9.011;24
2017-07-22;9.004;8.599;9.488;24
2017-07-23;8.585;8.174;9.464;24
2017-07-24;7.719;7.420;8.255;24
2017-07-25;7.495;7.128;8.086;24
2017-07-26;8.092;7.796;8.441;24
2017-07-27;8.015;7.653;8.441;24
2017-07-28;8.228;7.969;8.569;24
2017-07-29;8.277;7.977;8.584;24
2017-07-30;8.470;7.991;9.073;24
2017-07-31;9.150;8.690;10.092;24
2017-08-01;10.400;10.026;11.036;24
2017-08-02;12.520;11.036;15.556;24
2017-08-03;21.154;15.708;28.034;24
2017-08-04;46.390;28.430;67.366;24
2017-08-05;71.690;67.618;76.151;24
2017-08-06;79.500;76.464;81.217;24
2017-08-07;75.434;63.145;81.194;24
2017-08-08;59.736;56.854;62.070;24
2017-08-09;55.204;52.868;57.610;24
2017-08-10;57.941;55.185;62.009;24
2017-08-11;63.096;61.265;64.434;24
2017-08-12;55.056;48.382;61.105;24
2017-08-13;43.868;40.281;47.902;24
2017-08-14;35.031;33.585;39.601;24
2017-08-15;38.087;34.212;42.810;24
2017-08-16;37.260;34.769;41.909;24
2017-08-17;38.484;35.561;40.869;24
2017-08-18;36.726;34.754;42.125;24
2017-08-19;46.638;42.542;50.418;24
2017-08-20;45.129;44.214;48.454;24
2017-08-21;43.516;43.264;44.419;24
2017-08-22;47.655;43.146;52.385;24
2017-08-23;47.117;45.692;51.204;24
2017-08-24;43.579;41.660;45.727;24
2017-08-25;40.244;36.670;44.881;24
2017-08-26;34.891;32.992;36.484;24
2017-08-27;25.500;19.964;32.537;24
2017-08-28;21.394;19.599;23.754;24
2017-08-29;24.959;23.855;26.428;24
2017-08-30;31.424;26.178;38.018;24
2017-08-31;32.788;30.209;36.951;24
2018-05-01;98.235;93.363;114.584;24
2018-05-02;129.217;116.426;137.243;24
2018-05-03;135.159;132.430;137.273;24
2018-05-04;133.480;129.531;135.897;24
2018-05-05;127.569;125.486;129.036;24
2018-05-06;117.967;108.208;124.971;24
2018-05-07;100.446;94.878;106.987;24
2018-05-08;92.440;91.590;94.505;24
2018-05-09;91.881;90.540;92.573;24
2018-05-10;88.017;82.888;90.418;24
2018-05-11;81.634;76.509;86.946;24
2018-05-12;81.285;76.688;86.588;24
2018-05-13;90.108;87.017;92.155;24
2018-05-14;78.158;74.817;85.900;24
2018-05-15;74.579;70.256;77.836;24
2018-05-16;74.890;68.551;77.363;24
2018-05-17;62.022;59.021;66.488;24
2018-05-18;47.583;42.375;57.243;24
2018-05-19;44.926;38.877;52.162;24
2018-05-20;41.975;36.407;51.351;24
2018-05-21;27.689;21.842;35.668;24
2018-05-22;21.856;20.137;24.868;24
2018-05-23;24.797;23.592;26.627;24
2018-05-24;22.932;19.463;26.521;24
2018-05-25;17.652;16.838;19.102;24
2018-05-26;15.862;15.193;17.219;24
2018-05-27;13.976;13.557;15.033;24
2018-05-28;12.870;12.472;13.415;24
2018-05-29;12.253;11.546;12.847;24
2018-05-30;12.252;11.450;13.106;24
2018-05-31;12.418;11.651;13.274;24
2018-06-01;12.484;11.889;13.181;24
2018-06-02;11.635;11.182;12.517;24
2018-06-03;10.219;9.544;11.276;24
2018-06-04;8.154;7.343;9.425;24
2018-06-05;8.662;7.625;9.512;24
2018-06-06;8.549;8.182;9.385;24
2018-06-07;7.578;7.315;8.145;24
2018-06-08;7.784;7.540;8.167;24
2018-06-09;7.984;7.490;8.750;24
2018-06-10;8.243;7.883;8.758;24
2018-06-11;8.010;7.767;8.322;24
2018-06-12;8.020;7.689;8.494;24
2018-06-13;8.109;7.839;8.501;24
2018-06-14;7.856;7.568;8.174;24
2018-06-15;7.900;7.703;8.167;24
2018-06-16;7.870;7.582;8.182;24
2018-06-17;7.945;7.497;8.449;24
2018-06-18;8.355;8.057;8.804;24
2018-06-19;8.625;8.337;8.980;24
2018-06-20;8.642;8.300;8.988;24
2018-06-21;8.574;8.270;8.865;24
2018-06-22;8.415;8.204;8.865;24
2018-06-23;7.642;7.378;8.226;24
2018-06-24;7.171;6.843;7.568;24
2018-06-25;7.532;7.232;8.145;24
2018-06-26;8.231;7.911;8.842;24
2018-06-27;8.541;8.263;8.896;24
2018-06-28;7.997;7.653;8.591;24
2018-06-29;7.694;7.399;8.020;24
2018-06-30;7.444;7.204;7.883;24
2018-07-01;6.798;6.497;7.308;24
2018-07-02;6.823;6.537;7.260;24
2018-07-03;7.041;6.796;7.343;24
2018-07-04;7.029;6.823;7.239;24
2018-07-05;7.201;7.039;7.371;24
2018-07-06;7.215;6.985;7.455;24
2018-07-07;6.892;6.609;7.329;24
2018-07-08;6.348;6.090;6.796;24
2018-07-09;5.773;5.544;6.173;24
2018-07-10;5.534;5.382;5.678;24
2018-07-11;5.252;5.046;5.654;24
2018-07-12;4.765;4.572;5.093;24
2018-07-13;4.564;4.425;4.705;24
2018-07-14;4.418;4.269;4.616;24
2018-07-15;4.305;4.168;4.441;24
2018-07-16;4.218;4.095;4.371;24
2018-07-17;4.171;4.059;4.274;24
2018-07-18;4.317;4.205;4.528;24
2018-07-19;4.454;4.295;4.589;24
2018-07-20;4.561;4.441;4.672;24
2018-07-21;4.494;4.333;4.683;24
2018-07-22;4.294;4.142;4.468;24
2018-07-23;4.170;4.022;4.360;24
2018-07-24;4.070;3.935;4.264;24
2018-07-25;4.465;4.317;4.594;24
2018-07-26;4.331;4.163;4.594;24
2018-07-27;4.063;3.935;4.269;24
2018-07-28;3.735;3.605;3.961;24
2018-07-29;3.439;3.280;3.684;24
2018-07-30;3.118;2.983;3.345;24
2018-07-31;3.007;2.943;3.105;24
2018-08-01;3.522;3.127;3.955;24
2018-08-02;3.910;3.818;3.997;24
2018-08-03;3.796;3.684;3.935;24
2018-08-04;3.677;3.575;3.813;24
2018-08-05;3.495;3.383;3.639;24
2018-08-06;3.404;3.308;3.522;24
2018-08-07;3.411;3.327;3.493;24
2018-08-08;3.463;3.383;3.537;24
2018-08-09;3.631;3.556;3.713;24
2018-08-10;3.666;3.517;3.940;24
2018-08-11;4.030;3.955;4.158;24
2018-08-12;3.975;3.874;4.079;24
2018-08-13;3.684;3.159;4.012;24
2018-08-14;2.628;2.321;3.118;24
2018-08-15;2.655;2.337;3.105;24
2018-08-16;3.399;3.141;3.803;24
2018-08-17;4.168;3.854;4.644;24
2018-08-18;5.105;4.705;5.740;24
2018-08-19;5.618;5.417;5.833;24
2018-08-20;4.909;4.589;5.376;24
2018-08-21;4.305;4.121;4.567;24
2018-08-22;4.625;4.435;5.169;24
2018-08-23;5.741;5.239;6.756;24
2018-08-24;7.363;6.809;8.255;24
2018-08-25;8.221;7.847;8.712;24
2018-08-26;8.275;8.057;8.690;24
2018-08-27;7.718;7.371;8.115;24
2018-08-28;9.184;7.999;11.104;24
2018-08-29;11.188;10.672;11.836;24
2018-08-30;11.414;10.739;12.228;24
2018-08-31;11.439;10.900;12.165;24
2019-05-01;136.657;126.204;145.577;24
2019-05-02;116.642;109.409;125.314;24
2019-05-03;102.817;95.653;108.741;24
2019-05-04;88.704;82.561;94.455;24
2019-05-05;76.610;75.549;81.171;24
2019-05-06;72.434;66.445;75.593;24
2019-05-07;53.720;46.354;64.868;24
2019-05-08;41.161;39.681;45.416;24
2019-05-09;36.461;35.408;39.054;24
2019-05-10;42.047;37.593;48.723;24
2019-05-11;63.756;50.493;75.126;24
2019-05-12;80.529;75.861;83.074;24
2019-05-13;71.111;60.785;81.934;24
2019-05-14;60.371;56.141;64.187;24
2019-05-15;56.441;54.237;59.752;24
2019-05-16;50.370;47.937;53.749;24
2019-05-17;46.374;44.487;48.705;24
2019-05-18;42.109;39.423;44.590;24
2019-05-19;30.989;23.158;42.209;24
2019-05-20;19.443;17.166;22.727;24
2019-05-21;23.398;16.796;33.022;24
2019-05-22;37.019;30.733;45.779;24
2019-05-23;47.380;44.795;50.637;24
2019-05-24;54.873;50.911;60.386;24
2019-05-25;68.673;60.565;75.838;24
2019-05-26;67.935;61.929;74.462;24
2019-05-27;51.418;47.212;60.825;24
2019-05-28;54.501;46.808;61.808;24
2019-05-29;53.615;50.766;58.158;24
2019-05-30;47.330;44.453;49.657;24
2019-05-31;38.676;34.800;46.406;24
2019-06-01;32.255;31.262;34.362;24
2019-06-02;34.076;32.801;38.463;24
2019-06-03;34.674;30.876;38.654;24
2019-06-04;29.074;27.079;34.695;24
2019-06-05;42.891;35.776;47.389;24
2019-06-06;48.546;46.651;49.242;24
2019-06-07;42.804;39.294;46.283;24
2019-06-08;40.058;37.924;43.942;24
2019-06-09;33.652;30.691;40.054;24
2019-06-10;37.275;34.152;40.281;24
2019-06-11;48.068;40.428;64.909;24
2019-06-12;74.961;66.090;89.351;24
2019-06-13;96.348;91.004;102.352;24
2019-06-14;123.710;103.364;152.880;24
2019-06-15;135.268;114.610;156.424;24
2019-06-16;112.177;108.394;114.336;24
2019-06-17;104.853;95.178;113.653;24
2019-06-18;84.738;76.285;94.529;24
2019-06-19;70.745;66.507;75.771;24
2019-06-20;65.388;63.430;67.787;24
2019-06-21;67.411;66.027;68.125;24
2019-06-22;65.157;62.171;66.027;24
2019-06-23;51.400;44.078;61.185;24
2019-06-24;34.629;30.280;43.214;24
2019-06-25;36.051;29.928;43.771;24
2019-06-26;43.943;40.771;47.336;24
2019-06-27;44.615;41.397;46.545;24
2019-06-28;37.796;34.377;41.050;24
2019-06-29;34.749;30.648;40.200;24
2019-06-30;23.280;19.057;30.139;24
2019-07-01;16.806;14.024;19.046;24
2019-07-02;13.632;12.810;14.461;24
2019-07-03;14.074;13.051;16.325;24
2019-07-04;20.179;16.377;26.919;24
2019-07-05;22.299;20.333;26.587;24
2019-07-06;17.638;16.648;20.056;24
2019-07-07;15.633;14.131;17.444;24
2019-07-08;12.562;11.242;13.880;24
2019-07-09;10.442;9.945;11.079;24
2019-07-10;11.626;10.413;14.884;24
2019-07-11;16.391;15.203;18.390;24
2019-07-12;17.990;17.273;19.046;24
2019-07-13;17.164;15.113;19.046;24
2019-07-14;12.540;11.659;14.795;24
2019-07-15;9.812;8.896;11.519;24
2019-07-16;8.366;8.086;8.896;24
2019-07-17;8.123;7.724;8.591;24
2019-07-18;8.670;7.919;10.655;24
2019-07-19;11.247;10.866;11.589;24
2019-07-20;10.081;9.591;11.346;24
2019-07-21;9.828;9.003;12.319;24
2019-07-22;20.911;12.746;30.181;24
2019-07-23;37.614;30.705;46.773;24
2019-07-24;55.190;46.353;64.928;24
2019-07-25;63.687;61.888;65.425;24
2019-07-26;59.319;57.145;62.820;24
2019-07-27;45.491;40.411;55.836;24
2019-07-28;46.463;40.951;49.512;24
2019-07-29;38.965;34.876;45.763;24
2019-07-30;36.963;25.384;44.453;24
2019-07-31;19.072;15.667;24.614;24
2019-08-01;15.520;15.083;15.841;24
2019-08-02;16.904;14.500;22.362;24
2019-08-03;26.462;22.789;32.071;24
2019-08-04;24.943;18.833;31.911;24
2019-08-05;15.699;13.633;18.489;24
2019-08-06;14.424;12.921;17.465;24
2019-08-07;18.893;17.251;22.569;24
2019-08-08;34.028;23.220;40.902;24
2019-08-09;36.982;33.972;40.232;24
2019-08-10;36.725;33.229;41.495;24
2019-08-11;44.938;40.886;54.470;24
2019-08-12;64.643;57.674;68.063;24
2019-08-13;88.982;69.980;100.315;24
2019-08-14;100.959;98.021;103.000;24
2019-08-15;93.896;86.064;100.700;24
2019-08-16;79.509;75.861;85.401;24
2019-08-17;72.207;69.443;75.638;24
2019-08-18;109.159;72.903;120.998;24
2019-08-19;126.255;108.394;149.238;24
2019-08-20;157.542;150.450;159.735;24
2019-08-21;154.271;147.156;158.735;24
2019-08-22;131.406;114.940;146.257;24
2019-08-23;126.963;106.220;146.412;24
2019-08-24;149.359;146.938;150.554;24
2019-08-25;137.215;125.745;146.690;24
2019-08-26;109.489;96.155;124.257;24
2019-08-27;83.277;74.418;95.103;24
2019-08-28;68.829;64.701;73.888;24
2019-08-29;61.047;57.183;64.434;24
2019-08-30;56.729;55.567;57.377;24
2019-08-31;54.391;51.223;55.433;24
2020-05-01;42.448;40.935;47.530;24
2020-05-02;46.694;40.722;52.607;24
2020-05-03;43.389;37.389;51.498;24
2020-05-04;34.142;32.114;37.044;24
2020-05-05;44.777;32.611;54.957;24
2020-05-06;53.811;51.076;55.758;24
2020-05-07;45.042;40.935;50.400;24
2020-05-08;37.327;36.283;40.233;24
2020-05-09;38.207;37.514;38.351;24
2020-05-10;35.213;33.704;37.029;24
2020-05-11;31.205;27.967;35.852;24
2020-05-12;27.078;26.799;27.818;24
2020-05-13;35.764;27.764;40.869;24
2020-05-14;43.541;38.941;46.966;24
2020-05-15;45.556;42.727;47.849;24
2020-05-16;31.968;25.177;41.727;24
2020-05-17;22.112;20.194;24.830;24
2020-05-18;19.193;18.522;20.079;24
2020-05-19;21.911;18.390;28.267;24
2020-05-20;31.398;28.747;32.610;24
2020-05-21;32.608;31.969;32.742;24
2020-05-22;25.256;20.426;31.550;24
2020-05-23;20.961;19.203;24.677;24
2020-05-24;25.602;24.881;27.454;24
2020-05-25;40.261;27.941;56.797;24
2020-05-26;66.974;58.177;71.032;24
2020-05-27;60.366;54.881;68.698;24
2020-05-28;57.603;54.616;59.374;24
2020-05-29;63.610;58.567;67.956;24
2020-05-30;66.301;64.290;67.935;24
2020-05-31;61.381;57.416;64.064;24
2020-06-01;47.294;42.008;56.488;24
2020-06-02;43.172;39.310;45.918;24
2020-06-03;36.581;35.012;39.021;24
2020-06-04;34.174;33.495;34.951;24
2020-06-05;33.682;33.199;34.438;24
2020-06-06;56.055;35.028;69.616;24
2020-06-07;79.495;72.075;84.010;24
2020-06-08;77.951;75.193;83.893;24
2020-06-09;88.101;84.692;89.737;24
2020-06-10;82.888;76.958;87.783;24
2020-06-11;65.127;58.293;75.772;24
2020-06-12;54.129;50.528;57.864;24
2020-06-13;45.680;41.363;50.127;24
2020-06-14;35.490;33.451;40.706;24
2020-06-15;31.755;29.411;34.453;24
2020-06-16;29.401;28.117;31.377;24
2020-06-17;31.547;31.262;31.853;24
2020-06-18;34.256;31.190;40.722;24
2020-06-19;30.299;22.666;40.135;24
2020-06-20;19.599;18.346;22.277;24
2020-06-21;23.225;20.148;25.125;24
2020-06-22;28.137;25.383;29.022;24
2020-06-23;29.585;28.898;31.004;24
2020-06-24;33.208;31.205;34.982;24
2020-06-25;35.528;35.057;35.744;24
2020-06-26;34.929;34.077;35.606;24
2020-06-27;32.772;31.219;33.987;24
2020-06-28;29.000;27.995;30.990;24
2020-06-29;28.573;28.308;28.870;24
2020-06-30;28.747;28.294;29.858;24
2020-07-01;33.219;30.054;35.103;24
2020-07-02;30.493;29.858;32.260;24
2020-07-03;32.199;29.872;38.431;24
2020-07-04;40.113;38.606;41.247;24
2020-07-05;36.634;34.332;38.351;24
2020-07-06;36.859;34.152;39.086;24
2020-07-07;40.183;39.375;41.330;24
2020-07-08;45.381;41.793;47.019;24
2020-07-09;43.188;40.281;45.709;24
2020-07-10;37.403;34.936;40.151;24
2020-07-11;33.385;32.567;34.800;24
2020-07-12;31.040;29.648;32.420;24
2020-07-13;27.961;26.178;29.578;24
2020-07-14;24.737;23.630;26.008;24
2020-07-15;23.190;22.507;23.555;24
2020-07-16;21.693;20.822;22.568;24
2020-07-17;20.767;20.659;21.069;24
2020-07-18;21.969;21.128;22.727;24
2020-07-19;23.698;22.776;24.511;24
2020-07-20;24.487;24.119;24.664;24
2020-07-21;23.969;23.704;24.524;24
2020-07-22;24.761;23.405;27.494;24
2020-07-23;29.364;27.805;29.886;24
2020-07-24;29.417;28.609;30.847;24
2020-07-25;32.623;31.062;33.823;24
2020-07-26;30.766;30.209;31.781;24
2020-07-27;63.751;32.684;86.254;24
2020-07-28;80.485;77.566;86.188;24
2020-07-29;148.240;91.041;182.790;24
2020-07-30;243.452;190.032;266.055;24
2020-07-31;224.531;199.392;250.625;24
2020-08-01;171.994;148.106;197.025;24
2020-08-02;127.157;111.183;146.227;24
2020-08-03;98.144;87.975;110.187;24
2020-08-04;80.558;71.464;87.328;24
2020-08-05;61.361;55.033;70.364;24
2020-08-06;54.012;52.125;54.805;24
2020-08-07;50.505;48.525;52.107;24
2020-08-08;47.186;45.606;48.418;24
2020-08-09;43.388;41.461;45.398;24
2020-08-10;38.442;35.714;41.329;24
2020-08-11;33.093;29.244;35.530;24
2020-08-12;30.357;28.199;35.790;24
2020-08-13;35.951;33.614;36.810;24
2020-08-14;30.076;27.927;33.258;24
2020-08-15;26.923;26.217;27.859;24
2020-08-16;25.702;25.228;26.178;24
2020-08-17;24.732;24.157;25.177;24
2020-08-18;18.336;13.321;23.905;24
2020-08-19;10.425;8.531;12.995;24
2020-08-20;7.391;6.556;8.411;24
2020-08-21;8.911;6.451;13.738;24
2020-08-22;20.273;14.208;23.780;24
2020-08-23;20.369;19.827;22.059;24
2020-08-24;21.373;19.735;23.443;24
2020-08-25;25.407;23.567;27.172;24
2020-08-26;27.684;26.972;28.788;24
2020-08-27;31.062;28.636;35.042;24
2020-08-28;27.609;24.753;33.838;24
2020-08-29;21.973;20.705;24.346;24
2020-08-30;19.061;14.805;23.047;24
2020-08-31;12.894;11.898;14.549;24
2021-05-01;32.762;31.478;33.898;24
2021-05-02;27.847;26.574;31.277;24
2021-05-03;21.166;18.357;26.152;24
2021-05-04;22.664;18.833;27.186;24
2021-05-05;40.197;27.373;63.901;24
2021-05-06;70.207;65.156;71.529;24
2021-05-07;68.477;66.277;70.364;24
2021-05-08;63.623;61.506;66.110;24
2021-05-09;59.531;56.758;61.365;24
2021-05-10;52.009;50.073;55.873;24
2021-05-11;56.846;52.849;65.612;24
2021-05-12;78.309;67.094;85.495;24
2021-05-13;88.291;85.898;89.156;24
2021-05-14;80.244;71.790;88.963;24
2021-05-15;72.993;66.006;82.422;24
2021-05-16;89.833;83.214;95.578;24
2021-05-17;100.692;96.079;104.591;24
2021-05-18;108.140;104.852;111.805;24
2021-05-19;109.823;100.497;112.482;24
2021-05-20;92.058;88.119;97.694;24
2021-05-21;91.716;88.216;94.131;24
2021-05-22;84.898;80.274;87.903;24
2021-05-23;64.162;56.835;78.495;24
2021-05-24;79.476;67.936;87.591;24
2021-05-25;98.084;87.711;129.651;24
2021-05-26;137.133;131.577;141.897;24
2021-05-27;136.023;131.108;139.862;24
2021-05-28;149.684;138.263;158.430;24
2021-05-29;144.194;129.678;154.662;24
2021-05-30;105.558;92.278;127.012;24
2021-05-31;84.716;78.312;91.517;24
2021-06-01;73.442;69.635;77.927;24
2021-06-02;66.016;61.446;69.336;24
2021-06-03;57.103;54.352;60.366;24
2021-06-04;46.976;45.243;52.832;24
2021-06-05;50.331;48.401;51.112;24
2021-06-06;37.548;33.096;47.055;24
2021-06-07;25.979;22.035;32.611;24
2021-06-08;27.457;21.758;36.129;24
2021-06-09;35.317;32.493;38.718;24
2021-06-10;36.038;33.081;39.359;24
2021-06-11;30.263;26.376;37.908;24
2021-06-12;21.652;17.919;26.008;24
2021-06-13;15.379;13.595;17.606;24
2021-06-14;11.187;9.840;13.368;24
2021-06-15;12.760;10.026;14.755;24
2021-06-16;12.643;11.285;14.549;24
2021-06-17;18.919;13.454;22.095;24
2021-06-18;23.218;22.277;23.842;24
2021-06-19;26.960;23.830;32.318;24
2021-06-20;28.663;23.918;32.362;24
2021-06-21;17.464;13.181;23.294;24
2021-06-22;12.559;11.311;15.465;24
2021-06-23;17.128;15.790;19.553;24
2021-06-24;22.156;19.838;23.505;24
2021-06-25;18.891;16.046;23.306;24
2021-06-26;16.414;15.923;16.869;24
2021-06-27;14.994;13.976;16.087;24
2021-06-28;13.191;11.139;15.841;24
2021-06-29;11.639;11.070;12.372;24
2021-06-30;11.003;10.322;12.094;24
2021-07-01;9.503;9.221;10.182;24
2021-07-02;12.431;9.552;14.015;24
2021-07-03;10.683;9.393;12.618;24
2021-07-04;9.955;9.050;11.104;24
2021-07-05;11.178;10.396;12.291;24
2021-07-06;11.574;11.207;12.237;24
2021-07-07;11.259;10.305;13.293;24
2021-07-08;13.402;13.209;13.585;24
2021-07-09;15.858;12.527;30.062;24
2021-07-10;52.327;32.749;62.819;24
2021-07-11;62.800;55.548;67.093;24
2021-07-12;48.963;44.231;54.900;24
2021-07-13;43.523;41.083;44.487;24
2021-07-14;34.342;29.970;40.461;24
2021-07-15;26.085;24.359;29.508;24
2021-07-16;21.723;20.554;23.955;24
2021-07-17;30.069;23.668;32.816;24
2021-07-18;21.568;16.586;29.133;24
2021-07-19;14.149;12.031;16.512;24
2021-07-20;12.205;11.730;12.884;24
2021-07-21;11.934;11.441;12.773;24
2021-07-22;10.916;10.429;11.792;24
2021-07-23;10.006;9.480;10.832;24
2021-07-24;9.800;9.307;10.264;24
2021-07-25;9.688;9.182;10.231;24
2021-07-26;8.858;8.028;10.010;24
2021-07-27;12.569;8.652;16.670;24
2021-07-28;18.778;16.975;19.553;24
2021-07-29;16.428;14.726;19.474;24
2021-07-30;14.490;13.032;16.221;24
2021-07-31;13.586;13.218;14.667;24
2021-08-01;17.678;14.994;24.973;24
2021-08-02;32.335;26.351;34.483;24
2021-08-03;37.274;32.143;40.607;24
2021-08-04;38.196;36.857;39.989;24
2021-08-05;39.844;38.686;40.607;24
2021-08-06;37.215;35.882;39.423;24
2021-08-07;40.894;37.797;42.927;24
2021-08-08;35.257;31.867;41.660;24
2021-08-09;24.000;17.177;32.289;24
2021-08-10;19.734;15.475;26.415;24
2021-08-11;24.225;22.899;26.323;24
2021-08-12;20.677;20.010;22.520;24
2021-08-13;20.029;18.666;21.555;24
2021-08-14;20.566;19.895;21.128;24
2021-08-15;17.431;15.546;19.656;24
2021-08-16;14.490;13.861;15.434;24
2021-08-17;17.214;14.874;19.192;24
2021-08-18;16.346;14.775;18.822;24
2021-08-19;15.015;14.324;15.233;24
2021-08-20;12.382;10.790;14.179;24
2021-08-21;10.288;9.986;10.688;24
2021-08-22;9.893;9.615;10.338;24
2021-08-23;8.716;8.050;9.552;24
2021-08-24;9.112;8.115;10.182;24
2021-08-25;9.910;9.520;10.289;24
2021-08-26;10.393;9.905;10.934;24
2021-08-27;10.089;9.591;10.529;24
2021-08-28;9.468;9.057;10.043;24
2021-08-29;8.220;7.322;9.488;24
2021-08-30;8.268;7.540;9.229;24
2021-08-31;10.839;9.449;11.836;24
2022-05-01;36.824;34.528;38.208;24
2022-05-02;31.915;28.650;34.347;24
2022-05-03;26.398;25.009;28.376;24
2022-05-04;24.073;23.455;24.920;24
2022-05-05;23.535;23.219;24.359;24
2022-05-06;25.385;24.473;26.574;24
2022-05-07;30.793;26.945;32.978;24
2022-05-08;32.244;29.453;33.111;24
2022-05-09;25.540;22.997;29.036;24
2022-05-10;21.619;20.940;22.850;24
2022-05-11;21.103;20.893;21.317;24
2022-05-12;20.756;20.496;20.963;24
2022-05-13;20.599;20.415;20.952;24
2022-05-14;22.448;21.034;24.056;24
2022-05-15;25.021;24.220;25.318;24
2022-05-16;24.636;24.005;25.138;24
2022-05-17;23.003;22.047;23.968;24
2022-05-18;21.064;20.194;21.999;24
2022-05-19;19.506;18.911;20.102;24
2022-05-20;18.387;17.941;18.867;24
2022-05-21;17.316;16.617;17.908;24
2022-05-22;16.102;15.688;16.554;24
2022-05-23;15.069;14.412;15.647;24
2022-05-24;13.885;13.481;14.363;24
2022-05-25;14.274;13.566;14.549;24
2022-05-26;14.605;14.305;15.596;24
2022-05-27;16.971;15.861;17.412;24
2022-05-28;15.998;15.354;16.701;24
2022-05-29;14.835;14.402;15.324;24
2022-05-30;13.927;13.595;14.373;24
2022-05-31;13.181;12.819;13.566;24
2022-06-01;12.491;12.147;12.801;24
2022-06-02;11.855;11.695;12.094;24
2022-06-03;11.714;11.659;11.827;24
2022-06-04;12.009;11.818;12.192;24
2022-06-05;11.861;11.485;12.156;24
2022-06-06;11.263;11.027;11.458;24
2022-06-07;10.761;10.529;11.002;24
2022-06-08;10.570;10.463;10.764;24
2022-06-09;10.542;10.190;10.764;24
2022-06-10;10.009;9.679;10.165;24
2022-06-11;9.003;8.449;9.615;24
2022-06-12;8.118;7.789;8.411;24
2022-06-13;7.685;7.596;7.796;24
2022-06-14;7.424;7.287;7.625;24
2022-06-15;7.055;6.856;7.267;24
2022-06-16;6.690;6.556;6.850;24
2022-06-17;6.451;6.367;6.543;24
2022-06-18;6.386;6.295;6.504;24
2022-06-19;6.242;6.160;6.341;24
2022-06-20;6.054;6.002;6.135;24
2022-06-21;5.817;5.574;6.002;24
2022-06-22;5.307;5.029;5.562;24
2022-06-23;4.616;4.264;5.000;24
2022-06-24;3.950;3.708;4.242;24
2022-06-25;3.547;3.484;3.688;24
2022-06-26;3.299;3.127;3.484;24
2022-06-27;3.030;2.988;3.123;24
2022-06-28;3.277;3.001;3.426;24
2022-06-29;3.345;3.270;3.421;24
2022-06-30;3.130;3.068;3.256;24
2022-07-01;2.954;2.908;3.055;24
2022-07-02;2.873;2.834;2.899;24
2022-07-03;2.859;2.786;3.155;24
2022-07-04;3.290;3.159;3.383;24
2022-07-05;3.484;3.388;3.556;24
2022-07-06;3.383;3.331;3.459;24
2022-07-07;3.214;3.137;3.327;24
2022-07-08;3.058;3.024;3.118;24
2022-07-09;3.015;2.997;3.041;24
2022-07-10;2.840;2.718;3.001;24
2022-07-11;2.596;2.513;2.701;24
2022-07-12;2.410;2.361;2.497;24
2022-07-13;2.345;2.309;2.380;24
2022-07-14;2.276;2.247;2.309;24
2022-07-15;2.193;2.144;2.266;24
2022-07-16;2.083;2.047;2.151;24
2022-07-17;1.970;1.927;2.028;24
2022-07-18;1.902;1.888;1.920;24
2022-07-19;1.836;1.807;1.888;24
2022-07-20;1.737;1.698;1.810;24
2022-07-21;1.629;1.582;1.694;24
2022-07-22;1.581;1.543;1.618;24
2022-07-23;1.579;1.559;1.595;24
2022-07-24;1.543;1.511;1.579;24
2022-07-25;1.560;1.480;1.638;24
2022-07-26;1.832;1.628;1.905;24
2022-07-27;1.836;1.814;1.888;24
2022-07-28;1.724;1.681;1.817;24
2022-07-29;1.563;1.527;1.667;24
2022-07-30;1.472;1.439;1.537;24
2022-07-31;1.428;1.393;1.461;24
2022-08-01;1.508;1.439;1.575;24
2022-08-02;1.536;1.499;1.569;24
2022-08-03;1.791;1.566;1.948;24
2022-08-04;1.976;1.941;1.992;24
2022-08-05;2.019;1.948;2.088;24
2022-08-06;2.199;2.073;2.376;24
2022-08-07;2.526;2.384;2.718;24
2022-08-08;2.854;2.718;2.988;24
2022-08-09;2.979;2.877;3.041;24
2022-08-10;2.940;2.860;3.037;24
2022-08-11;2.768;2.697;2.856;24
2022-08-12;2.569;2.497;2.671;24
2022-08-13;2.377;2.325;2.481;24
2022-08-14;2.199;2.140;2.309;24
2022-08-15;2.008;1.920;2.125;24
2022-08-16;1.984;1.877;2.400;24
2022-08-17;2.328;2.262;2.428;24
2022-08-18;2.361;2.337;2.376;24
2022-08-19;2.364;2.321;2.424;24
2022-08-20;2.531;2.412;2.752;24
2022-08-21;3.044;2.765;3.474;24
2022-08-22;3.893;3.546;4.258;24
2022-08-23;4.331;4.232;4.398;24
2022-08-24;4.279;4.226;4.354;24
2022-08-25;4.216;4.163;4.264;24
2022-08-26;4.065;3.997;4.226;24
2022-08-27;6.493;4.064;9.872;24
2022-08-28;9.972;9.800;10.084;24
2022-08-29;9.110;8.659;9.784;24
2022-08-30;8.595;8.396;8.873;24
2022-08-31;9.117;8.896;9.417;24
2023-05-01;83.531;80.158;88.601;24
2023-05-02;79.162;77.814;80.365;24
2023-05-03;76.246;75.126;77.656;24
2023-05-04;74.406;73.734;75.060;24
2023-05-05;69.663;66.863;73.712;24
2023-05-06;70.097;69.229;70.514;24
2023-05-07;69.530;68.655;70.256;24
2023-05-08;67.318;66.361;68.613;24
2023-05-09;65.783;65.528;66.361;24
2023-05-10;66.389;64.310;69.657;24
2023-05-11;75.322;70.106;83.448;24
2023-05-12;97.003;84.551;107.942;24
2023-05-13;113.312;108.714;115.350;24
2023-05-14;114.480;113.434;115.296;24
2023-05-15;111.793;107.942;115.433;24
2023-05-16;113.370;112.320;113.980;24
2023-05-17;106.313;98.910;111.967;24
2023-05-18;95.009;92.228;97.895;24
2023-05-19;95.193;90.345;98.834;24
2023-05-20;78.774;68.508;89.350;24
2023-05-21;58.992;55.414;67.178;24
2023-05-22;52.425;50.948;54.919;24
2023-05-23;57.082;51.996;67.746;24
2023-05-24;68.700;64.990;73.536;24
2023-05-25;75.983;63.390;86.445;24
2023-05-26;72.788;67.409;78.585;24
2023-05-27;69.987;65.425;75.015;24
2023-05-28;71.953;65.238;77.093;24
2023-05-29;63.437;55.396;73.558;24
2023-05-30;46.884;41.050;53.862;24
2023-05-31;41.602;40.021;43.653;24
2023-06-01;37.372;33.318;42.793;24
2023-06-02;31.146;29.480;33.096;24
2023-06-03;28.125;26.999;29.411;24
2023-06-04;26.126;25.267;26.945;24
2023-06-05;24.295;23.269;25.215;24
2023-06-06;21.723;19.587;23.219;24
2023-06-07;17.817;16.628;19.417;24
2023-06-08;20.480;16.817;22.617;24
2023-06-09;18.894;18.313;20.496;24
2023-06-10;19.174;18.478;19.599;24
2023-06-11;17.319;15.923;18.478;24
2023-06-12;15.525;13.861;16.711;24
2023-06-13;12.635;11.424;13.861;24
2023-06-14;12.233;11.659;12.737;24
2023-06-15;12.465;12.156;12.810;24
2023-06-16;12.512;12.058;12.737;24
2023-06-17;11.668;11.346;12.058;24
2023-06-18;11.649;10.934;12.192;24
2023-06-19;10.840;10.026;11.328;24
2023-06-20;9.845;9.552;10.421;24
2023-06-21;11.946;10.521;13.284;24
2023-06-22;12.961;12.436;13.284;24
2023-06-23;11.928;11.554;12.381;24
2023-06-24;12.106;11.695;12.481;24
2023-06-25;11.498;11.173;11.871;24
2023-06-26;11.623;11.242;11.942;24
2023-06-27;12.189;11.216;12.691;24
2023-06-28;12.994;12.700;13.434;24
2023-06-29;12.006;11.250;12.727;24
2023-06-30;11.134;10.934;11.337;24
2023-07-01;11.101;10.900;11.233;24
2023-07-02;11.911;11.113;12.554;24
2023-07-03;10.757;9.275;11.695;24
2023-07-04;9.751;9.236;10.330;24
2023-07-05;11.197;10.454;11.898;24
2023-07-06;12.707;11.978;14.034;24
2023-07-07;19.089;14.432;23.517;24
2023-07-08;26.891;23.867;29.425;24
2023-07-09;36.653;29.914;41.346;24
2023-07-10;42.586;41.676;43.298;24
2023-07-11;44.587;43.264;45.381;24
2023-07-12;37.252;35.103;43.467;24
2023-07-13;31.836;28.595;35.073;24
2023-07-14;30.100;28.650;31.694;24
2023-07-15;36.819;32.027;39.487;24
2023-07-16;31.729;28.103;38.861;24
2023-07-17;27.676;26.919;28.705;24
2023-07-18;39.237;28.472;50.128;24
2023-07-19;58.900;50.801;70.257;24
2023-07-20;73.901;71.032;74.882;24
2023-07-21;63.446;55.509;73.097;24
2023-07-22;59.702;57.494;60.406;24
2023-07-23;57.338;55.362;59.513;24
2023-07-24;41.747;34.034;55.118;24
2023-07-25;45.816;38.113;50.037;24
2023-07-26;36.701;26.362;48.543;24
2023-07-27;21.586;18.522;25.916;24
2023-07-28;16.556;15.243;18.291;24
2023-07-29;19.344;15.233;24.144;24
2023-07-30;24.301;22.264;25.838;24
2023-07-31;19.931;16.838;22.289;24
2023-08-01;17.004;16.377;18.379;24
2023-08-02;18.945;18.522;19.531;24
2023-08-03;20.406;19.225;21.377;24
2023-08-04;15.642;13.041;19.023;24
2023-08-05;11.816;10.429;12.995;24
2023-08-06;12.042;10.421;12.838;24
2023-08-07;12.654;11.624;13.406;24
2023-08-08;12.055;11.502;12.508;24
2023-08-09;11.057;10.554;11.607;24
2023-08-10;11.791;11.087;12.103;24
2023-08-11;11.874;11.686;12.228;24
2023-08-12;17.210;12.481;20.647;24
2023-08-13;18.910;16.419;21.034;24
2023-08-14;15.753;14.334;16.954;24
2023-08-15;18.775;14.687;22.569;24
2023-08-16;28.360;23.047;31.005;24
2023-08-17;37.688;31.637;41.264;24
2023-08-18;38.953;37.029;40.771;24
2023-08-19;37.685;36.391;39.166;24
2023-08-20;38.277;30.506;63.374;24
2023-08-21;76.060;66.301;80.021;24
2023-08-22;80.744;79.198;81.563;24
2023-08-23;74.898;70.687;78.834;24
2023-08-24;66.491;62.819;70.299;24
2023-08-25;59.627;57.435;62.495;24
2023-08-26;57.306;57.183;57.571;24
2023-08-27;54.856;51.277;57.688;24
2023-08-28;56.349;53.167;58.176;24
2023-08-29;48.916;45.070;56.315;24
2023-08-30;52.163;46.057;55.892;24
2023-08-31;60.598;56.122;63.941;24
2024-05-01;59.508;45.434;67.999;24
2024-05-02;57.090;53.092;65.924;24
2024-05-03;59.460;55.472;71.356;24
2024-05-04;82.541;72.355;96.481;24
2024-05-05;96.304;91.835;99.880;24
2024-05-06;97.867;91.860;103.728;24
2024-05-07;103.908;100.213;105.010;24
2024-05-08;103.118;101.369;104.852;24
2024-05-09;99.227;96.305;101.318;24
2024-05-10;81.529;72.442;95.954;24
2024-05-11;67.078;63.002;72.616;24
2024-05-12;57.486;54.786;62.495;24
2024-05-13;51.842;47.831;56.874;24
2024-05-14;45.359;43.534;47.565;24
2024-05-15;47.511;43.281;50.619;24
2024-05-16;51.077;49.278;53.185;24
2024-05-17;48.678;45.433;51.296;24
2024-05-18;40.222;37.719;45.019;24
2024-05-19;36.308;34.453;39.166;24
2024-05-20;33.243;30.634;35.898;24
2024-05-21;28.987;27.872;30.464;24
2024-05-22;30.341;28.185;31.463;24
2024-05-23;31.014;29.830;32.143;24
2024-05-24;30.456;28.898;32.728;24
2024-05-25;33.735;32.845;34.407;24
2024-05-26;36.186;33.184;39.520;24
2024-05-27;33.738;30.209;37.388;24
2024-05-28;31.489;30.322;32.245;24
2024-05-29;32.973;32.216;34.047;24
2024-05-30;42.893;34.257;58.805;24
2024-05-31;72.225;60.546;83.074;24
2024-06-01;94.742;84.269;100.136;24
2024-06-02;94.868;88.144;99.906;24
2024-06-03;79.457;73.273;87.592;24
2024-06-04;70.373;67.097;73.032;24
2024-06-05;56.765;49.837;66.823;24
2024-06-06;41.825;36.301;51.522;24
2024-06-07;53.558;45.373;57.355;24
2024-06-08;57.668;55.689;60.146;24
2024-06-09;49.665;39.668;60.362;24
2024-06-10;33.787;30.589;39.376;24
2024-06-11;38.237;32.337;45.703;24
2024-06-12;50.394;46.624;52.028;24
2024-06-13;53.702;52.305;54.880;24
2024-06-14;56.407;54.936;57.750;24
2024-06-15;55.787;53.149;58.133;24
2024-06-16;73.873;57.674;102.625;24
2024-06-17;124.340;103.950;153.837;24
2024-06-18;173.627;156.917;179.782;24
2024-06-19;212.209;182.562;225.725;24
2024-06-20;189.115;179.265;216.455;24
2024-06-21;154.680;131.917;177.926;24
2024-06-22;115.501;99.772;130.801;24
2024-06-23;90.275;81.193;99.055;24
2024-06-24;74.519;69.959;80.454;24
2024-06-25;66.610;63.764;69.637;24
2024-06-26;61.250;58.618;63.579;24
2024-06-27;54.022;52.195;58.088;24
2024-06-28;49.839;46.755;52.119;24
2024-06-29;37.410;31.904;46.107;24
2024-06-30;26.842;23.056;32.568;24
2024-07-01;22.484;19.231;25.683;24
2024-07-02;20.024;18.744;22.688;24
2024-07-03;23.749;22.689;24.650;24
2024-07-04;23.786;21.120;30.137;24
2024-07-05;24.969;19.953;30.928;24
2024-07-06;19.962;18.904;21.352;24
2024-07-07;24.645;22.287;27.375;24
2024-07-08;22.271;20.582;26.852;24
2024-07-09;38.077;28.306;43.176;24
2024-07-10;40.667;38.306;43.443;24
2024-07-11;43.221;39.886;46.698;24
2024-07-12;55.028;47.506;59.685;24
2024-07-13;62.189;59.921;63.791;24
2024-07-14;63.101;62.370;63.789;24
2024-07-15;56.991;51.449;62.704;24
2024-07-16;71.330;59.604;78.712;24
2024-07-17;83.317;79.233;86.317;24
2024-07-18;87.309;85.793;88.901;24
2024-07-19;81.582;76.030;85.531;24
2024-07-20;71.062;67.378;75.560;24
2024-07-21;63.940;61.095;67.103;24
2024-07-22;62.054;58.617;74.696;24
2024-07-23;84.397;76.632;87.484;24
2024-07-24;85.358;79.872;87.741;24
2024-07-25;64.095;55.662;78.503;24
2024-07-26;62.346;59.599;64.793;24
2024-07-27;69.359;65.433;70.497;24
2024-07-28;67.563;65.495;69.707;24
2024-07-29;54.515;45.308;65.411;24
2024-07-30;48.487;45.068;52.342;24
2024-07-31;45.795;41.525;50.087;24
2024-08-01;40.520;34.764;46.072;24
2024-08-02;34.366;31.061;37.762;24
2024-08-03;28.394;26.955;30.962;24
2024-08-04;24.072;20.375;29.541;24
2024-08-05;19.404;16.990;21.947;24
2024-08-06;19.367;17.854;22.628;24
2024-08-07;28.668;23.498;30.740;24
2024-08-08;30.877;27.852;34.126;24
2024-08-09;24.069;21.651;27.981;24
2024-08-10;23.060;19.383;26.481;24
2024-08-11;17.841;15.861;19.690;24
2024-08-12;20.250;17.188;21.940;24
2024-08-13;25.075;22.814;27.052;24
2024-08-14;24.644;21.854;27.589;24
2024-08-15;25.940;25.074;26.375;24
2024-08-16;35.720;26.600;44.061;24
2024-08-17;46.247;43.992;50.418;24
2024-08-18;45.035;38.813;51.664;24
2024-08-19;36.913;30.719;42.441;24
2024-08-20;35.460;30.748;42.978;24
2024-08-21;57.161;43.518;82.678;24
2024-08-22;71.418;60.028;84.127;24
2024-08-23;75.686;65.612;87.592;24
2024-08-24;103.115;88.312;114.500;24
2024-08-25;117.611;111.021;132.725;24
2024-08-26;152.292;133.196;170.566;24
2024-08-27;159.297;146.381;168.983;24
2024-08-28;152.909;136.405;162.624;24
2024-08-29;123.464;112.130;135.123;24
2024-08-30;94.048;84.410;110.591;24
2024-08-31;76.088;70.428;83.612;24
2025-05-01;18.869;17.401;20.472;24
2025-05-02;18.013;16.367;19.372;24
2025-05-03;15.159;14.063;16.356;24
2025-05-04;13.521;12.783;14.140;24
2025-05-05;13.016;12.481;13.443;24
2025-05-06;13.654;12.737;14.520;24
2025-05-07;14.446;14.053;14.667;24
2025-05-08;15.004;14.490;15.424;24
2025-05-09;14.701;14.324;15.023;24
2025-05-10;14.878;14.034;15.485;24
2025-05-11;12.602;11.096;14.092;24
2025-05-12;11.305;10.471;11.880;24
2025-05-13;10.373;9.816;10.790;24
2025-05-14;11.212;10.554;11.783;24
2025-05-15;10.729;9.978;11.242;24
2025-05-16;9.961;9.283;10.380;24
2025-05-17;9.383;8.788;9.735;24
2025-05-18;8.985;8.509;9.472;24
2025-05-19;8.736;8.322;9.050;24
2025-05-20;8.412;7.933;8.728;24
2025-05-21;8.163;7.759;8.500;24
2025-05-22;8.170;7.825;8.397;24
2025-05-23;8.950;8.157;9.428;24
2025-05-24;9.027;8.583;9.415;24
2025-05-25;8.875;8.460;9.277;24
2025-05-26;9.297;8.560;9.751;24
2025-05-27;9.288;8.750;9.722;24
2025-05-28;10.974;8.974;12.204;24
2025-05-29;12.454;11.952;12.954;24
2025-05-30;15.037;12.260;16.792;24
2025-05-31;21.317;17.148;25.041;24
2025-06-01;27.921;25.236;31.022;24
2025-06-02;26.627;22.507;29.807;24
2025-06-03;20.310;18.083;22.398;24
2025-06-04;16.279;14.608;18.072;24
2025-06-05;14.616;13.756;15.597;24
2025-06-06;23.452;16.420;25.995;24
2025-06-07;26.733;24.881;28.212;24
2025-06-08;30.860;28.186;33.793;24
2025-06-09;26.310;23.842;29.676;24
2025-06-10;23.402;21.603;24.587;24
2025-06-11;21.128;20.519;22.716;24
2025-06-12;27.994;23.506;30.140;24
2025-06-13;31.686;28.815;34.679;24
2025-06-14;25.866;21.472;30.026;24
2025-06-15;18.354;16.005;21.329;24
2025-06-16;14.891;13.718;16.046;24
2025-06-17;16.176;14.402;17.219;24
2025-06-18;16.251;15.083;17.380;24
2025-06-19;13.507;11.774;15.073;24
2025-06-20;11.007;9.880;11.765;24
2025-06-21;9.963;9.560;10.264;24
2025-06-22;11.082;10.215;11.607;24
2025-06-23;12.922;11.555;13.928;24
2025-06-24;10.898;8.650;11.881;15
2025-06-25;7.941;7.190;8.531;24
2025-06-26;10.568;7.239;14.549;24
2025-06-27;14.973;12.309;16.294;24
2025-06-28;9.620;8.712;11.978;24
2025-06-29;9.186;8.652;9.639;24
2025-06-30;7.900;7.197;8.411;24
2025-07-01;6.657;6.373;7.060;24
2025-07-02;6.778;6.341;7.135;24
2025-07-03;6.976;6.537;7.343;24
2025-07-04;6.812;6.464;6.985;24
2025-07-05;6.568;6.347;6.689;24
2025-07-06;5.959;5.526;6.289;24
2025-07-07;5.231;4.886;5.453;24
2025-07-08;4.569;4.295;4.840;24
2025-07-09;4.390;4.285;4.484;24
2025-07-10;4.508;4.306;4.616;24
2025-07-11;4.868;4.506;5.023;24
2025-07-12;5.371;4.983;5.544;24
2025-07-13;5.738;5.447;5.895;24
2025-07-14;5.867;5.544;6.090;24
2025-07-15;5.455;5.110;5.617;24
2025-07-16;5.098;4.840;5.221;24
2025-07-17;5.099;4.823;5.233;24
2025-07-18;5.410;5.139;5.550;24
2025-07-19;5.658;5.382;5.814;24
2025-07-20;5.866;5.641;6.078;24
2025-07-21;5.826;5.544;6.027;24
2025-07-22;6.403;5.550;6.829;24
2025-07-23;6.818;6.244;7.191;24
2025-07-24;6.062;5.496;6.367;24
2025-07-25;5.288;4.914;5.465;24
2025-07-26;4.950;4.733;5.081;24
2025-07-27;4.843;4.644;4.989;24
2025-07-28;4.770;4.600;4.926;24
2025-07-29;4.771;4.605;4.954;24
2025-07-30;5.052;4.616;5.376;24
2025-07-31;5.135;4.886;5.292;24
2025-08-01;5.075;4.886;5.233;24
2025-08-02;5.321;4.977;5.472;24
2025-08-03;6.199;5.447;6.823;24
2025-08-04;7.857;6.937;8.622;24
2025-08-05;10.642;8.743;13.833;24
2025-08-06;13.764;12.445;14.726;24
2025-08-07;11.631;10.866;12.427;24
2025-08-08;11.747;10.993;12.508;24
2025-08-09;13.324;12.691;13.775;24
2025-08-10;11.602;10.630;12.691;24
2025-08-11;9.814;9.362;10.521;24
2025-08-12;11.508;9.848;13.368;24
2025-08-13;15.044;13.699;15.749;24
2025-08-14;13.303;12.049;14.835;24
2025-08-15;12.397;11.668;12.875;24
2025-08-16;13.149;11.721;14.140;24
2025-08-17;10.425;9.299;11.616;24
2025-08-18;8.982;8.381;9.338;24
2025-08-19;8.290;7.803;8.576;24
2025-08-20;7.937;7.682;8.293;24
2025-08-21;9.951;8.561;10.596;24
2025-08-22;11.476;10.488;12.327;24
2025-08-23;10.979;9.864;11.792;24
2025-08-24;9.034;7.912;9.840;24
2025-08-25;7.537;6.796;7.883;24
2025-08-26;6.584;6.192;6.789;24
2025-08-27;6.878;6.302;7.149;24
2025-08-28;8.078;7.046;9.331;24
2025-08-29;10.760;9.584;11.942;24
2025-08-30;10.913;9.784;12.212;24
2025-08-31;21.188;13.080;24.321;24
