# Dognverdier for vannforing, lygna. Stasjon 24.9.0 (Tingvatn (Lygne)), parameter 1001.
# Aggregert fra timesverdier. Dognet gaar fra 06 UTC dagen for
# til 06 UTC paa datoen - samme vindu som nedborfilene (PT6H).
# timer = antall timesverdier bak dognet, maks 24.
# Kilde: NVE HydAPI.
dato;vf_snitt;vf_min;vf_maks;timer
2016-05-01;8.667;7.770;9.555;24
2016-05-02;10.108;9.619;10.611;24
2016-05-03;12.071;10.684;15.471;24
2016-05-04;23.366;16.189;28.330;24
2016-05-05;29.797;28.503;30.232;24
2016-05-06;28.648;27.185;29.968;24
2016-05-07;25.842;24.746;27.113;24
2016-05-08;24.259;23.974;24.648;24
2016-05-09;26.222;24.625;28.084;24
2016-05-10;29.643;28.280;30.429;24
2016-05-11;30.077;29.150;30.498;24
2016-05-12;27.934;26.850;29.025;24
2016-05-13;25.976;24.944;26.747;24
2016-05-14;23.318;21.611;24.822;24
2016-05-15;19.703;17.784;21.403;24
2016-05-16;16.172;14.672;17.660;24
2016-05-17;13.170;11.963;14.540;24
2016-05-18;11.029;10.216;11.865;24
2016-05-19;9.544;9.018;10.145;24
2016-05-20;8.548;8.167;8.981;24
2016-05-21;8.140;8.013;8.245;24
2016-05-22;8.659;8.071;9.555;24
2016-05-23;13.026;9.653;18.380;24
2016-05-24;23.176;18.884;25.680;24
2016-05-25;25.026;23.516;25.797;24
2016-05-26;21.264;19.031;23.479;24
2016-05-27;17.063;15.338;18.870;24
2016-05-28;13.598;12.174;15.169;24
2016-05-29;11.172;10.251;12.085;24
2016-05-30;9.411;8.664;10.180;24
2016-05-31;8.420;8.167;8.790;24
2016-06-01;8.086;7.910;8.288;24
2016-06-02;7.904;7.823;7.994;24
2016-06-03;7.672;7.520;7.834;24
2016-06-04;7.228;6.868;7.520;24
2016-06-05;6.376;5.957;6.809;24
2016-06-06;5.479;5.112;5.928;24
2016-06-07;4.729;4.396;5.108;24
2016-06-08;4.038;3.841;4.349;24
2016-06-09;3.517;3.323;3.890;24
2016-06-10;3.116;2.865;3.301;24
2016-06-11;2.591;2.450;2.842;24
2016-06-12;2.406;2.311;2.502;24
2016-06-13;2.214;2.128;2.308;24
2016-06-14;2.009;1.927;2.126;24
2016-06-15;1.818;1.769;1.924;24
2016-06-16;1.736;1.673;1.817;24
2016-06-17;1.786;1.763;1.819;24
2016-06-18;1.844;1.739;1.907;24
2016-06-19;1.827;1.785;1.877;24
2016-06-20;1.710;1.601;1.817;24
2016-06-21;1.898;1.601;2.144;24
2016-06-22;2.423;2.177;2.704;24
2016-06-23;2.947;2.713;3.233;24
2016-06-24;3.409;3.244;3.593;24
2016-06-25;3.707;3.564;3.813;24
2016-06-26;3.822;3.789;3.878;24
2016-06-27;4.664;4.085;5.567;24
2016-06-28;6.714;5.671;7.721;24
2016-06-29;8.620;7.766;9.343;24
2016-06-30;10.344;9.360;12.135;24
2016-07-01;16.273;12.418;19.324;24
2016-07-02;22.406;19.625;24.890;24
2016-07-03;26.656;24.997;28.470;24
2016-07-04;28.437;27.564;28.925;24
2016-07-05;25.254;22.853;27.434;24
2016-07-06;20.141;17.827;22.580;24
2016-07-07;15.594;13.472;17.710;24
2016-07-08;12.094;10.983;13.341;24
2016-07-09;9.969;9.159;10.904;24
2016-07-10;8.262;7.557;9.130;24
2016-07-11;7.153;6.699;7.539;24
2016-07-12;6.799;6.623;7.196;24
2016-07-13;7.635;7.229;8.009;24
2016-07-14;8.284;8.059;8.437;24
2016-07-15;8.522;8.366;8.624;24
2016-07-16;8.489;8.187;8.648;24
2016-07-17;7.780;7.366;8.132;24
2016-07-18;7.039;6.578;7.330;24
2016-07-19;6.204;5.760;6.551;24
2016-07-20;5.382;5.079;5.707;24
2016-07-21;4.692;4.396;5.049;24
2016-07-22;4.112;3.884;4.453;24
2016-07-23;3.589;3.432;3.856;24
2016-07-24;3.206;3.066;3.396;24
2016-07-25;2.872;2.729;3.045;24
2016-07-26;2.702;2.624;2.825;24
2016-07-27;2.541;2.466;2.640;24
2016-07-28;2.954;2.470;3.835;24
2016-07-29;4.952;3.933;5.995;24
2016-07-30;8.415;6.100;11.324;24
2016-07-31;13.531;11.581;14.783;24
2016-08-01;15.188;14.911;15.503;24
2016-08-02;15.585;15.344;15.738;24
2016-08-03;14.579;13.709;15.293;24
2016-08-04;13.944;13.092;16.040;24
2016-08-05;20.908;16.298;25.984;24
2016-08-06;28.078;26.281;28.867;24
2016-08-07;26.014;23.114;28.198;24
2016-08-08;20.767;19.102;22.925;24
2016-08-09;21.925;19.461;24.048;24
2016-08-10;24.266;23.692;24.776;24
2016-08-11;21.995;19.976;23.729;24
2016-08-12;17.945;16.075;19.863;24
2016-08-13;14.878;13.911;15.947;24
2016-08-14;13.688;13.535;13.890;24
2016-08-15;13.333;12.800;13.608;24
2016-08-16;12.228;11.610;12.770;24
2016-08-17;10.801;10.176;11.543;24
2016-08-18;9.381;8.721;10.114;24
2016-08-19;8.007;7.465;8.665;24
2016-08-20;7.276;7.107;7.428;24
2016-08-21;7.018;6.804;7.345;24
2016-08-22;7.966;7.385;8.753;24
2016-08-23;9.758;8.855;10.543;24
2016-08-24;10.864;10.593;10.936;24
2016-08-25;10.551;10.149;10.830;24
2016-08-26;9.911;9.704;10.136;24
2016-08-27;9.855;9.730;9.960;24
2016-08-28;9.416;9.076;9.717;24
2016-08-29;8.611;8.183;9.022;24
2016-08-30;7.736;7.240;8.128;24
2016-08-31;6.840;6.388;7.250;24
2017-05-01;8.728;8.632;8.822;24
2017-05-02;8.394;8.183;8.673;24
2017-05-03;7.978;7.766;8.159;24
2017-05-04;7.662;7.587;7.736;24
2017-05-05;7.660;7.591;7.717;24
2017-05-06;7.904;7.706;8.144;24
2017-05-07;8.348;8.109;8.588;24
2017-05-08;8.935;8.576;9.209;24
2017-05-09;9.526;9.196;9.726;24
2017-05-10;9.742;9.627;9.821;24
2017-05-11;9.656;9.584;9.726;24
2017-05-12;9.363;9.184;9.555;24
2017-05-13;9.038;8.904;9.180;24
2017-05-14;9.080;8.887;9.589;24
2017-05-15;10.941;9.687;12.288;24
2017-05-16;13.363;12.432;14.332;24
2017-05-17;17.543;14.337;21.717;24
2017-05-18;26.173;22.103;39.736;24
2017-05-19;66.525;43.616;75.230;24
2017-05-20;68.706;60.660;75.005;24
2017-05-21;50.731;42.732;59.906;24
2017-05-22;35.961;30.653;42.072;24
2017-05-23;26.363;22.911;30.284;24
2017-05-24;19.974;17.617;22.623;24
2017-05-25;15.700;13.842;17.469;24
2017-05-26;12.467;11.249;13.714;24
2017-05-27;10.263;9.482;11.160;24
2017-05-28;8.676;8.055;9.415;24
2017-05-29;7.445;7.078;7.929;24
2017-05-30;6.447;5.895;7.025;24
2017-05-31;5.576;5.313;5.837;24
2017-06-01;5.207;4.931;5.456;24
2017-06-02;4.628;4.292;4.946;24
2017-06-03;4.232;4.113;4.319;24
2017-06-04;4.016;3.911;4.107;24
2017-06-05;3.806;3.690;3.908;24
2017-06-06;3.532;3.446;3.649;24
2017-06-07;3.581;3.357;3.990;24
2017-06-08;5.858;4.043;8.226;24
2017-06-09;10.964;8.466;13.346;24
2017-06-10;15.968;13.551;18.723;24
2017-06-11;20.138;18.896;20.804;24
2017-06-12;20.656;20.276;20.989;24
2017-06-13;20.758;20.276;21.202;24
2017-06-14;20.387;19.044;21.299;24
2017-06-15;17.484;15.894;18.954;24
2017-06-16;14.613;14.002;15.796;24
2017-06-17;13.583;12.795;14.131;24
2017-06-18;12.086;11.386;12.724;24
2017-06-19;10.753;10.114;11.315;24
2017-06-20;9.463;8.904;10.044;24
2017-06-21;8.186;7.520;8.961;24
2017-06-22;6.989;6.441;7.513;24
2017-06-23;6.014;5.579;6.432;24
2017-06-24;5.498;5.417;5.591;24
2017-06-25;5.615;5.456;5.826;24
2017-06-26;6.874;5.756;8.774;24
2017-06-27;10.796;9.064;12.080;24
2017-06-28;12.852;12.164;13.051;24
2017-06-29;12.612;12.125;13.035;24
2017-06-30;11.171;10.372;12.139;24
2017-07-01;9.570;8.830;10.296;24
2017-07-02;8.050;7.484;8.810;24
2017-07-03;6.891;6.245;7.513;24
2017-07-04;5.886;5.535;6.241;24
2017-07-05;5.164;4.762;5.504;24
2017-07-06;4.403;4.084;4.727;24
2017-07-07;3.740;3.523;4.059;24
2017-07-08;3.335;3.255;3.503;24
2017-07-09;3.119;2.940;3.230;24
2017-07-10;2.794;2.678;2.930;24
2017-07-11;2.723;2.640;2.801;24
2017-07-12;2.841;2.783;2.902;24
2017-07-13;3.016;2.875;3.179;24
2017-07-14;2.978;2.882;3.113;24
2017-07-15;2.904;2.885;2.922;24
2017-07-16;2.884;2.823;3.019;24
2017-07-17;3.093;3.006;3.201;24
2017-07-18;3.217;3.161;3.329;24
2017-07-19;3.219;3.163;3.282;24
2017-07-20;3.130;3.055;3.185;24
2017-07-21;3.035;2.942;3.118;24
2017-07-22;3.075;3.048;3.105;24
2017-07-23;3.115;3.066;3.163;24
2017-07-24;3.091;3.048;3.158;24
2017-07-25;3.034;2.981;3.084;24
2017-07-26;2.912;2.860;2.965;24
2017-07-27;2.759;2.694;2.845;24
2017-07-28;3.061;2.721;3.255;24
2017-07-29;3.434;3.263;3.616;24
2017-07-30;4.019;3.640;4.556;24
2017-07-31;5.599;4.625;7.009;24
2017-08-01;8.949;7.160;10.913;24
2017-08-02;12.756;11.085;14.727;24
2017-08-03;17.968;14.883;20.539;24
2017-08-04;27.328;20.425;36.905;24
2017-08-05;48.670;37.700;54.804;24
2017-08-06;50.048;44.157;54.535;24
2017-08-07;37.501;31.627;43.782;24
2017-08-08;29.233;28.486;31.251;24
2017-08-09;27.106;25.426;28.420;24
2017-08-10;24.711;24.108;25.487;24
2017-08-11;22.496;20.621;24.122;24
2017-08-12;18.643;16.989;20.485;24
2017-08-13;15.424;13.863;16.880;24
2017-08-14;12.624;11.471;13.820;24
2017-08-15;10.527;9.752;11.419;24
2017-08-16;9.230;8.978;9.585;24
2017-08-17;8.665;8.292;9.047;24
2017-08-18;8.305;7.883;8.826;24
2017-08-19;9.650;8.912;10.643;24
2017-08-20;12.249;10.725;14.289;24
2017-08-21;16.932;14.562;18.582;24
2017-08-22;18.720;18.165;18.980;24
2017-08-23;16.892;15.652;18.064;24
2017-08-24;14.116;12.922;15.526;24
2017-08-25;12.032;11.268;12.820;24
2017-08-26;10.604;10.004;11.174;24
2017-08-27;9.366;8.859;9.965;24
2017-08-28;8.241;7.706;8.818;24
2017-08-29;7.364;7.100;7.669;24
2017-08-30;7.418;7.114;7.898;24
2017-08-31;8.464;7.963;8.936;24
2018-05-01;28.128;27.378;29.570;24
2018-05-02;29.052;28.511;29.267;24
2018-05-03;27.971;27.394;28.726;24
2018-05-04;31.730;28.371;34.015;24
2018-05-05;33.934;33.241;34.264;24
2018-05-06;32.036;31.338;33.114;24
2018-05-07;31.044;30.817;31.382;24
2018-05-08;30.806;30.258;31.207;24
2018-05-09;29.034;28.076;30.224;24
2018-05-10;27.332;26.834;28.027;24
2018-05-11;27.545;26.581;28.693;24
2018-05-12;28.987;28.668;29.150;24
2018-05-13;26.763;24.640;28.503;24
2018-05-14;22.311;20.203;24.444;24
2018-05-15;18.258;16.778;20.069;24
2018-05-16;15.489;14.408;16.611;24
2018-05-17;13.392;12.402;14.316;24
2018-05-18;11.491;10.789;12.327;24
2018-05-19;10.212;9.661;10.720;24
2018-05-20;9.069;8.497;9.619;24
2018-05-21;7.937;7.491;8.445;24
2018-05-22;7.064;6.614;7.465;24
2018-05-23;6.216;5.825;6.587;24
2018-05-24;5.391;5.075;5.796;24
2018-05-25;4.784;4.477;5.053;24
2018-05-26;4.215;3.986;4.456;24
2018-05-27;3.772;3.573;3.980;24
2018-05-28;3.361;3.174;3.570;24
2018-05-29;3.179;3.087;3.313;24
2018-05-30;2.998;2.865;3.121;24
2018-05-31;2.724;2.612;2.938;24
2018-06-01;2.504;2.415;2.649;24
2018-06-02;2.341;2.260;2.464;24
2018-06-03;2.210;2.158;2.274;24
2018-06-04;2.078;1.973;2.156;24
2018-06-05;1.911;1.811;1.994;24
2018-06-06;1.673;1.555;1.846;24
2018-06-07;1.550;1.487;1.646;24
2018-06-08;1.429;1.386;1.509;24
2018-06-09;1.314;1.259;1.396;24
2018-06-10;1.210;1.164;1.272;24
2018-06-11;1.144;1.097;1.182;24
2018-06-12;1.113;1.058;1.217;24
2018-06-13;1.008;0.979;1.051;24
2018-06-14;0.914;0.877;0.969;24
2018-06-15;0.954;0.867;1.061;24
2018-06-16;1.027;0.987;1.075;24
2018-06-17;1.089;1.040;1.183;24
2018-06-18;1.307;1.168;1.425;24
2018-06-19;1.647;1.447;1.914;24
2018-06-20;2.268;1.979;2.566;24
2018-06-21;3.307;2.584;4.120;24
2018-06-22;5.036;4.269;5.519;24
2018-06-23;6.098;5.555;6.525;24
2018-06-24;6.090;5.862;6.258;24
2018-06-25;5.636;5.313;5.833;24
2018-06-26;5.042;4.762;5.240;24
2018-06-27;4.335;4.034;4.730;24
2018-06-28;3.691;3.466;4.008;24
2018-06-29;3.215;2.991;3.441;24
2018-06-30;2.730;2.554;2.955;24
2018-07-01;2.371;2.256;2.540;24
2018-07-02;2.073;1.975;2.243;24
2018-07-03;1.833;1.747;1.969;24
2018-07-04;1.619;1.549;1.732;24
2018-07-05;1.418;1.351;1.546;24
2018-07-06;1.303;1.226;1.368;24
2018-07-07;1.168;1.061;1.257;24
2018-07-08;0.997;0.954;1.070;24
2018-07-09;0.909;0.870;0.947;24
2018-07-10;0.833;0.752;0.910;24
2018-07-11;0.718;0.686;0.759;24
2018-07-12;0.659;0.641;0.688;24
2018-07-13;0.648;0.615;0.686;24
2018-07-14;0.603;0.577;0.641;24
2018-07-15;0.546;0.509;0.575;24
2018-07-16;0.482;0.468;0.512;24
2018-07-17;0.447;0.435;0.468;24
2018-07-18;0.412;0.399;0.435;24
2018-07-19;0.376;0.362;0.399;24
2018-07-20;0.351;0.330;0.361;24
2018-07-21;0.311;0.292;0.336;24
2018-07-22;0.284;0.270;0.304;24
2018-07-23;0.261;0.242;0.281;24
2018-07-24;0.233;0.225;0.249;24
2018-07-25;0.222;0.213;0.250;24
2018-07-26;0.210;0.198;0.222;24
2018-07-27;0.194;0.189;0.201;24
2018-07-28;0.178;0.168;0.191;24
2018-07-29;0.236;0.148;0.361;24
2018-07-30;0.350;0.330;0.368;24
2018-07-31;0.380;0.357;0.406;24
2018-08-01;0.488;0.395;0.603;24
2018-08-02;0.702;0.619;0.783;24
2018-08-03;0.823;0.785;0.856;24
2018-08-04;0.886;0.852;0.917;24
2018-08-05;0.930;0.893;0.958;24
2018-08-06;0.904;0.842;0.982;24
2018-08-07;0.902;0.868;0.922;24
2018-08-08;0.924;0.898;0.948;24
2018-08-09;1.015;0.966;1.072;24
2018-08-10;1.109;1.033;1.392;24
2018-08-11;5.424;1.461;9.364;24
2018-08-12;12.005;9.645;13.714;24
2018-08-13;14.148;13.778;14.381;24
2018-08-14;13.014;12.120;13.927;24
2018-08-15;11.098;10.242;12.017;24
2018-08-16;9.447;8.985;10.154;24
2018-08-17;11.266;8.912;17.009;24
2018-08-18;25.503;17.581;32.352;24
2018-08-19;36.475;32.557;39.341;24
2018-08-20;37.718;34.903;39.351;24
2018-08-21;30.478;26.344;34.402;24
2018-08-22;22.656;19.777;25.999;24
2018-08-23;17.750;16.994;19.671;24
2018-08-24;16.715;16.303;17.067;24
2018-08-25;15.937;15.698;16.274;24
2018-08-26;14.940;14.104;15.618;24
2018-08-27;13.195;12.572;14.024;24
2018-08-28;13.301;12.547;13.959;24
2018-08-29;13.893;13.666;14.018;24
2018-08-30;14.830;13.435;19.220;24
2018-08-31;22.574;19.725;23.833;24
2019-05-01;28.820;25.673;32.112;24
2019-05-02;22.749;20.263;25.426;24
2019-05-03;17.893;15.900;20.203;24
2019-05-04;14.335;12.917;15.831;24
2019-05-05;11.781;10.748;12.790;24
2019-05-06;9.882;9.109;10.675;24
2019-05-07;8.347;7.635;9.022;24
2019-05-08;7.073;6.480;7.587;24
2019-05-09;5.938;5.543;6.441;24
2019-05-10;5.376;5.233;5.663;24
2019-05-11;6.706;5.675;7.684;24
2019-05-12;8.451;7.834;8.990;24
2019-05-13;9.298;9.051;9.461;24
2019-05-14;9.088;8.802;9.339;24
2019-05-15;8.304;7.853;8.701;24
2019-05-16;7.420;6.993;7.811;24
2019-05-17;6.488;6.087;6.970;24
2019-05-18;5.592;5.206;6.011;24
2019-05-19;4.921;4.614;5.168;24
2019-05-20;4.290;4.018;4.566;24
2019-05-21;3.861;3.625;4.030;24
2019-05-22;3.904;3.552;4.392;24
2019-05-23;5.102;4.409;5.760;24
2019-05-24;8.243;5.862;13.141;24
2019-05-25;19.641;13.812;23.428;24
2019-05-26;23.788;22.846;24.242;24
2019-05-27;20.734;18.672;22.652;24
2019-05-28;16.595;14.888;18.506;24
2019-05-29;13.153;11.682;14.761;24
2019-05-30;10.575;9.917;11.590;24
2019-05-31;9.588;9.288;9.947;24
2019-06-01;9.055;8.875;9.280;24
2019-06-02;9.542;9.122;10.004;24
2019-06-03;10.206;10.008;10.484;24
2019-06-04;10.567;10.399;10.784;24
2019-06-05;10.882;10.549;11.006;24
2019-06-06;11.079;10.895;11.230;24
2019-06-07;10.784;10.526;11.179;24
2019-06-08;10.175;9.778;10.579;24
2019-06-09;9.996;9.481;11.311;24
2019-06-10;16.494;11.726;19.810;24
2019-06-11;20.461;19.790;20.756;24
2019-06-12;19.750;19.291;20.263;24
2019-06-13;19.201;18.570;19.737;24
2019-06-14;17.856;17.426;18.430;24
2019-06-15;18.703;17.858;19.167;24
2019-06-16;18.675;18.133;19.232;24
2019-06-17;17.496;16.730;18.114;24
2019-06-18;15.523;14.485;16.611;24
2019-06-19;13.302;12.298;14.376;24
2019-06-20;11.450;10.752;12.238;24
2019-06-21;10.023;9.436;10.679;24
2019-06-22;8.915;8.457;9.377;24
2019-06-23;8.051;7.665;8.437;24
2019-06-24;7.378;6.996;7.643;24
2019-06-25;6.689;6.340;7.078;24
2019-06-26;6.232;6.032;6.458;24
2019-06-27;5.816;5.468;6.024;24
2019-06-28;5.196;4.935;5.437;24
2019-06-29;4.647;4.389;4.928;24
2019-06-30;4.084;3.884;4.339;24
2019-07-01;3.753;3.541;3.971;24
2019-07-02;3.490;3.357;3.584;24
2019-07-03;3.163;2.910;3.424;24
2019-07-04;2.802;2.547;3.033;24
2019-07-05;2.502;2.347;2.614;24
2019-07-06;2.268;2.144;2.356;24
2019-07-07;2.123;2.029;2.206;24
2019-07-08;2.055;2.006;2.092;24
2019-07-09;2.121;2.066;2.173;24
2019-07-10;2.160;2.144;2.173;24
2019-07-11;2.120;2.082;2.175;24
2019-07-12;2.022;1.988;2.094;24
2019-07-13;1.937;1.897;1.986;24
2019-07-14;1.902;1.870;1.935;24
2019-07-15;1.803;1.746;1.877;24
2019-07-16;1.703;1.633;1.797;24
2019-07-17;1.551;1.509;1.661;24
2019-07-18;1.436;1.398;1.520;24
2019-07-19;1.390;1.342;1.467;24
2019-07-20;1.444;1.425;1.459;24
2019-07-21;1.989;1.425;3.080;24
2019-07-22;5.680;3.239;7.849;24
2019-07-23;10.160;8.032;12.273;24
2019-07-24;13.594;12.342;14.447;24
2019-07-25;14.158;13.603;14.452;24
2019-07-26;12.783;11.929;13.545;24
2019-07-27;10.927;10.114;11.851;24
2019-07-28;9.295;8.449;10.074;24
2019-07-29;7.901;7.381;8.433;24
2019-07-30;6.781;6.236;7.388;24
2019-07-31;6.125;5.887;6.353;24
2019-08-01;6.975;6.160;7.572;24
2019-08-02;7.754;7.583;7.944;24
2019-08-03;7.967;7.940;7.990;24
2019-08-04;7.677;7.469;7.940;24
2019-08-05;7.062;6.690;7.458;24
2019-08-06;6.212;5.903;6.654;24
2019-08-07;5.891;5.829;5.990;24
2019-08-08;5.631;5.476;5.821;24
2019-08-09;5.269;5.105;5.472;24
2019-08-10;4.940;4.685;5.127;24
2019-08-11;10.979;5.233;18.715;24
2019-08-12;38.299;20.064;57.200;24
2019-08-13;63.987;58.658;65.722;24
2019-08-14;56.758;48.071;63.297;24
2019-08-15;39.717;32.764;47.485;24
2019-08-16;27.494;23.729;32.255;24
2019-08-17;20.824;18.986;23.450;24
2019-08-18;24.998;19.500;29.815;24
2019-08-19;32.080;29.968;35.231;24
2019-08-20;40.471;35.787;44.157;24
2019-08-21;47.409;44.221;49.416;24
2019-08-22;42.919;37.601;47.879;24
2019-08-23;45.368;36.875;51.866;24
2019-08-24;52.475;49.681;53.624;24
2019-08-25;43.429;37.456;49.084;24
2019-08-26;31.554;26.811;36.933;24
2019-08-27;22.890;19.645;26.486;24
2019-08-28;16.961;14.838;19.395;24
2019-08-29;13.098;11.653;14.644;24
2019-08-30;10.447;9.478;11.538;24
2019-08-31;8.780;8.449;9.356;24
2020-05-01;14.513;14.223;14.911;24
2020-05-02;13.594;13.051;14.175;24
2020-05-03;12.479;11.924;13.010;24
2020-05-04;11.575;11.178;11.914;24
2020-05-05;11.075;10.844;11.319;24
2020-05-06;10.611;10.305;10.830;24
2020-05-07;10.081;9.756;10.394;24
2020-05-08;9.548;9.322;9.730;24
2020-05-09;9.344;9.267;9.457;24
2020-05-10;9.493;9.305;9.709;24
2020-05-11;9.912;9.726;10.053;24
2020-05-12;9.947;9.761;10.114;24
2020-05-13;9.592;9.242;9.869;24
2020-05-14;8.788;8.264;9.188;24
2020-05-15;7.913;7.450;8.233;24
2020-05-16;7.119;6.686;7.454;24
2020-05-17;6.424;6.164;6.740;24
2020-05-18;6.030;5.780;6.232;24
2020-05-19;5.647;5.511;5.792;24
2020-05-20;5.461;5.290;5.607;24
2020-05-21;5.194;5.142;5.278;24
2020-05-22;5.304;5.199;5.460;24
2020-05-23;6.679;5.456;8.406;24
2020-05-24;11.920;8.561;16.732;24
2020-05-25;24.440;17.447;30.361;24
2020-05-26;31.794;30.696;32.370;24
2020-05-27;28.422;25.797;30.981;24
2020-05-28;23.029;20.492;25.611;24
2020-05-29;18.352;16.599;20.256;24
2020-05-30;14.857;13.419;16.486;24
2020-05-31;12.170;11.136;13.309;24
2020-06-01;10.312;9.619;11.108;24
2020-06-02;9.016;8.477;9.563;24
2020-06-03;8.019;7.639;8.461;24
2020-06-04;7.233;6.933;7.605;24
2020-06-05;7.119;6.901;7.805;24
2020-06-06;14.143;8.141;20.398;24
2020-06-07;24.136;20.853;25.588;24
2020-06-08;24.090;22.174;25.487;24
2020-06-09;19.637;17.506;21.990;24
2020-06-10;15.476;13.815;17.286;24
2020-06-11;12.343;11.202;13.709;24
2020-06-12;10.212;9.355;11.117;24
2020-06-13;8.571;7.864;9.406;24
2020-06-14;7.608;7.171;8.086;24
2020-06-15;8.283;8.128;8.466;24
2020-06-16;8.067;7.948;8.245;24
2020-06-17;7.670;7.407;7.944;24
2020-06-18;7.248;7.146;7.399;24
2020-06-19;6.896;6.654;7.139;24
2020-06-20;6.350;6.198;6.623;24
2020-06-21;6.179;6.100;6.254;24
2020-06-22;5.952;5.821;6.091;24
2020-06-23;5.779;5.711;5.932;24
2020-06-24;5.517;5.348;5.751;24
2020-06-25;5.074;4.899;5.298;24
2020-06-26;4.606;4.399;4.877;24
2020-06-27;4.056;3.930;4.372;24
2020-06-28;3.697;3.518;3.911;24
2020-06-29;3.431;3.290;3.561;24
2020-06-30;4.496;3.550;6.842;24
2020-07-01;10.291;7.162;12.522;24
2020-07-02;13.790;12.643;14.496;24
2020-07-03;14.104;13.149;14.733;24
2020-07-04;12.405;11.958;13.128;24
2020-07-05;11.418;11.075;11.890;24
2020-07-06;14.399;11.188;19.547;24
2020-07-07;25.288;20.083;27.823;24
2020-07-08;27.563;25.976;28.396;24
2020-07-09;23.322;20.614;25.735;24
2020-07-10;18.211;16.040;20.445;24
2020-07-11;14.729;13.503;15.848;24
2020-07-12;12.193;10.913;13.393;24
2020-07-13;10.018;9.155;10.862;24
2020-07-14;8.443;7.906;9.088;24
2020-07-15;9.365;7.725;10.932;24
2020-07-16;11.250;10.978;11.400;24
2020-07-17;11.099;10.798;11.310;24
2020-07-18;10.345;10.044;10.789;24
2020-07-19;13.870;10.004;23.940;24
2020-07-20;33.916;25.100;39.834;24
2020-07-21;38.098;34.476;40.158;24
2020-07-22;29.847;25.426;34.144;24
2020-07-23;21.856;18.723;25.112;24
2020-07-24;16.403;15.281;18.525;24
2020-07-25;14.333;13.071;15.383;24
2020-07-26;12.044;11.595;13.030;24
2020-07-27;21.431;11.958;31.060;24
2020-07-28;37.345;31.496;46.535;24
2020-07-29;64.457;49.162;72.707;24
2020-07-30;75.729;72.687;77.558;24
2020-07-31;64.236;55.690;72.162;24
2020-08-01;45.216;36.827;54.732;24
2020-08-02;30.167;25.135;36.176;24
2020-08-03;21.132;18.046;24.800;24
2020-08-04;15.585;13.466;17.735;24
2020-08-05;11.896;11.029;13.299;24
2020-08-06;13.209;11.169;15.750;24
2020-08-07;17.419;15.900;18.411;24
2020-08-08;18.163;17.414;18.455;24
2020-08-09;16.187;14.894;17.261;24
2020-08-10;13.386;12.134;14.799;24
2020-08-11;11.048;10.057;12.071;24
2020-08-12;9.265;8.437;10.022;24
2020-08-13;7.648;7.028;8.374;24
2020-08-14;6.337;5.764;6.979;24
2020-08-15;5.209;4.819;5.703;24
2020-08-16;4.382;4.027;4.791;24
2020-08-17;3.722;3.461;3.986;24
2020-08-18;3.227;3.022;3.455;24
2020-08-19;2.831;2.668;3.006;24
2020-08-20;2.483;2.375;2.664;24
2020-08-21;2.310;2.214;2.360;24
2020-08-22;2.611;2.161;3.501;24
2020-08-23;5.100;3.634;6.878;24
2020-08-24;8.342;7.018;9.440;24
2020-08-25;9.982;9.461;10.251;24
2020-08-26;10.234;10.114;10.349;24
2020-08-27;9.838;9.482;10.278;24
2020-08-28;8.966;8.465;9.453;24
2020-08-29;7.936;7.432;8.406;24
2020-08-30;6.901;6.371;7.403;24
2020-08-31;5.877;5.413;6.336;24
2021-05-01;7.281;7.200;7.374;24
2021-05-02;7.085;6.956;7.200;24
2021-05-03;6.871;6.763;6.975;24
2021-05-04;6.701;6.600;6.813;24
2021-05-05;7.254;6.841;7.458;24
2021-05-06;7.458;7.410;7.517;24
2021-05-07;7.363;7.283;7.432;24
2021-05-08;7.112;6.914;7.261;24
2021-05-09;6.745;6.600;6.905;24
2021-05-10;8.076;6.677;9.877;24
2021-05-11;12.578;10.031;15.854;24
2021-05-12;19.886;16.216;23.129;24
2021-05-13;25.220;23.282;26.493;24
2021-05-14;26.383;25.851;26.659;24
2021-05-15;25.795;25.303;26.794;24
2021-05-16;28.853;26.985;30.964;24
2021-05-17;32.056;31.085;32.468;24
2021-05-18;29.889;28.289;31.688;24
2021-05-19;26.534;24.883;28.157;24
2021-05-20;23.067;21.264;24.754;24
2021-05-21;19.336;17.525;21.078;24
2021-05-22;16.130;15.067;17.377;24
2021-05-23;14.783;14.716;14.989;24
2021-05-24;15.906;14.805;17.765;24
2021-05-25;20.780;17.890;28.648;24
2021-05-26;38.748;29.895;42.964;24
2021-05-27;40.899;37.329;43.006;24
2021-05-28;32.957;28.875;36.952;24
2021-05-29;25.049;21.800;28.495;24
2021-05-30;19.013;16.748;21.639;24
2021-05-31;14.703;13.020;16.593;24
2021-06-01;11.731;10.720;12.922;24
2021-06-02;9.803;9.051;10.643;24
2021-06-03;8.349;7.635;9.080;24
2021-06-04;7.452;7.312;7.624;24
2021-06-05;7.088;6.767;7.337;24
2021-06-06;6.328;6.066;6.758;24
2021-06-07;5.753;5.449;6.062;24
2021-06-08;5.086;4.791;5.441;24
2021-06-09;4.474;4.191;4.783;24
2021-06-10;3.962;3.675;4.184;24
2021-06-11;3.498;3.318;3.681;24
2021-06-12;3.155;3.035;3.310;24
2021-06-13;2.957;2.718;3.158;24
2021-06-14;2.609;2.455;2.771;24
2021-06-15;2.818;2.484;3.022;24
2021-06-16;3.020;2.940;3.137;24
2021-06-17;3.011;2.920;3.102;24
2021-06-18;3.186;3.076;3.458;24
2021-06-19;3.714;3.441;3.884;24
2021-06-20;4.548;3.860;5.229;24
2021-06-21;6.416;5.282;8.028;24
2021-06-22;9.358;8.144;9.969;24
2021-06-23;10.202;10.004;10.274;24
2021-06-24;9.889;9.495;10.211;24
2021-06-25;8.854;8.339;9.478;24
2021-06-26;7.720;7.345;8.307;24
2021-06-27;6.787;6.318;7.315;24
2021-06-28;5.791;5.313;6.262;24
2021-06-29;4.807;4.467;5.259;24
2021-06-30;4.011;3.789;4.406;24
2021-07-01;3.499;3.236;3.786;24
2021-07-02;3.061;2.915;3.214;24
2021-07-03;2.693;2.540;2.897;24
2021-07-04;2.631;2.570;2.664;24
2021-07-05;2.543;2.435;2.690;24
2021-07-06;3.809;2.640;6.186;24
2021-07-07;9.829;6.473;14.079;24
2021-07-08;20.901;14.624;28.405;24
2021-07-09;36.010;29.177;39.864;24
2021-07-10;38.042;34.792;39.995;24
2021-07-11;30.213;26.054;34.430;24
2021-07-12;22.416;19.284;25.735;24
2021-07-13;16.604;14.491;19.038;24
2021-07-14;12.668;11.249;14.294;24
2021-07-15;10.076;9.093;11.141;24
2021-07-16;8.247;7.363;9.014;24
2021-07-17;6.613;5.833;7.294;24
2021-07-18;5.280;4.705;5.792;24
2021-07-19;4.260;3.735;4.702;24
2021-07-20;3.423;3.147;3.717;24
2021-07-21;2.914;2.687;3.110;24
2021-07-22;2.489;2.360;2.668;24
2021-07-23;2.178;2.062;2.354;24
2021-07-24;1.935;1.835;2.052;24
2021-07-25;1.725;1.629;1.835;24
2021-07-26;1.532;1.457;1.643;24
2021-07-27;1.551;1.416;1.653;24
2021-07-28;1.999;1.653;2.958;24
2021-07-29;5.505;3.071;9.102;24
2021-07-30;14.575;9.552;19.083;24
2021-07-31;20.656;19.481;21.044;24
2021-08-01;19.182;17.420;20.621;24
2021-08-02;15.720;14.240;17.274;24
2021-08-03;12.698;11.504;14.142;24
2021-08-04;10.376;9.555;11.419;24
2021-08-05;8.587;7.823;9.457;24
2021-08-06;7.091;6.463;7.759;24
2021-08-07;5.720;5.237;6.379;24
2021-08-08;5.062;4.935;5.214;24
2021-08-09;5.086;4.931;5.547;24
2021-08-10;7.491;5.659;9.709;24
2021-08-11;11.276;9.838;12.487;24
2021-08-12;12.961;12.593;13.118;24
2021-08-13;12.433;11.817;12.968;24
2021-08-14;11.164;10.853;11.768;24
2021-08-15;12.221;10.826;13.836;24
2021-08-16;14.859;13.932;15.520;24
2021-08-17;15.486;15.028;15.721;24
2021-08-18;13.971;12.780;14.972;24
2021-08-19;11.703;10.670;12.754;24
2021-08-20;9.764;8.855;10.579;24
2021-08-21;8.081;7.345;8.851;24
2021-08-22;6.688;6.096;7.315;24
2021-08-23;5.465;5.016;6.053;24
2021-08-24;4.562;4.184;4.964;24
2021-08-25;3.821;3.561;4.139;24
2021-08-26;3.325;2.943;3.655;24
2021-08-27;2.844;2.621;3.097;24
2021-08-28;2.471;2.277;2.685;24
2021-08-29;2.183;2.080;2.289;24
2021-08-30;1.965;1.894;2.078;24
2021-08-31;1.782;1.720;1.881;24
2022-05-01;12.460;11.895;13.051;24
2022-05-02;11.311;10.807;11.851;24
2022-05-03;10.477;10.145;10.789;24
2022-05-04;9.835;9.486;10.136;24
2022-05-05;9.174;8.834;9.453;24
2022-05-06;8.542;8.210;8.818;24
2022-05-07;8.110;8.067;8.202;24
2022-05-08;8.394;8.140;8.669;24
2022-05-09;9.075;8.717;9.372;24
2022-05-10;9.264;9.097;9.356;24
2022-05-11;10.282;9.330;11.572;24
2022-05-12;15.807;11.619;20.770;24
2022-05-13;24.512;21.085;26.336;24
2022-05-14;26.453;26.320;26.628;24
2022-05-15;26.136;25.172;26.644;24
2022-05-16;23.369;21.326;25.065;24
2022-05-17;19.174;17.274;21.133;24
2022-05-18;15.372;13.767;17.128;24
2022-05-19;12.652;11.740;13.566;24
2022-05-20;10.838;10.110;11.667;24
2022-05-21;9.359;8.729;10.057;24
2022-05-22;8.103;7.579;8.689;24
2022-05-23;7.056;6.547;7.550;24
2022-05-24;6.075;5.715;6.516;24
2022-05-25;5.960;5.833;6.249;24
2022-05-26;6.678;5.953;8.557;24
2022-05-27;11.281;8.802;13.175;24
2022-05-28;14.419;13.341;14.872;24
2022-05-29;14.318;13.424;14.939;24
2022-05-30;12.508;11.581;13.382;24
2022-05-31;10.678;9.969;11.504;24
2022-06-01;9.227;8.560;9.930;24
2022-06-02;7.908;7.646;8.501;24
2022-06-03;7.756;7.579;7.944;24
2022-06-04;7.354;6.956;7.554;24
2022-06-05;6.559;6.228;6.947;24
2022-06-06;5.811;5.449;6.198;24
2022-06-07;5.145;4.866;5.437;24
2022-06-08;4.797;4.562;4.961;24
2022-06-09;4.263;4.059;4.559;24
2022-06-10;3.843;3.646;4.037;24
2022-06-11;3.429;3.282;3.637;24
2022-06-12;3.158;3.048;3.312;24
2022-06-13;3.202;3.110;3.329;24
2022-06-14;3.537;3.362;3.687;24
2022-06-15;3.936;3.699;4.088;24
2022-06-16;4.243;4.110;4.319;24
2022-06-17;4.329;4.236;4.419;24
2022-06-18;4.402;4.171;4.692;24
2022-06-19;4.974;4.720;5.094;24
2022-06-20;5.266;5.019;5.511;24
2022-06-21;5.804;5.535;5.957;24
2022-06-22;5.988;5.911;6.083;24
2022-06-23;5.861;5.619;6.054;24
2022-06-24;5.417;5.202;5.627;24
2022-06-25;4.920;4.594;5.199;24
2022-06-26;4.372;4.184;4.702;24
2022-06-27;4.065;3.844;4.372;24
2022-06-28;4.697;4.369;4.950;24
2022-06-29;4.848;4.791;4.928;24
2022-06-30;4.599;4.460;4.787;24
2022-07-01;4.219;4.043;4.446;24
2022-07-02;3.800;3.663;4.040;24
2022-07-03;3.417;3.323;3.643;24
2022-07-04;3.234;3.118;3.354;24
2022-07-05;3.222;3.082;3.318;24
2022-07-06;3.534;3.307;3.699;24
2022-07-07;3.807;3.628;4.037;24
2022-07-08;4.219;4.088;4.349;24
2022-07-09;4.212;4.034;4.315;24
2022-07-10;4.086;3.859;4.289;24
2022-07-11;3.694;3.521;3.853;24
2022-07-12;3.315;3.169;3.466;24
2022-07-13;2.999;2.877;3.153;24
2022-07-14;2.765;2.527;2.965;24
2022-07-15;2.450;2.239;2.584;24
2022-07-16;2.170;2.056;2.275;24
2022-07-17;1.960;1.839;2.104;24
2022-07-18;1.774;1.730;1.850;24
2022-07-19;1.663;1.603;1.725;24
2022-07-20;1.533;1.382;1.590;24
2022-07-21;1.430;1.365;1.470;24
2022-07-22;1.367;1.329;1.410;24
2022-07-23;1.254;1.204;1.327;24
2022-07-24;1.168;1.129;1.212;24
2022-07-25;1.178;1.107;1.272;24
2022-07-26;1.606;1.313;1.817;24
2022-07-27;2.077;1.778;2.206;24
2022-07-28;2.330;2.235;2.452;24
2022-07-29;2.540;2.486;2.612;24
2022-07-30;2.627;2.612;2.661;24
2022-07-31;2.593;2.559;2.635;24
2022-08-01;2.739;2.543;2.965;24
2022-08-02;3.148;3.001;3.230;24
2022-08-03;3.763;3.187;4.549;24
2022-08-04;5.538;4.667;6.410;24
2022-08-05;7.059;6.476;7.487;24
2022-08-06;7.580;7.491;7.680;24
2022-08-07;7.375;7.114;7.594;24
2022-08-08;6.803;6.423;7.135;24
2022-08-09;6.080;5.699;6.428;24
2022-08-10;5.286;4.993;5.691;24
2022-08-11;4.616;4.329;4.986;24
2022-08-12;4.012;3.789;4.296;24
2022-08-13;3.519;3.307;3.762;24
2022-08-14;3.114;2.950;3.299;24
2022-08-15;2.758;2.649;2.912;24
2022-08-16;2.510;2.424;2.633;24
2022-08-17;2.688;2.493;2.798;24
2022-08-18;2.814;2.788;2.840;24
2022-08-19;2.723;2.642;2.805;24
2022-08-20;2.617;2.591;2.661;24
2022-08-21;2.587;2.486;2.946;24
2022-08-22;3.479;2.860;4.168;24
2022-08-23;4.807;4.253;5.351;24
2022-08-24;5.807;5.390;6.267;24
2022-08-25;6.182;6.134;6.228;24
2022-08-26;5.997;5.833;6.151;24
2022-08-27;6.059;5.651;6.933;24
2022-08-28;7.566;6.988;7.979;24
2022-08-29;8.356;8.024;8.953;24
2022-08-30;8.804;8.473;9.006;24
2022-08-31;7.959;7.524;8.441;24
2023-05-01;17.637;16.694;18.883;24
2023-05-02;17.250;16.748;18.002;24
2023-05-03;18.454;18.002;18.780;24
2023-05-04;19.132;18.819;19.421;24
2023-05-05;19.378;19.304;19.493;24
2023-05-06;19.079;18.780;19.278;24
2023-05-07;18.258;17.902;18.684;24
2023-05-08;17.534;17.371;17.834;24
2023-05-09;17.737;17.426;18.633;24
2023-05-10;25.502;18.551;38.272;24
2023-05-11;54.503;39.880;63.354;24
2023-05-12;63.421;61.531;64.191;24
2023-05-13;56.589;51.347;61.294;24
2023-05-14;46.257;42.207;50.831;24
2023-05-15;38.552;35.644;41.894;24
2023-05-16;33.244;31.146;35.512;24
2023-05-17;29.141;27.274;31.042;24
2023-05-18;25.592;23.914;27.217;24
2023-05-19;21.910;20.122;23.788;24
2023-05-20;18.293;16.826;19.936;24
2023-05-21;15.583;14.677;16.659;24
2023-05-22;13.925;13.414;14.622;24
2023-05-23;13.096;12.979;13.351;24
2023-05-24;13.177;13.102;13.310;24
2023-05-25;13.543;13.195;13.821;24
2023-05-26;13.537;13.190;13.896;24
2023-05-27;12.845;12.337;13.200;24
2023-05-28;11.737;11.141;12.253;24
2023-05-29;10.781;10.247;11.220;24
2023-05-30;9.848;9.402;10.283;24
2023-05-31;8.959;8.501;9.461;24
2023-06-01;8.205;7.755;8.596;24
2023-06-02;7.467;7.279;7.706;24
2023-06-03;7.025;6.800;7.272;24
2023-06-04;6.556;6.232;6.768;24
2023-06-05;5.893;5.627;6.198;24
2023-06-06;5.364;5.165;5.579;24
2023-06-07;4.772;4.538;5.138;24
2023-06-08;4.361;4.184;4.535;24
2023-06-09;3.973;3.816;4.165;24
2023-06-10;3.643;3.413;3.881;24
2023-06-11;3.255;3.092;3.483;24
2023-06-12;2.902;2.803;3.089;24
2023-06-13;2.663;2.559;2.820;24
2023-06-14;2.442;2.364;2.554;24
2023-06-15;2.249;2.177;2.373;24
2023-06-16;2.092;2.046;2.175;24
2023-06-17;1.970;1.924;2.044;24
2023-06-18;1.865;1.808;1.924;24
2023-06-19;1.816;1.776;1.855;24
2023-06-20;1.785;1.735;1.819;24
2023-06-21;1.746;1.683;1.806;24
2023-06-22;1.672;1.613;1.790;24
2023-06-23;1.585;1.496;1.661;24
2023-06-24;1.466;1.389;1.507;24
2023-06-25;1.337;1.304;1.395;24
2023-06-26;1.244;1.183;1.326;24
2023-06-27;1.434;1.216;1.517;24
2023-06-28;1.471;1.410;1.528;24
2023-06-29;1.366;1.339;1.410;24
2023-06-30;1.418;1.309;1.533;24
2023-07-01;1.525;1.481;1.565;24
2023-07-02;1.667;1.560;1.831;24
2023-07-03;1.916;1.811;2.084;24
2023-07-04;2.356;2.050;2.882;24
2023-07-05;4.073;2.933;5.161;24
2023-07-06;6.227;5.229;7.043;24
2023-07-07;7.325;7.081;7.432;24
2023-07-08;7.153;6.877;7.348;24
2023-07-09;6.466;6.062;6.868;24
2023-07-10;5.588;5.324;6.032;24
2023-07-11;6.534;5.332;7.748;24
2023-07-12;9.271;7.861;11.207;24
2023-07-13;13.191;11.457;14.600;24
2023-07-14;15.200;14.744;15.446;24
2023-07-15;14.548;13.927;15.163;24
2023-07-16;13.903;13.535;14.700;24
2023-07-17;19.821;14.983;29.871;24
2023-07-18;48.464;31.273;59.174;24
2023-07-19;56.035;49.774;59.427;24
2023-07-20;41.895;34.810;49.015;24
2023-07-21;28.977;24.272;34.347;24
2023-07-22;20.548;17.611;23.966;24
2023-07-23;15.151;13.180;17.439;24
2023-07-24;11.663;10.462;13.056;24
2023-07-25;9.647;8.895;10.390;24
2023-07-26;8.099;7.550;8.879;24
2023-07-27;7.599;7.469;7.740;24
2023-07-28;7.927;7.728;8.706;24
2023-07-29;9.120;8.779;9.235;24
2023-07-30;8.899;8.705;9.177;24
2023-07-31;9.950;8.851;11.155;24
2023-08-01;11.492;11.202;11.619;24
2023-08-02;11.295;10.945;11.614;24
2023-08-03;10.371;9.904;10.899;24
2023-08-04;9.683;9.470;9.864;24
2023-08-05;9.267;8.652;9.614;24
2023-08-06;7.984;7.461;8.596;24
2023-08-07;6.875;6.271;7.407;24
2023-08-08;6.057;5.911;6.232;24
2023-08-09;6.334;6.032;6.696;24
2023-08-10;6.384;6.198;6.570;24
2023-08-11;6.037;5.796;6.189;24
2023-08-12;5.565;5.351;5.768;24
2023-08-13;5.220;5.105;5.348;24
2023-08-14;4.981;4.880;5.127;24
2023-08-15;5.157;4.848;6.229;24
2023-08-16;16.195;6.495;25.689;24
2023-08-17;30.225;26.345;31.680;24
2023-08-18;28.951;26.007;31.251;24
2023-08-19;22.843;20.042;25.774;24
2023-08-20;18.623;17.971;19.889;24
2023-08-21;17.061;15.935;17.921;24
2023-08-22;14.649;13.435;15.808;24
2023-08-23;12.505;11.648;13.382;24
2023-08-24;10.878;10.194;11.552;24
2023-08-25;9.620;9.318;10.171;24
2023-08-26;11.932;9.817;13.419;24
2023-08-27;13.971;13.471;14.278;24
2023-08-28;14.076;13.640;14.305;24
2023-08-29;12.836;12.012;13.587;24
2023-08-30;11.139;10.399;11.938;24
2023-08-31;9.852;9.453;10.354;24
2024-05-01;22.307;18.311;26.360;24
2024-05-02;32.807;26.875;39.042;24
2024-05-03;43.425;39.723;45.578;24
2024-05-04;45.137;43.239;46.072;24
2024-05-05;40.133;37.232;43.048;24
2024-05-06;34.330;31.645;36.932;24
2024-05-07;28.812;26.109;31.478;24
2024-05-08;23.636;21.611;25.859;24
2024-05-09;19.779;18.221;21.548;24
2024-05-10;16.929;15.854;18.152;24
2024-05-11;14.887;14.077;15.761;24
2024-05-12;13.348;12.790;14.088;24
2024-05-13;12.156;11.619;12.699;24
2024-05-14;11.079;10.615;11.576;24
2024-05-15;10.175;9.765;10.579;24
2024-05-16;9.450;9.122;9.804;24
2024-05-17;8.861;8.640;9.113;24
2024-05-18;8.357;8.101;8.681;24
2024-05-19;7.840;7.609;8.071;24
2024-05-20;7.330;6.989;7.605;24
2024-05-21;6.631;6.262;7.043;24
2024-05-22;5.888;5.583;6.236;24
2024-05-23;5.207;4.866;5.659;24
2024-05-24;4.793;4.663;4.982;24
2024-05-25;4.760;4.597;4.862;24
2024-05-26;4.517;4.409;4.607;24
2024-05-27;4.540;4.396;4.798;24
2024-05-28;5.786;4.924;7.070;24
2024-05-29;8.441;7.175;9.713;24
2024-05-30;10.831;9.804;12.638;24
2024-05-31;16.307;12.933;18.947;24
2024-06-01;20.180;19.141;20.955;24
2024-06-02;20.412;19.744;21.037;24
2024-06-03;18.514;17.292;19.612;24
2024-06-04;15.809;14.078;17.255;24
2024-06-05;13.386;12.795;14.273;24
2024-06-06;17.002;14.612;19.233;24
2024-06-07;20.669;19.485;21.396;24
2024-06-08;20.990;20.695;21.285;24
2024-06-09;21.937;20.852;23.899;24
2024-06-10;26.094;24.071;27.001;24
2024-06-11;25.706;23.848;26.938;24
2024-06-12;24.011;22.853;25.557;24
2024-06-13;25.192;24.205;25.611;24
2024-06-14;22.003;19.942;24.078;24
2024-06-15;18.078;17.097;19.830;24
2024-06-16;21.647;17.871;26.922;24
2024-06-17;30.982;27.138;35.409;24
2024-06-18;40.733;35.919;45.644;24
2024-06-19;47.873;45.907;48.661;24
2024-06-20;41.821;35.777;46.959;24
2024-06-21;30.563;26.148;35.522;24
2024-06-22;21.994;19.005;25.588;24
2024-06-23;16.575;14.700;18.806;24
2024-06-24;13.030;11.667;14.518;24
2024-06-25;10.400;9.448;11.576;24
2024-06-26;8.527;7.861;9.356;24
2024-06-27;7.144;6.520;7.815;24
2024-06-28;5.831;5.321;6.476;24
2024-06-29;4.956;4.759;5.309;24
2024-06-30;4.497;4.302;4.808;24
2024-07-01;4.037;3.792;4.306;24
2024-07-02;3.575;3.348;3.789;24
2024-07-03;3.211;2.963;3.399;24
2024-07-04;2.815;2.692;2.978;24
2024-07-05;2.989;2.796;3.206;24
2024-07-06;4.742;3.231;7.097;24
2024-07-07;8.770;7.258;10.318;24
2024-07-08;11.780;10.444;12.989;24
2024-07-09;13.730;13.025;14.115;24
2024-07-10;13.621;13.289;14.008;24
2024-07-11;16.150;13.483;18.442;24
2024-07-12;19.040;18.595;19.363;24
2024-07-13;18.598;17.697;19.317;24
2024-07-14;16.454;15.738;17.635;24
2024-07-15;16.435;15.923;17.213;24
2024-07-16;17.785;17.109;19.102;24
2024-07-17;19.094;18.825;19.271;24
2024-07-18;18.284;17.439;18.819;24
2024-07-19;16.007;14.639;17.298;24
2024-07-20;13.333;12.199;14.578;24
2024-07-21;11.013;10.074;12.085;24
2024-07-22;9.138;8.414;10.013;24
2024-07-23;7.700;7.086;8.366;24
2024-07-24;6.360;5.760;7.068;24
2024-07-25;5.204;4.705;5.675;24
2024-07-26;4.450;4.306;4.677;24
2024-07-27;4.195;4.123;4.266;24
2024-07-28;4.003;3.893;4.126;24
2024-07-29;3.728;3.489;3.965;24
2024-07-30;3.357;3.244;3.512;24
2024-07-31;3.095;3.009;3.249;24
2024-08-01;2.864;2.697;3.022;24
2024-08-02;2.560;2.470;2.718;24
2024-08-03;2.319;2.245;2.452;24
2024-08-04;2.249;2.128;2.376;24
2024-08-05;2.247;2.150;2.321;24
2024-08-06;2.065;2.017;2.140;24
2024-08-07;1.943;1.888;2.025;24
2024-08-08;2.341;2.007;2.642;24
2024-08-09;2.989;2.652;3.472;24
2024-08-10;5.771;3.570;8.367;24
2024-08-11;11.041;8.517;13.232;24
2024-08-12;14.416;13.451;14.705;24
2024-08-13;14.156;13.419;14.772;24
2024-08-14;12.376;11.376;13.388;24
2024-08-15;10.745;10.185;11.296;24
2024-08-16;10.608;9.856;12.719;24
2024-08-17;14.774;13.036;16.028;24
2024-08-18;15.939;15.412;16.186;24
2024-08-19;14.493;13.513;15.372;24
2024-08-20;12.501;11.648;13.461;24
2024-08-21;12.009;11.324;13.624;24
2024-08-22;15.296;13.805;16.546;24
2024-08-23;21.921;16.605;30.096;24
2024-08-24;39.906;30.404;49.831;24
2024-08-25;51.206;50.062;51.997;24
2024-08-26;49.415;47.822;51.418;24
2024-08-27;54.587;50.540;56.086;24
2024-08-28;46.888;40.432;52.975;24
2024-08-29;34.075;28.635;39.945;24
2024-08-30;24.346;20.921;28.207;24
2024-08-31;18.134;15.941;20.580;24
2025-05-01;2.485;2.371;2.575;24
2025-05-02;2.279;2.189;2.391;24
2025-05-03;2.189;2.116;2.302;24
2025-05-04;2.062;1.996;2.157;24
2025-05-05;1.935;1.868;2.035;24
2025-05-06;1.842;1.753;1.926;24
2025-05-07;1.687;1.611;1.783;24
2025-05-08;1.592;1.550;1.636;24
2025-05-09;1.508;1.476;1.554;24
2025-05-10;1.445;1.418;1.487;24
2025-05-11;1.356;1.329;1.407;24
2025-05-12;1.307;1.270;1.346;24
2025-05-13;1.227;1.190;1.269;24
2025-05-14;1.194;1.118;1.257;24
2025-05-15;1.097;1.049;1.134;24
2025-05-16;1.072;1.018;1.109;24
2025-05-17;0.988;0.953;1.038;24
2025-05-18;0.948;0.914;0.997;24
2025-05-19;0.917;0.876;0.981;24
2025-05-20;0.861;0.836;0.885;24
2025-05-21;0.811;0.776;0.847;24
2025-05-22;0.822;0.774;0.887;24
2025-05-23;0.799;0.746;0.877;24
2025-05-24;0.744;0.703;0.772;24
2025-05-25;0.707;0.678;0.735;24
2025-05-26;0.851;0.737;0.938;24
2025-05-27;1.022;0.921;1.171;24
2025-05-28;1.891;1.218;2.704;24
2025-05-29;3.544;2.764;4.359;24
2025-05-30;5.205;4.443;6.310;24
2025-05-31;6.984;6.336;7.392;24
2025-06-01;7.491;7.363;7.815;24
2025-06-02;7.650;7.495;7.842;24
2025-06-03;7.615;7.418;7.819;24
2025-06-04;7.496;7.186;8.109;24
2025-06-05;9.127;8.214;9.934;24
2025-06-06;10.867;9.987;11.861;24
2025-06-07;13.674;11.963;15.646;24
2025-06-08;16.334;15.837;16.587;24
2025-06-09;15.526;14.348;16.268;24
2025-06-10;13.175;12.130;14.278;24
2025-06-11;11.153;10.291;12.046;24
2025-06-12;9.375;8.564;10.269;24
2025-06-13;7.830;7.265;8.493;24
2025-06-14;6.515;5.965;7.243;24
2025-06-15;5.412;5.005;5.932;24
2025-06-16;4.636;4.282;5.027;24
2025-06-17;3.972;3.711;4.307;24
2025-06-18;3.438;3.220;3.693;24
2025-06-19;3.048;2.840;3.266;24
2025-06-20;2.682;2.466;2.860;24
2025-06-21;2.332;2.208;2.464;24
2025-06-22;2.094;1.977;2.222;24
2025-06-23;1.947;1.846;2.167;24
2025-06-24;1.878;1.817;1.961;24
2025-06-25;1.805;1.716;1.888;24
2025-06-26;1.678;1.594;1.767;24
2025-06-27;1.657;1.534;1.822;24
2025-06-28;1.872;1.786;2.102;24
2025-06-29;2.286;2.072;2.596;24
2025-06-30;2.774;2.661;2.877;24
2025-07-01;2.968;2.865;3.074;24
2025-07-02;3.093;3.014;3.172;24
2025-07-03;3.095;3.017;3.177;24
2025-07-04;2.968;2.754;3.266;24
2025-07-05;3.074;2.850;3.438;24
2025-07-06;5.128;3.506;6.973;24
2025-07-07;8.637;7.112;10.070;24
2025-07-08;10.838;10.145;11.286;24
2025-07-09;11.172;11.057;11.272;24
2025-07-10;10.988;10.729;11.188;24
2025-07-11;10.357;10.030;10.716;24
2025-07-12;9.396;8.912;9.969;24
2025-07-13;8.225;7.602;8.826;24
2025-07-14;7.007;6.414;7.594;24
2025-07-15;5.752;5.233;6.288;24
2025-07-16;5.452;4.841;6.091;24
2025-07-17;6.720;6.125;7.056;24
2025-07-18;7.091;6.984;7.143;24
2025-07-19;6.606;6.236;6.951;24
2025-07-20;5.830;5.453;6.228;24
2025-07-21;5.027;4.695;5.417;24
2025-07-22;4.926;4.498;5.724;24
2025-07-23;8.468;6.012;10.158;24
2025-07-24;11.255;10.274;12.668;24
2025-07-25;13.933;12.729;15.304;24
2025-07-26;15.489;15.163;15.681;24
2025-07-27;14.375;13.362;15.118;24
2025-07-28;12.299;11.127;13.336;24
2025-07-29;10.140;9.147;11.057;24
2025-07-30;8.399;7.838;9.122;24
2025-07-31;7.178;6.583;7.762;24
2025-08-01;5.933;5.445;6.520;24
2025-08-02;4.990;4.597;5.390;24
2025-08-03;4.524;4.389;4.632;24
2025-08-04;5.021;4.709;5.523;24
2025-08-05;7.541;5.631;11.955;24
2025-08-06;35.373;13.155;56.922;24
2025-08-07;60.416;57.865;61.787;24
2025-08-08;50.512;44.340;57.524;24
2025-08-09;38.835;33.860;43.857;24
2025-08-10;30.866;29.722;33.450;24
2025-08-11;27.701;25.503;29.714;24
2025-08-12;23.046;20.920;25.295;24
2025-08-13;18.600;16.760;20.859;24
2025-08-14;14.870;13.351;16.522;24
2025-08-15;12.083;11.024;13.247;24
2025-08-16;10.125;9.242;10.978;24
2025-08-17;8.435;7.695;9.118;24
2025-08-18;7.054;6.485;7.613;24
2025-08-19;5.888;5.348;6.436;24
2025-08-20;4.919;4.545;5.383;24
2025-08-21;4.171;3.841;4.525;24
2025-08-22;3.586;3.334;3.813;24
2025-08-23;3.085;2.820;3.377;24
2025-08-24;2.644;2.482;2.805;24
2025-08-25;2.364;2.226;2.506;24
2025-08-26;2.102;2.019;2.222;24
2025-08-27;1.915;1.840;2.027;24
2025-08-28;1.766;1.687;1.848;24
2025-08-29;1.722;1.629;1.994;24
2025-08-30;2.127;2.027;2.218;24
2025-08-31;2.347;2.214;2.506;24
