# Dognverdier for vannforing, sygna. Stasjon 22.22.0 (Sogne), parameter 1001.
# Aggregert fra timesverdier. Dognet gaar fra 06 UTC dagen for
# til 06 UTC paa datoen - samme vindu som nedborfilene (PT6H).
# timer = antall timesverdier bak dognet, maks 24.
# Kilde: NVE HydAPI.
dato;vf_snitt;vf_min;vf_maks;timer
2016-05-01;10.297;4.702;16.917;24
2016-05-02;11.994;8.538;16.439;24
2016-05-03;7.856;7.206;8.936;24
2016-05-04;11.793;9.173;13.282;24
2016-05-05;8.726;7.193;10.880;24
2016-05-06;6.278;5.589;7.092;24
2016-05-07;5.049;4.607;5.537;24
2016-05-08;4.244;3.929;4.573;24
2016-05-09;3.645;3.431;3.906;24
2016-05-10;3.271;3.039;3.452;24
2016-05-11;2.838;2.675;3.019;24
2016-05-12;2.512;2.367;2.648;24
2016-05-13;2.257;2.157;2.359;24
2016-05-14;2.135;2.114;2.190;24
2016-05-15;2.219;2.176;2.248;24
2016-05-16;2.056;1.952;2.165;24
2016-05-17;1.848;1.758;1.944;24
2016-05-18;1.673;1.597;1.747;24
2016-05-19;1.540;1.493;1.590;24
2016-05-20;1.445;1.393;1.488;24
2016-05-21;1.451;1.392;1.476;24
2016-05-22;1.878;1.421;2.523;24
2016-05-23;6.729;2.588;14.263;24
2016-05-24;10.889;7.479;14.590;24
2016-05-25;6.030;5.034;7.337;24
2016-05-26;4.368;3.847;4.965;24
2016-05-27;3.465;3.146;3.816;24
2016-05-28;2.895;2.686;3.125;24
2016-05-29;2.501;2.336;2.676;24
2016-05-30;2.205;2.114;2.323;24
2016-05-31;3.005;2.167;4.745;24
2016-06-01;5.157;4.355;5.698;24
2016-06-02;3.672;3.180;4.287;24
2016-06-03;2.828;2.551;3.151;24
2016-06-04;2.335;2.142;2.534;24
2016-06-05;1.972;1.828;2.128;24
2016-06-06;1.711;1.603;1.821;24
2016-06-07;1.535;1.465;1.601;24
2016-06-08;1.417;1.380;1.459;24
2016-06-09;1.293;1.228;1.379;24
2016-06-10;1.168;1.127;1.224;24
2016-06-11;1.076;1.039;1.122;24
2016-06-12;1.060;1.034;1.085;24
2016-06-13;1.035;0.999;1.081;24
2016-06-14;0.961;0.923;0.996;24
2016-06-15;0.899;0.878;0.922;24
2016-06-16;0.916;0.886;1.079;24
2016-06-17;1.530;1.098;2.234;24
2016-06-18;2.140;1.900;2.825;24
2016-06-19;2.519;2.018;3.008;24
2016-06-20;1.749;1.557;1.990;24
2016-06-21;6.431;1.534;13.671;24
2016-06-22;9.281;6.031;13.540;24
2016-06-23;4.745;3.959;5.874;24
2016-06-24;3.780;3.595;3.909;24
2016-06-25;4.028;3.791;4.425;24
2016-06-26;4.014;3.623;4.424;24
2016-06-27;5.857;3.703;8.562;24
2016-06-28;7.426;7.061;8.378;24
2016-06-29;6.541;5.454;7.307;24
2016-06-30;5.211;4.860;6.678;24
2016-07-01;15.681;7.122;20.061;24
2016-07-02;17.288;14.362;21.163;24
2016-07-03;19.447;17.698;21.045;24
2016-07-04;13.902;10.748;17.351;24
2016-07-05;8.740;7.271;10.539;24
2016-07-06;6.262;5.506;7.169;24
2016-07-07;4.897;4.364;5.455;24
2016-07-08;3.980;3.698;4.329;24
2016-07-09;3.447;3.197;3.684;24
2016-07-10;2.932;2.718;3.173;24
2016-07-11;2.725;2.672;2.816;24
2016-07-12;3.105;2.647;3.936;24
2016-07-13;3.676;3.252;3.985;24
2016-07-14;2.896;2.654;3.216;24
2016-07-15;2.894;2.610;3.132;24
2016-07-16;2.610;2.396;2.842;24
2016-07-17;2.208;2.032;2.382;24
2016-07-18;1.906;1.784;2.025;24
2016-07-19;1.691;1.597;1.777;24
2016-07-20;1.524;1.449;1.590;24
2016-07-21;1.387;1.321;1.443;24
2016-07-22;1.295;1.239;1.328;24
2016-07-23;1.294;1.230;1.482;24
2016-07-24;1.374;1.310;1.431;24
2016-07-25;1.230;1.151;1.304;24
2016-07-26;1.158;1.132;1.179;24
2016-07-27;1.314;1.181;1.454;24
2016-07-28;1.756;1.487;2.157;24
2016-07-29;3.000;2.194;3.425;24
2016-07-30;2.893;2.654;3.571;24
2016-07-31;3.791;3.272;4.109;24
2016-08-01;2.774;2.420;3.223;24
2016-08-02;2.206;1.998;2.397;24
2016-08-03;1.834;1.690;1.984;24
2016-08-04;2.113;1.638;2.703;24
2016-08-05;6.831;2.770;9.351;24
2016-08-06;9.336;7.674;10.322;24
2016-08-07;6.020;4.904;7.491;24
2016-08-08;4.646;4.407;4.869;24
2016-08-09;10.661;4.670;14.902;24
2016-08-10;9.332;7.090;12.789;24
2016-08-11;6.192;5.427;6.975;24
2016-08-12;4.702;4.151;5.364;24
2016-08-13;4.014;3.958;4.118;24
2016-08-14;3.838;3.618;4.012;24
2016-08-15;3.337;3.056;3.598;24
2016-08-16;2.791;2.565;3.038;24
2016-08-17;2.358;2.191;2.543;24
2016-08-18;2.059;1.931;2.183;24
2016-08-19;1.819;1.715;1.924;24
2016-08-20;1.626;1.544;1.705;24
2016-08-21;1.578;1.516;1.638;24
2016-08-22;2.026;1.649;2.448;24
2016-08-23;2.747;2.419;3.233;24
2016-08-24;2.854;2.474;3.233;24
2016-08-25;2.241;2.073;2.456;24
2016-08-26;2.128;1.985;2.534;24
2016-08-27;3.775;2.605;4.647;24
2016-08-28;3.544;3.009;4.253;24
2016-08-29;2.696;2.488;2.984;24
2016-08-30;2.375;2.256;2.479;24
2016-08-31;2.071;1.919;2.242;24
2017-05-01;5.158;4.372;6.230;24
2017-05-02;3.874;3.476;4.328;24
2017-05-03;3.185;2.924;3.453;24
2017-05-04;2.686;2.503;2.894;24
2017-05-05;2.341;2.199;2.487;24
2017-05-06;2.080;1.978;2.185;24
2017-05-07;1.884;1.802;1.970;24
2017-05-08;1.726;1.656;1.796;24
2017-05-09;1.590;1.533;1.650;24
2017-05-10;1.502;1.482;1.532;24
2017-05-11;1.554;1.477;1.680;24
2017-05-12;2.096;1.693;2.290;24
2017-05-13;1.965;1.848;2.129;24
2017-05-14;1.872;1.798;1.999;24
2017-05-15;2.723;2.025;3.377;24
2017-05-16;2.900;2.649;3.279;24
2017-05-17;5.617;2.658;10.345;24
2017-05-18;10.626;9.753;11.361;24
2017-05-19;13.414;10.453;14.896;24
2017-05-20;10.118;8.114;12.774;24
2017-05-21;7.155;6.739;8.008;24
2017-05-22;6.322;5.689;6.778;24
2017-05-23;5.095;4.608;5.629;24
2017-05-24;4.227;3.898;4.581;24
2017-05-25;3.605;3.325;3.869;24
2017-05-26;3.072;2.849;3.297;24
2017-05-27;2.655;2.488;2.833;24
2017-05-28;2.330;2.185;2.472;24
2017-05-29;2.076;1.984;2.176;24
2017-05-30;1.904;1.821;1.978;24
2017-05-31;1.744;1.674;1.815;24
2017-06-01;1.654;1.625;1.710;24
2017-06-02;1.576;1.499;1.631;24
2017-06-03;1.467;1.443;1.493;24
2017-06-04;1.451;1.437;1.470;24
2017-06-05;1.480;1.454;1.500;24
2017-06-06;1.393;1.336;1.449;24
2017-06-07;1.347;1.293;1.460;24
2017-06-08;2.689;1.471;6.649;24
2017-06-09;7.881;5.910;9.632;24
2017-06-10;9.638;5.455;18.527;24
2017-06-11;16.800;11.623;20.370;24
2017-06-12;9.324;7.922;11.351;24
2017-06-13;6.943;6.301;7.831;24
2017-06-14;5.533;4.854;6.257;24
2017-06-15;4.326;3.907;4.801;24
2017-06-16;3.636;3.500;3.877;24
2017-06-17;4.797;3.601;5.646;24
2017-06-18;3.975;3.446;4.695;24
2017-06-19;3.217;2.979;3.417;24
2017-06-20;2.638;2.346;2.959;24
2017-06-21;2.151;1.984;2.341;24
2017-06-22;1.856;1.746;1.971;24
2017-06-23;1.681;1.625;1.745;24
2017-06-24;1.617;1.597;1.641;24
2017-06-25;1.602;1.550;1.636;24
2017-06-26;1.530;1.487;1.575;24
2017-06-27;1.461;1.421;1.491;24
2017-06-28;1.331;1.244;1.415;24
2017-06-29;1.187;1.137;1.238;24
2017-06-30;1.110;1.080;1.136;24
2017-07-01;1.030;0.991;1.076;24
2017-07-02;0.939;0.907;0.987;24
2017-07-03;0.862;0.834;0.905;24
2017-07-04;0.804;0.789;0.831;24
2017-07-05;0.762;0.750;0.788;24
2017-07-06;0.727;0.712;0.748;24
2017-07-07;0.673;0.649;0.710;24
2017-07-08;0.662;0.646;0.695;24
2017-07-09;0.658;0.627;0.686;24
2017-07-10;0.615;0.604;0.633;24
2017-07-11;0.686;0.603;0.767;24
2017-07-12;0.710;0.704;0.718;24
2017-07-13;0.718;0.711;0.726;24
2017-07-14;0.691;0.667;0.708;24
2017-07-15;0.714;0.637;0.851;24
2017-07-16;0.652;0.607;0.810;24
2017-07-17;0.690;0.627;0.795;24
2017-07-18;0.608;0.594;0.626;24
2017-07-19;0.576;0.560;0.594;24
2017-07-20;0.539;0.524;0.557;24
2017-07-21;0.673;0.501;1.434;24
2017-07-22;1.764;1.544;2.026;24
2017-07-23;3.363;2.032;3.940;24
2017-07-24;2.675;2.405;3.125;24
2017-07-25;2.230;2.059;2.395;24
2017-07-26;1.886;1.740;2.040;24
2017-07-27;1.606;1.510;1.728;24
2017-07-28;1.822;1.505;2.255;24
2017-07-29;2.422;2.305;2.519;24
2017-07-30;3.518;2.413;5.885;24
2017-07-31;7.642;6.189;10.482;24
2017-08-01;8.989;7.302;10.798;24
2017-08-02;6.342;5.964;7.182;24
2017-08-03;7.538;6.337;9.316;24
2017-08-04;17.864;9.160;33.943;24
2017-08-05;33.666;31.856;36.038;24
2017-08-06;24.361;17.087;32.497;24
2017-08-07;13.079;10.114;16.672;24
2017-08-08;11.083;9.445;13.915;24
2017-08-09;12.148;10.128;13.889;24
2017-08-10;9.387;8.892;10.271;24
2017-08-11;9.338;7.798;10.442;24
2017-08-12;6.665;5.830;7.687;24
2017-08-13;5.238;4.733;5.758;24
2017-08-14;4.258;3.839;4.696;24
2017-08-15;3.504;3.227;3.815;24
2017-08-16;3.116;3.031;3.229;24
2017-08-17;4.027;3.321;4.348;24
2017-08-18;5.497;3.511;12.211;24
2017-08-19;13.140;10.512;14.864;24
2017-08-20;10.336;9.569;11.384;24
2017-08-21;10.628;9.301;11.407;24
2017-08-22;7.818;6.658;9.173;24
2017-08-23;5.758;5.062;6.563;24
2017-08-24;4.554;4.155;5.012;24
2017-08-25;4.006;3.958;4.118;24
2017-08-26;4.304;4.050;4.567;24
2017-08-27;3.795;3.589;4.125;24
2017-08-28;3.325;3.099;3.569;24
2017-08-29;2.908;2.757;3.081;24
2017-08-30;2.669;2.581;2.743;24
2017-08-31;2.474;2.367;2.573;24
2018-05-01;6.960;5.477;13.808;24
2018-05-02;20.017;15.285;22.691;24
2018-05-03;12.953;10.609;16.564;24
2018-05-04;12.957;10.555;14.710;24
2018-05-05;10.365;8.733;12.583;24
2018-05-06;7.668;6.824;8.639;24
2018-05-07;6.137;5.566;6.767;24
2018-05-08;5.271;4.941;5.526;24
2018-05-09;4.561;4.232;4.903;24
2018-05-10;3.949;3.688;4.208;24
2018-05-11;3.996;3.582;5.132;24
2018-05-12;5.638;4.881;6.201;24
2018-05-13;4.291;3.875;4.813;24
2018-05-14;3.579;3.334;3.847;24
2018-05-15;3.120;2.925;3.317;24
2018-05-16;2.735;2.581;2.908;24
2018-05-17;2.440;2.306;2.567;24
2018-05-18;2.178;2.066;2.293;24
2018-05-19;1.953;1.858;2.058;24
2018-05-20;1.773;1.691;1.848;24
2018-05-21;1.618;1.555;1.684;24
2018-05-22;1.493;1.422;1.549;24
2018-05-23;1.359;1.305;1.415;24
2018-05-24;1.271;1.219;1.304;24
2018-05-25;1.174;1.137;1.218;24
2018-05-26;1.090;1.062;1.135;24
2018-05-27;1.020;0.994;1.057;24
2018-05-28;0.959;0.935;0.988;24
2018-05-29;1.099;0.958;1.170;24
2018-05-30;1.191;1.165;1.209;24
2018-05-31;1.098;1.013;1.184;24
2018-06-01;0.949;0.903;1.004;24
2018-06-02;0.860;0.839;0.898;24
2018-06-03;0.806;0.781;0.838;24
2018-06-04;0.741;0.717;0.780;24
2018-06-05;0.704;0.689;0.725;24
2018-06-06;0.672;0.653;0.696;24
2018-06-07;0.646;0.610;0.686;24
2018-06-08;0.589;0.578;0.604;24
2018-06-09;0.562;0.554;0.578;24
2018-06-10;0.551;0.545;0.554;24
2018-06-11;0.569;0.542;0.610;24
2018-06-12;0.570;0.560;0.581;24
2018-06-13;0.544;0.528;0.559;24
2018-06-14;0.519;0.509;0.538;24
2018-06-15;0.816;0.510;1.060;24
2018-06-16;0.953;0.922;0.995;24
2018-06-17;0.904;0.831;1.007;24
2018-06-18;1.383;0.969;1.828;24
2018-06-19;1.987;1.839;2.131;24
2018-06-20;1.540;1.319;1.809;24
2018-06-21;1.799;1.301;2.511;24
2018-06-22;2.584;2.199;2.763;24
2018-06-23;1.765;1.471;2.151;24
2018-06-24;1.296;1.160;1.454;24
2018-06-25;1.061;0.982;1.150;24
2018-06-26;0.913;0.858;0.974;24
2018-06-27;0.813;0.776;0.854;24
2018-06-28;0.731;0.704;0.770;24
2018-06-29;0.663;0.639;0.701;24
2018-06-30;0.598;0.581;0.636;24
2018-07-01;0.553;0.533;0.581;24
2018-07-02;0.509;0.493;0.533;24
2018-07-03;0.475;0.467;0.493;24
2018-07-04;0.452;0.436;0.465;24
2018-07-05;0.425;0.407;0.452;24
2018-07-06;0.407;0.397;0.420;24
2018-07-07;0.389;0.373;0.412;24
2018-07-08;0.355;0.343;0.371;24
2018-07-09;0.346;0.337;0.357;24
2018-07-10;0.338;0.324;0.355;24
2018-07-11;0.318;0.304;0.343;24
2018-07-12;0.307;0.298;0.316;24
2018-07-13;0.306;0.298;0.312;24
2018-07-14;0.300;0.290;0.310;24
2018-07-15;0.278;0.268;0.300;24
2018-07-16;0.266;0.255;0.277;24
2018-07-17;0.258;0.247;0.271;24
2018-07-18;0.246;0.233;0.256;24
2018-07-19;0.237;0.229;0.249;24
2018-07-20;0.220;0.212;0.233;24
2018-07-21;0.212;0.206;0.222;24
2018-07-22;0.205;0.199;0.211;24
2018-07-23;0.193;0.187;0.200;24
2018-07-24;0.186;0.182;0.190;24
2018-07-25;0.180;0.169;0.188;24
2018-07-26;0.173;0.159;0.185;24
2018-07-27;0.181;0.174;0.195;24
2018-07-28;0.185;0.179;0.194;24
2018-07-29;0.248;0.178;0.361;24
2018-07-30;0.377;0.343;0.411;24
2018-07-31;0.339;0.330;0.349;24
2018-08-01;0.454;0.345;0.604;24
2018-08-02;0.510;0.490;0.548;24
2018-08-03;0.505;0.492;0.515;24
2018-08-04;0.454;0.417;0.490;24
2018-08-05;0.378;0.357;0.413;24
2018-08-06;0.354;0.344;0.361;24
2018-08-07;0.349;0.334;0.384;24
2018-08-08;0.322;0.317;0.332;24
2018-08-09;0.360;0.339;0.407;24
2018-08-10;0.379;0.333;0.551;24
2018-08-11;1.254;0.581;2.949;24
2018-08-12;2.253;1.550;3.022;24
2018-08-13;1.232;1.018;1.515;24
2018-08-14;0.892;0.803;1.008;24
2018-08-15;0.720;0.656;0.796;24
2018-08-16;0.625;0.595;0.657;24
2018-08-17;0.915;0.664;1.742;24
2018-08-18;3.096;1.939;3.605;24
2018-08-19;2.316;2.122;2.768;24
2018-08-20;2.192;2.003;2.291;24
2018-08-21;1.740;1.527;1.973;24
2018-08-22;1.370;1.275;1.509;24
2018-08-23;1.364;1.351;1.383;24
2018-08-24;1.451;1.388;1.486;24
2018-08-25;1.396;1.330;1.468;24
2018-08-26;1.248;1.184;1.326;24
2018-08-27;1.102;1.036;1.175;24
2018-08-28;3.207;1.037;5.753;24
2018-08-29;4.728;3.598;5.778;24
2018-08-30;3.012;2.744;3.523;24
2018-08-31;3.134;2.752;3.370;24
2019-05-01;3.405;3.021;3.875;24
2019-05-02;2.708;2.449;2.993;24
2019-05-03;2.339;2.293;2.432;24
2019-05-04;2.171;2.038;2.279;24
2019-05-05;1.914;1.802;2.025;24
2019-05-06;1.698;1.619;1.791;24
2019-05-07;1.537;1.431;1.609;24
2019-05-08;1.354;1.299;1.422;24
2019-05-09;1.279;1.250;1.361;24
2019-05-10;2.450;1.408;4.214;24
2019-05-11;6.790;4.521;7.578;24
2019-05-12;5.530;4.471;6.763;24
2019-05-13;3.840;3.364;4.405;24
2019-05-14;3.200;3.063;3.342;24
2019-05-15;2.831;2.622;3.046;24
2019-05-16;2.440;2.278;2.606;24
2019-05-17;2.132;2.004;2.263;24
2019-05-18;1.897;1.835;1.992;24
2019-05-19;1.760;1.698;1.840;24
2019-05-20;1.668;1.631;1.696;24
2019-05-21;1.551;1.466;1.624;24
2019-05-22;2.143;1.406;5.463;24
2019-05-23;8.409;6.119;10.061;24
2019-05-24;6.015;5.441;7.733;24
2019-05-25;13.243;8.346;15.615;24
2019-05-26;8.762;6.900;11.259;24
2019-05-27;5.956;5.179;6.826;24
2019-05-28;4.572;3.979;5.120;24
2019-05-29;3.729;3.382;3.957;24
2019-05-30;3.117;2.973;3.361;24
2019-05-31;3.574;3.107;4.051;24
2019-06-01;3.721;3.484;4.050;24
2019-06-02;3.464;3.392;3.539;24
2019-06-03;3.253;3.011;3.492;24
2019-06-04;2.899;2.759;2.995;24
2019-06-05;2.591;2.440;2.797;24
2019-06-06;4.196;2.854;5.533;24
2019-06-07;4.909;4.719;5.460;24
2019-06-08;4.724;4.180;5.035;24
2019-06-09;4.546;3.961;7.207;24
2019-06-10;14.384;8.097;16.618;24
2019-06-11;10.953;8.268;14.584;24
2019-06-12;9.781;7.137;18.796;24
2019-06-13;23.674;19.657;26.590;24
2019-06-14;16.275;14.200;19.192;24
2019-06-15;13.877;12.840;14.425;24
2019-06-16;10.502;8.898;12.607;24
2019-06-17;8.025;7.207;8.811;24
2019-06-18;6.351;5.731;7.128;24
2019-06-19;5.197;4.740;5.691;24
2019-06-20;4.661;4.385;5.087;24
2019-06-21;5.843;5.190;6.207;24
2019-06-22;4.975;4.650;5.488;24
2019-06-23;4.252;3.875;4.629;24
2019-06-24;3.477;3.178;3.837;24
2019-06-25;2.928;2.725;3.153;24
2019-06-26;2.602;2.542;2.709;24
2019-06-27;2.612;2.575;2.651;24
2019-06-28;2.398;2.220;2.612;24
2019-06-29;2.058;1.918;2.206;24
2019-06-30;1.829;1.784;1.906;24
2019-07-01;1.725;1.650;1.814;24
2019-07-02;1.537;1.415;1.660;24
2019-07-03;1.332;1.263;1.409;24
2019-07-04;1.179;1.121;1.254;24
2019-07-05;1.068;1.031;1.114;24
2019-07-06;0.986;0.952;1.026;24
2019-07-07;0.927;0.906;0.952;24
2019-07-08;0.881;0.863;0.910;24
2019-07-09;1.016;0.919;1.067;24
2019-07-10;0.973;0.929;1.008;24
2019-07-11;1.002;0.961;1.039;24
2019-07-12;0.907;0.866;0.960;24
2019-07-13;0.820;0.792;0.862;24
2019-07-14;0.760;0.740;0.789;24
2019-07-15;0.722;0.702;0.739;24
2019-07-16;0.695;0.670;0.722;24
2019-07-17;0.636;0.619;0.666;24
2019-07-18;0.592;0.578;0.617;24
2019-07-19;0.585;0.566;0.666;24
2019-07-20;0.631;0.610;0.662;24
2019-07-21;1.685;0.610;5.602;24
2019-07-22;9.380;6.746;10.704;24
2019-07-23;6.374;6.048;7.300;24
2019-07-24;5.811;4.797;6.596;24
2019-07-25;4.040;3.466;4.710;24
2019-07-26;3.030;2.677;3.427;24
2019-07-27;2.404;2.164;2.653;24
2019-07-28;1.965;1.790;2.148;24
2019-07-29;1.662;1.573;1.777;24
2019-07-30;1.483;1.415;1.562;24
2019-07-31;1.387;1.336;1.575;24
2019-08-01;3.428;1.669;6.326;24
2019-08-02;4.888;3.786;6.295;24
2019-08-03;3.182;2.726;3.726;24
2019-08-04;2.396;2.143;2.693;24
2019-08-05;1.926;1.759;2.127;24
2019-08-06;1.653;1.575;1.746;24
2019-08-07;4.108;1.764;5.853;24
2019-08-08;4.061;3.273;5.193;24
2019-08-09;3.436;3.232;3.630;24
2019-08-10;3.728;3.170;6.657;24
2019-08-11;17.062;7.619;24.536;24
2019-08-12;29.187;25.135;31.187;24
2019-08-13;35.832;28.376;41.252;24
2019-08-14;23.500;15.998;34.631;24
2019-08-15;12.333;9.681;15.637;24
2019-08-16;8.577;8.087;9.521;24
2019-08-17;9.659;8.944;10.330;24
2019-08-18;38.385;10.982;51.060;24
2019-08-19;32.208;22.872;46.888;24
2019-08-20;23.178;21.462;23.877;24
2019-08-21;19.965;17.508;21.220;24
2019-08-22;14.175;11.477;17.193;24
2019-08-23;22.428;11.173;41.547;24
2019-08-24;34.564;24.963;42.016;24
2019-08-25;18.548;14.546;24.210;24
2019-08-26;11.740;9.643;14.321;24
2019-08-27;8.190;7.083;9.490;24
2019-08-28;6.307;5.655;6.988;24
2019-08-29;5.103;4.735;5.601;24
2019-08-30;4.504;4.210;4.736;24
2019-08-31;3.843;3.553;4.179;24
2020-05-01;3.493;0.961;7.745;24
2020-05-02;7.292;6.112;8.284;24
2020-05-03;4.962;4.093;6.022;24
2020-05-04;3.547;3.126;4.033;24
2020-05-05;2.822;2.573;3.100;24
2020-05-06;2.383;2.216;2.551;24
2020-05-07;2.068;1.945;2.210;24
2020-05-08;1.836;1.740;1.937;24
2020-05-09;1.645;1.561;1.728;24
2020-05-10;1.489;1.439;1.554;24
2020-05-11;1.423;1.382;1.470;24
2020-05-12;1.343;1.288;1.378;24
2020-05-13;1.228;1.184;1.283;24
2020-05-14;1.133;1.089;1.179;24
2020-05-15;1.055;1.026;1.085;24
2020-05-16;0.994;0.969;1.025;24
2020-05-17;0.938;0.915;0.966;24
2020-05-18;0.898;0.886;0.915;24
2020-05-19;0.857;0.835;0.885;24
2020-05-20;0.812;0.792;0.834;24
2020-05-21;0.768;0.755;0.791;24
2020-05-22;0.739;0.732;0.754;24
2020-05-23;1.407;0.726;4.722;24
2020-05-24;5.232;3.935;6.498;24
2020-05-25;3.756;3.560;3.880;24
2020-05-26;3.095;2.700;3.522;24
2020-05-27;2.398;2.170;2.669;24
2020-05-28;1.986;1.828;2.155;24
2020-05-29;1.694;1.584;1.821;24
2020-05-30;1.483;1.393;1.573;24
2020-05-31;1.316;1.243;1.384;24
2020-06-01;1.173;1.108;1.238;24
2020-06-02;1.044;0.995;1.103;24
2020-06-03;0.946;0.907;0.991;24
2020-06-04;0.885;0.858;0.985;24
2020-06-05;1.113;0.915;1.895;24
2020-06-06;18.276;2.370;26.194;24
2020-06-07;13.102;8.725;20.615;24
2020-06-08;6.997;5.850;8.541;24
2020-06-09;5.064;4.425;5.783;24
2020-06-10;3.954;3.588;4.373;24
2020-06-11;3.327;3.075;3.563;24
2020-06-12;2.815;2.568;3.062;24
2020-06-13;2.346;2.164;2.557;24
2020-06-14;2.249;2.008;2.512;24
2020-06-15;3.347;2.537;3.785;24
2020-06-16;2.740;2.382;3.214;24
2020-06-17;2.134;1.946;2.359;24
2020-06-18;1.798;1.673;1.937;24
2020-06-19;1.564;1.449;1.666;24
2020-06-20;1.354;1.290;1.441;24
2020-06-21;1.501;1.283;1.550;24
2020-06-22;1.644;1.566;1.691;24
2020-06-23;1.452;1.341;1.585;24
2020-06-24;1.248;1.165;1.331;24
2020-06-25;1.103;1.039;1.158;24
2020-06-26;0.979;0.928;1.034;24
2020-06-27;0.882;0.849;0.923;24
2020-06-28;0.877;0.827;0.947;24
2020-06-29;0.938;0.910;1.000;24
2020-06-30;2.736;1.019;8.561;24
2020-07-01;15.890;9.772;18.306;24
2020-07-02;8.935;6.430;13.079;24
2020-07-03;5.187;4.288;6.302;24
2020-07-04;3.804;3.605;4.231;24
2020-07-05;3.873;3.609;4.140;24
2020-07-06;11.362;4.309;15.904;24
2020-07-07;10.567;7.784;14.587;24
2020-07-08;6.329;5.315;7.617;24
2020-07-09;4.623;4.081;5.262;24
2020-07-10;3.657;3.306;4.041;24
2020-07-11;3.556;3.058;4.478;24
2020-07-12;3.683;3.170;4.345;24
2020-07-13;2.855;2.613;3.136;24
2020-07-14;2.442;2.329;2.597;24
2020-07-15;2.244;2.163;2.315;24
2020-07-16;2.177;2.128;2.255;24
2020-07-17;2.326;2.117;2.479;24
2020-07-18;2.036;1.898;2.219;24
2020-07-19;3.004;1.893;6.156;24
2020-07-20;8.482;6.704;9.474;24
2020-07-21;6.116;4.906;7.447;24
2020-07-22;4.136;3.577;4.833;24
2020-07-23;3.157;2.816;3.534;24
2020-07-24;2.835;2.525;3.988;24
2020-07-25;18.751;4.463;25.708;24
2020-07-26;14.041;11.881;19.607;24
2020-07-27;33.981;13.415;52.130;24
2020-07-28;37.819;26.991;51.725;24
2020-07-29;48.711;28.838;60.348;24
2020-07-30;41.993;29.241;55.599;24
2020-07-31;20.998;15.899;28.290;24
2020-08-01;12.711;10.265;15.588;24
2020-08-02;8.610;7.401;10.098;24
2020-08-03;6.472;5.716;7.312;24
2020-08-04;5.081;4.561;5.655;24
2020-08-05;4.214;3.971;4.525;24
2020-08-06;9.175;4.491;12.381;24
2020-08-07;9.650;7.636;11.981;24
2020-08-08;6.349;5.401;7.521;24
2020-08-09;4.790;4.327;5.337;24
2020-08-10;3.926;3.600;4.286;24
2020-08-11;3.342;3.098;3.578;24
2020-08-12;2.871;2.669;3.074;24
2020-08-13;2.494;2.329;2.653;24
2020-08-14;2.202;2.079;2.315;24
2020-08-15;1.957;1.841;2.066;24
2020-08-16;1.738;1.653;1.833;24
2020-08-17;1.567;1.488;1.644;24
2020-08-18;1.412;1.345;1.482;24
2020-08-19;1.291;1.248;1.336;24
2020-08-20;1.195;1.155;1.243;24
2020-08-21;1.247;1.132;1.361;24
2020-08-22;4.659;1.363;8.274;24
2020-08-23;5.668;5.011;7.462;24
2020-08-24;4.569;3.926;5.056;24
2020-08-25;3.401;2.986;3.877;24
2020-08-26;2.715;2.537;2.960;24
2020-08-27;2.424;2.360;2.596;24
2020-08-28;2.215;2.066;2.351;24
2020-08-29;2.152;2.026;2.451;24
2020-08-30;2.299;2.170;2.419;24
2020-08-31;2.039;1.885;2.163;24
2021-05-01;1.128;1.107;1.150;24
2021-05-02;1.082;1.063;1.104;24
2021-05-03;1.044;1.027;1.062;24
2021-05-04;1.020;0.996;1.094;24
2021-05-05;8.563;1.158;22.642;24
2021-05-06;17.004;10.981;23.040;24
2021-05-07;8.433;6.871;10.648;24
2021-05-08;5.965;5.365;6.779;24
2021-05-09;4.882;4.578;5.337;24
2021-05-10;10.359;4.763;16.879;24
2021-05-11;14.550;12.644;16.812;24
2021-05-12;10.638;8.902;12.515;24
2021-05-13;7.916;7.462;8.792;24
2021-05-14;6.785;6.164;7.429;24
2021-05-15;5.906;5.556;7.535;24
2021-05-16;8.262;7.513;9.122;24
2021-05-17;7.057;6.425;7.504;24
2021-05-18;6.154;5.887;7.040;24
2021-05-19;7.541;6.692;8.069;24
2021-05-20;6.048;5.594;6.596;24
2021-05-21;5.018;4.538;5.550;24
2021-05-22;4.253;4.138;4.503;24
2021-05-23;5.401;4.224;6.812;24
2021-05-24;8.115;6.851;10.872;24
2021-05-25;14.665;10.320;29.322;24
2021-05-26;40.528;31.429;45.666;24
2021-05-27;22.979;17.908;32.023;24
2021-05-28;14.680;11.940;17.584;24
2021-05-29;9.949;8.409;11.740;24
2021-05-30;7.246;6.319;8.285;24
2021-05-31;5.592;4.996;6.259;24
2021-06-01;4.525;4.125;4.941;24
2021-06-02;3.792;3.492;4.095;24
2021-06-03;3.229;3.013;3.465;24
2021-06-04;4.158;2.994;9.633;24
2021-06-05;9.791;7.373;11.168;24
2021-06-06;5.809;4.813;7.180;24
2021-06-07;4.234;3.816;4.752;24
2021-06-08;3.474;3.179;3.777;24
2021-06-09;2.913;2.692;3.153;24
2021-06-10;2.504;2.343;2.671;24
2021-06-11;2.215;2.107;2.324;24
2021-06-12;2.027;1.959;2.095;24
2021-06-13;1.874;1.778;1.957;24
2021-06-14;1.688;1.614;1.771;24
2021-06-15;3.128;1.616;4.859;24
2021-06-16;3.951;3.109;4.906;24
2021-06-17;2.682;2.412;3.063;24
2021-06-18;2.235;2.107;2.396;24
2021-06-19;2.155;2.072;2.226;24
2021-06-20;1.991;1.886;2.120;24
2021-06-21;2.082;1.850;2.431;24
2021-06-22;3.605;2.535;4.061;24
2021-06-23;2.825;2.487;3.304;24
2021-06-24;2.271;2.073;2.466;24
2021-06-25;1.891;1.752;2.059;24
2021-06-26;1.633;1.538;1.741;24
2021-06-27;1.451;1.384;1.532;24
2021-06-28;1.314;1.244;1.378;24
2021-06-29;1.181;1.131;1.238;24
2021-06-30;1.080;1.043;1.127;24
2021-07-01;0.994;0.960;1.039;24
2021-07-02;0.940;0.914;0.961;24
2021-07-03;0.881;0.862;0.909;24
2021-07-04;1.105;0.871;1.321;24
2021-07-05;1.591;1.373;1.671;24
2021-07-06;1.660;1.505;1.905;24
2021-07-07;2.811;1.931;4.211;24
2021-07-08;5.259;4.489;5.707;24
2021-07-09;8.969;5.799;10.676;24
2021-07-10;7.820;5.993;10.078;24
2021-07-11;6.088;4.673;11.467;24
2021-07-12;10.820;7.898;12.936;24
2021-07-13;6.203;5.045;7.710;24
2021-07-14;4.307;3.766;4.965;24
2021-07-15;3.340;3.011;3.726;24
2021-07-16;2.704;2.456;2.979;24
2021-07-17;2.206;1.999;2.428;24
2021-07-18;1.823;1.673;1.984;24
2021-07-19;1.552;1.448;1.662;24
2021-07-20;1.353;1.285;1.438;24
2021-07-21;1.208;1.142;1.283;24
2021-07-22;1.079;1.031;1.136;24
2021-07-23;0.984;0.944;1.026;24
2021-07-24;0.903;0.866;0.943;24
2021-07-25;0.833;0.800;0.865;24
2021-07-26;0.770;0.744;0.799;24
2021-07-27;0.783;0.727;0.889;24
2021-07-28;1.013;0.842;1.383;24
2021-07-29;2.098;1.418;3.045;24
2021-07-30;10.190;3.145;13.700;24
2021-07-31;8.731;6.796;11.166;24
2021-08-01;5.499;4.720;6.664;24
2021-08-02;4.230;4.074;4.660;24
2021-08-03;3.807;3.427;4.081;24
2021-08-04;3.065;2.784;3.390;24
2021-08-05;2.636;2.420;2.776;24
2021-08-06;2.224;2.059;2.404;24
2021-08-07;1.910;1.776;2.046;24
2021-08-08;2.447;1.757;4.257;24
2021-08-09;4.311;3.778;4.706;24
2021-08-10;5.908;3.757;9.895;24
2021-08-11;8.032;6.681;9.771;24
2021-08-12;5.763;4.845;6.612;24
2021-08-13;4.194;3.727;4.769;24
2021-08-14;3.957;3.667;4.642;24
2021-08-15;5.778;4.683;7.424;24
2021-08-16;7.129;6.010;7.937;24
2021-08-17;5.254;4.615;5.940;24
2021-08-18;4.103;3.657;4.563;24
2021-08-19;3.268;2.941;3.627;24
2021-08-20;2.648;2.390;2.909;24
2021-08-21;2.195;2.025;2.374;24
2021-08-22;1.866;1.710;2.011;24
2021-08-23;1.585;1.493;1.697;24
2021-08-24;1.429;1.395;1.487;24
2021-08-25;1.377;1.327;1.415;24
2021-08-26;1.255;1.184;1.330;24
2021-08-27;1.121;1.059;1.179;24
2021-08-28;1.066;1.005;1.121;24
2021-08-29;1.012;0.969;1.052;24
2021-08-30;0.926;0.895;0.965;24
2021-08-31;0.857;0.823;0.894;24
2022-05-01;0.623;0.614;0.639;24
2022-05-02;0.602;0.594;0.616;24
2022-05-03;0.581;0.570;0.594;24
2022-05-04;0.564;0.554;0.575;24
2022-05-05;0.549;0.536;0.563;24
2022-05-06;0.535;0.527;0.551;24
2022-05-07;0.527;0.518;0.536;24
2022-05-08;0.523;0.509;0.533;24
2022-05-09;0.503;0.495;0.509;24
2022-05-10;0.494;0.490;0.507;24
2022-05-11;0.597;0.518;0.646;24
2022-05-12;0.771;0.649;0.862;24
2022-05-13;0.920;0.869;0.943;24
2022-05-14;0.867;0.822;0.922;24
2022-05-15;0.779;0.747;0.818;24
2022-05-16;0.711;0.683;0.744;24
2022-05-17;0.644;0.619;0.680;24
2022-05-18;0.594;0.572;0.617;24
2022-05-19;0.584;0.566;0.599;24
2022-05-20;0.640;0.582;0.738;24
2022-05-21;0.725;0.717;0.735;24
2022-05-22;0.716;0.694;0.733;24
2022-05-23;0.660;0.633;0.691;24
2022-05-24;0.607;0.588;0.630;24
2022-05-25;1.159;0.614;2.017;24
2022-05-26;2.396;2.137;3.113;24
2022-05-27;4.145;3.287;4.636;24
2022-05-28;2.975;2.450;3.680;24
2022-05-29;2.154;1.925;2.419;24
2022-05-30;1.746;1.602;1.911;24
2022-05-31;1.492;1.399;1.590;24
2022-06-01;1.374;1.310;1.441;24
2022-06-02;1.240;1.179;1.304;24
2022-06-03;1.115;1.062;1.174;24
2022-06-04;1.000;0.949;1.053;24
2022-06-05;0.894;0.857;0.944;24
2022-06-06;0.810;0.769;0.850;24
2022-06-07;0.746;0.715;0.818;24
2022-06-08;1.132;0.824;1.248;24
2022-06-09;1.071;1.001;1.160;24
2022-06-10;1.012;0.978;1.059;24
2022-06-11;1.011;0.987;1.031;24
2022-06-12;0.956;0.915;0.990;24
2022-06-13;0.868;0.831;0.910;24
2022-06-14;0.793;0.758;0.830;24
2022-06-15;0.731;0.707;0.755;24
2022-06-16;0.680;0.656;0.705;24
2022-06-17;0.629;0.604;0.656;24
2022-06-18;0.690;0.594;0.819;24
2022-06-19;0.685;0.663;0.725;24
2022-06-20;0.666;0.650;0.676;24
2022-06-21;0.629;0.607;0.649;24
2022-06-22;0.594;0.581;0.606;24
2022-06-23;0.560;0.542;0.581;24
2022-06-24;0.527;0.513;0.544;24
2022-06-25;0.494;0.479;0.513;24
2022-06-26;0.461;0.451;0.481;24
2022-06-27;0.440;0.433;0.454;24
2022-06-28;0.480;0.436;0.514;24
2022-06-29;0.477;0.467;0.492;24
2022-06-30;0.459;0.449;0.467;24
2022-07-01;0.428;0.417;0.448;24
2022-07-02;0.409;0.405;0.417;24
2022-07-03;0.454;0.390;0.785;24
2022-07-04;0.700;0.668;0.736;24
2022-07-05;0.800;0.739;0.846;24
2022-07-06;0.861;0.842;0.869;24
2022-07-07;0.805;0.744;0.853;24
2022-07-08;0.701;0.643;0.740;24
2022-07-09;0.598;0.560;0.639;24
2022-07-10;0.524;0.498;0.559;24
2022-07-11;0.473;0.457;0.496;24
2022-07-12;0.436;0.427;0.456;24
2022-07-13;0.421;0.415;0.425;24
2022-07-14;0.394;0.376;0.415;24
2022-07-15;0.368;0.359;0.380;24
2022-07-16;0.349;0.343;0.361;24
2022-07-17;0.333;0.323;0.345;24
2022-07-18;0.319;0.315;0.325;24
2022-07-19;0.312;0.304;0.319;24
2022-07-20;0.299;0.288;0.315;24
2022-07-21;0.374;0.323;0.390;24
2022-07-22;0.376;0.362;0.390;24
2022-07-23;0.341;0.323;0.361;24
2022-07-24;0.309;0.290;0.327;24
2022-07-25;0.330;0.289;0.392;24
2022-07-26;0.513;0.386;0.575;24
2022-07-27;0.580;0.551;0.603;24
2022-07-28;0.533;0.484;0.591;24
2022-07-29;0.436;0.402;0.479;24
2022-07-30;0.375;0.357;0.400;24
2022-07-31;0.338;0.328;0.355;24
2022-08-01;0.366;0.325;0.401;24
2022-08-02;0.342;0.328;0.361;24
2022-08-03;3.284;0.328;6.671;24
2022-08-04;2.732;2.206;3.631;24
2022-08-05;3.120;2.132;4.518;24
2022-08-06;3.092;2.271;4.199;24
2022-08-07;1.860;1.580;2.233;24
2022-08-08;1.423;1.295;1.571;24
2022-08-09;1.188;1.072;1.290;24
2022-08-10;0.992;0.927;1.066;24
2022-08-11;0.876;0.822;0.917;24
2022-08-12;0.772;0.732;0.814;24
2022-08-13;0.692;0.664;0.722;24
2022-08-14;0.631;0.608;0.659;24
2022-08-15;0.595;0.577;0.627;24
2022-08-16;0.571;0.548;0.594;24
2022-08-17;0.530;0.513;0.553;24
2022-08-18;0.505;0.493;0.517;24
2022-08-19;0.483;0.470;0.500;24
2022-08-20;0.458;0.443;0.475;24
2022-08-21;0.434;0.419;0.453;24
2022-08-22;0.537;0.497;0.565;24
2022-08-23;0.479;0.468;0.501;24
2022-08-24;0.470;0.458;0.501;24
2022-08-25;0.499;0.488;0.509;24
2022-08-26;0.473;0.457;0.489;24
2022-08-27;4.983;0.452;18.246;24
2022-08-28;9.915;5.154;18.014;24
2022-08-29;3.948;3.358;4.990;24
2022-08-30;3.608;3.046;4.025;24
2022-08-31;2.598;2.302;3.002;24
2023-05-01;2.498;2.415;2.666;24
2023-05-02;4.825;2.794;6.506;24
2023-05-03;5.172;4.320;6.249;24
2023-05-04;3.842;3.492;4.265;24
2023-05-05;3.214;2.976;3.465;24
2023-05-06;2.779;2.607;2.960;24
2023-05-07;2.468;2.331;2.603;24
2023-05-08;2.225;2.133;2.315;24
2023-05-09;2.009;1.925;2.121;24
2023-05-10;13.026;2.105;30.212;24
2023-05-11;26.196;17.795;31.879;24
2023-05-12;13.790;11.003;17.304;24
2023-05-13;9.199;7.853;10.815;24
2023-05-14;6.892;6.110;7.768;24
2023-05-15;5.505;5.008;6.036;24
2023-05-16;4.593;4.242;4.962;24
2023-05-17;3.924;3.618;4.220;24
2023-05-18;3.358;3.125;3.592;24
2023-05-19;2.923;2.766;3.094;24
2023-05-20;2.624;2.502;2.750;24
2023-05-21;2.374;2.252;2.496;24
2023-05-22;2.148;2.044;2.249;24
2023-05-23;2.129;1.984;2.532;24
2023-05-24;2.768;2.550;2.991;24
2023-05-25;2.564;2.295;2.881;24
2023-05-26;2.122;1.984;2.291;24
2023-05-27;1.864;1.764;1.975;24
2023-05-28;1.675;1.608;1.748;24
2023-05-29;1.524;1.450;1.605;24
2023-05-30;1.392;1.338;1.452;24
2023-05-31;1.295;1.254;1.344;24
2023-06-01;1.205;1.161;1.247;24
2023-06-02;1.116;1.081;1.155;24
2023-06-03;1.035;1.010;1.083;24
2023-06-04;0.980;0.953;1.016;24
2023-06-05;0.921;0.899;0.956;24
2023-06-06;0.855;0.831;0.892;24
2023-06-07;0.801;0.782;0.830;24
2023-06-08;0.756;0.731;0.788;24
2023-06-09;0.718;0.699;0.745;24
2023-06-10;0.670;0.647;0.706;24
2023-06-11;0.635;0.611;0.659;24
2023-06-12;0.602;0.583;0.613;24
2023-06-13;0.585;0.573;0.599;24
2023-06-14;0.578;0.561;0.600;24
2023-06-15;0.542;0.525;0.565;24
2023-06-16;0.500;0.483;0.524;24
2023-06-17;0.467;0.450;0.486;24
2023-06-18;0.447;0.428;0.464;24
2023-06-19;0.427;0.413;0.445;24
2023-06-20;0.421;0.411;0.447;24
2023-06-21;0.437;0.428;0.448;24
2023-06-22;0.440;0.431;0.455;24
2023-06-23;0.439;0.426;0.451;24
2023-06-24;0.416;0.400;0.435;24
2023-06-25;0.397;0.386;0.414;24
2023-06-26;0.383;0.372;0.392;24
2023-06-27;1.360;0.386;1.707;24
2023-06-28;1.601;1.295;1.805;24
2023-06-29;1.069;0.919;1.277;24
2023-06-30;0.967;0.890;1.061;24
2023-07-01;0.947;0.904;1.024;24
2023-07-02;0.985;0.908;1.060;24
2023-07-03;1.068;1.036;1.173;24
2023-07-04;1.166;1.126;1.196;24
2023-07-05;1.397;1.209;1.889;24
2023-07-06;1.752;1.625;1.903;24
2023-07-07;2.456;1.709;3.358;24
2023-07-08;2.561;2.051;3.214;24
2023-07-09;1.760;1.559;2.013;24
2023-07-10;1.405;1.296;1.538;24
2023-07-11;9.466;1.409;16.218;24
2023-07-12;14.366;12.350;17.997;24
2023-07-13;15.478;11.552;18.478;24
2023-07-14;8.938;7.176;11.247;24
2023-07-15;5.955;5.045;7.045;24
2023-07-16;6.853;4.823;11.227;24
2023-07-17;14.035;11.234;20.314;24
2023-07-18;16.750;12.849;20.392;24
2023-07-19;9.913;7.816;12.562;24
2023-07-20;6.627;5.598;7.681;24
2023-07-21;4.837;4.245;5.537;24
2023-07-22;3.792;3.403;4.216;24
2023-07-23;3.093;2.824;3.380;24
2023-07-24;2.598;2.428;2.799;24
2023-07-25;2.249;2.107;2.412;24
2023-07-26;1.973;1.858;2.100;24
2023-07-27;1.950;1.886;2.079;24
2023-07-28;1.851;1.758;1.916;24
2023-07-29;1.744;1.656;1.846;24
2023-07-30;1.742;1.650;1.833;24
2023-07-31;1.883;1.644;2.002;24
2023-08-01;2.129;1.972;2.261;24
2023-08-02;1.867;1.720;2.045;24
2023-08-03;1.644;1.585;1.709;24
2023-08-04;1.507;1.422;1.583;24
2023-08-05;1.501;1.399;1.635;24
2023-08-06;1.471;1.366;1.585;24
2023-08-07;1.290;1.239;1.356;24
2023-08-08;1.321;1.239;1.454;24
2023-08-09;1.638;1.472;1.867;24
2023-08-10;1.805;1.649;1.909;24
2023-08-11;1.509;1.395;1.642;24
2023-08-12;1.309;1.245;1.387;24
2023-08-13;1.235;1.200;1.310;24
2023-08-14;1.252;1.190;1.292;24
2023-08-15;1.524;1.319;1.759;24
2023-08-16;2.838;1.799;4.113;24
2023-08-17;4.295;3.896;4.504;24
2023-08-18;3.241;2.784;3.819;24
2023-08-19;2.503;2.272;2.766;24
2023-08-20;6.037;2.236;17.406;24
2023-08-21;17.916;13.059;20.701;24
2023-08-22;9.601;7.492;12.613;24
2023-08-23;6.228;5.278;7.358;24
2023-08-24;4.605;4.066;5.225;24
2023-08-25;3.672;3.429;4.031;24
2023-08-26;4.738;3.537;5.977;24
2023-08-27;5.442;4.848;5.952;24
2023-08-28;4.304;3.855;4.791;24
2023-08-29;3.474;3.153;3.824;24
2023-08-30;2.958;2.836;3.136;24
2023-08-31;3.167;2.854;4.336;24
2024-05-01;6.086;5.646;6.785;24
2024-05-02;5.932;5.569;6.205;24
2024-05-03;4.933;4.427;5.523;24
2024-05-04;4.049;3.727;4.380;24
2024-05-05;3.492;3.287;3.715;24
2024-05-06;3.103;2.972;3.261;24
2024-05-07;2.885;2.790;2.993;24
2024-05-08;2.668;2.534;2.776;24
2024-05-09;2.418;2.293;2.533;24
2024-05-10;2.214;2.130;2.280;24
2024-05-11;2.042;1.945;2.133;24
2024-05-12;1.872;1.795;1.944;24
2024-05-13;1.714;1.615;1.789;24
2024-05-14;1.561;1.497;1.613;24
2024-05-15;1.437;1.373;1.487;24
2024-05-16;1.327;1.274;1.372;24
2024-05-17;1.224;1.175;1.263;24
2024-05-18;1.138;1.095;1.179;24
2024-05-19;1.059;1.027;1.092;24
2024-05-20;0.990;0.957;1.029;24
2024-05-21;0.917;0.895;0.951;24
2024-05-22;0.865;0.835;0.897;24
2024-05-23;0.806;0.778;0.847;24
2024-05-24;0.906;0.772;1.057;24
2024-05-25;1.148;1.029;1.303;24
2024-05-26;1.244;1.143;1.309;24
2024-05-27;1.119;1.090;1.144;24
2024-05-28;1.327;1.142;1.594;24
2024-05-29;1.741;1.597;1.903;24
2024-05-30;3.163;1.968;4.767;24
2024-05-31;9.980;5.315;12.045;24
2024-06-01;6.580;5.265;8.410;24
2024-06-02;4.548;4.092;5.170;24
2024-06-03;3.657;3.236;4.061;24
2024-06-04;2.872;2.564;3.205;24
2024-06-05;2.396;2.290;2.543;24
2024-06-06;3.368;2.483;4.284;24
2024-06-07;3.940;3.563;4.263;24
2024-06-08;3.332;3.145;3.683;24
2024-06-09;4.118;3.786;4.281;24
2024-06-10;4.367;4.275;4.460;24
2024-06-11;3.772;3.261;4.266;24
2024-06-12;2.844;2.533;3.224;24
2024-06-13;2.314;2.143;2.504;24
2024-06-14;2.077;2.030;2.135;24
2024-06-15;1.988;1.926;2.111;24
2024-06-16;7.109;2.154;20.806;24
2024-06-17;20.730;16.246;24.319;24
2024-06-18;19.069;16.093;21.031;24
2024-06-19;20.277;17.729;21.695;24
2024-06-20;13.386;10.062;17.297;24
2024-06-21;8.085;6.685;9.857;24
2024-06-22;5.902;5.318;6.582;24
2024-06-23;4.908;4.719;5.275;24
2024-06-24;4.487;4.113;4.709;24
2024-06-25;3.604;3.153;4.080;24
2024-06-26;2.917;2.816;3.127;24
2024-06-27;2.541;2.277;2.806;24
2024-06-28;2.186;2.122;2.259;24
2024-06-29;2.057;1.994;2.114;24
2024-06-30;2.008;1.932;2.085;24
2024-07-01;1.832;1.673;1.936;24
2024-07-02;1.557;1.460;1.655;24
2024-07-03;1.388;1.306;1.458;24
2024-07-04;1.253;1.220;1.301;24
2024-07-05;2.141;1.434;3.405;24
2024-07-06;4.548;3.479;7.511;24
2024-07-07;7.170;6.230;8.303;24
2024-07-08;8.160;6.701;9.060;24
2024-07-09;5.994;4.990;7.352;24
2024-07-10;4.336;3.924;4.935;24
2024-07-11;7.080;4.171;10.860;24
2024-07-12;9.058;7.755;10.786;24
2024-07-13;6.643;5.681;7.675;24
2024-07-14;4.992;4.520;5.614;24
2024-07-15;7.820;4.526;12.670;24
2024-07-16;15.962;12.536;18.324;24
2024-07-17;16.101;13.413;18.145;24
2024-07-18;11.768;9.841;13.345;24
2024-07-19;8.109;6.767;9.692;24
2024-07-20;5.840;5.104;6.667;24
2024-07-21;4.560;4.102;5.050;24
2024-07-22;3.960;3.768;4.216;24
2024-07-23;4.591;4.253;4.808;24
2024-07-24;3.922;3.523;4.396;24
2024-07-25;3.242;3.060;3.500;24
2024-07-26;4.410;3.365;4.676;24
2024-07-27;7.159;4.742;9.118;24
2024-07-28;7.590;6.072;9.120;24
2024-07-29;5.056;4.320;5.955;24
2024-07-30;3.838;3.454;4.284;24
2024-07-31;3.140;2.876;3.418;24
2024-08-01;2.666;2.479;2.865;24
2024-08-02;2.313;2.156;2.457;24
2024-08-03;2.019;1.886;2.149;24
2024-08-04;1.791;1.716;1.873;24
2024-08-05;1.677;1.613;1.720;24
2024-08-06;1.540;1.472;1.598;24
2024-08-07;1.421;1.373;1.475;24
2024-08-08;1.382;1.347;1.418;24
2024-08-09;1.386;1.343;1.666;24
2024-08-10;3.149;1.693;4.872;24
2024-08-11;4.105;3.448;4.831;24
2024-08-12;3.000;2.627;3.408;24
2024-08-13;2.323;2.074;2.590;24
2024-08-14;2.131;1.858;2.943;24
2024-08-15;4.661;3.041;6.461;24
2024-08-16;6.965;5.311;11.833;24
2024-08-17;11.974;8.660;14.118;24
2024-08-18;6.747;5.577;8.428;24
2024-08-19;4.913;4.427;5.504;24
2024-08-20;4.029;3.667;4.392;24
2024-08-21;8.894;3.624;24.068;24
2024-08-22;26.939;20.937;30.388;24
2024-08-23;23.188;17.787;32.692;24
2024-08-24;35.622;32.986;39.953;24
2024-08-25;34.787;31.873;39.883;24
2024-08-26;29.952;23.467;34.718;24
2024-08-27;26.345;22.546;29.646;24
2024-08-28;20.553;15.808;27.111;24
2024-08-29;13.020;10.726;15.546;24
2024-08-30;9.309;8.495;10.609;24
2024-08-31;7.555;6.724;8.442;24
2025-05-01;1.270;1.229;1.309;24
2025-05-02;1.187;1.152;1.224;24
2025-05-03;1.101;1.049;1.157;24
2025-05-04;1.023;1.003;1.052;24
2025-05-05;0.964;0.935;0.997;24
2025-05-06;0.910;0.887;0.942;24
2025-05-07;0.861;0.837;0.889;24
2025-05-08;0.808;0.784;0.840;24
2025-05-09;0.767;0.754;0.790;24
2025-05-10;0.734;0.721;0.756;24
2025-05-11;0.705;0.690;0.727;24
2025-05-12;0.679;0.662;0.698;24
2025-05-13;0.650;0.636;0.670;24
2025-05-14;0.625;0.609;0.647;24
2025-05-15;0.599;0.586;0.617;24
2025-05-16;0.566;0.552;0.591;24
2025-05-17;0.535;0.520;0.550;24
2025-05-18;0.511;0.497;0.528;24
2025-05-19;0.490;0.477;0.504;24
2025-05-20;0.466;0.455;0.475;24
2025-05-21;0.450;0.437;0.467;24
2025-05-22;0.460;0.421;0.522;24
2025-05-23;0.502;0.486;0.533;24
2025-05-24;0.486;0.479;0.492;24
2025-05-25;0.495;0.468;0.569;24
2025-05-26;0.755;0.548;0.851;24
2025-05-27;0.844;0.812;0.881;24
2025-05-28;2.675;0.901;4.978;24
2025-05-29;3.416;2.567;4.705;24
2025-05-30;2.315;2.114;2.533;24
2025-05-31;2.457;2.293;2.526;24
2025-06-01;1.992;1.767;2.265;24
2025-06-02;1.898;1.850;1.960;24
2025-06-03;1.807;1.673;1.881;24
2025-06-04;1.631;1.581;1.679;24
2025-06-05;2.430;1.687;2.839;24
2025-06-06;2.543;2.504;2.637;24
2025-06-07;3.876;2.485;8.071;24
2025-06-08;6.452;4.559;8.286;24
2025-06-09;3.684;3.056;4.450;24
2025-06-10;2.647;2.359;3.021;24
2025-06-11;2.504;2.353;2.605;24
2025-06-12;2.406;2.147;2.603;24
2025-06-13;1.936;1.758;2.127;24
2025-06-14;1.618;1.489;1.735;24
2025-06-15;1.402;1.319;1.487;24
2025-06-16;1.242;1.181;1.310;24
2025-06-17;1.122;1.059;1.170;24
2025-06-18;1.008;0.955;1.061;24
2025-06-19;0.902;0.854;0.952;24
2025-06-20;0.809;0.771;0.848;24
2025-06-21;0.739;0.716;0.776;24
2025-06-22;0.685;0.663;0.717;24
2025-06-23;0.658;0.630;0.757;24
2025-06-24;0.682;0.660;0.743;24
2025-06-25;0.641;0.618;0.661;24
2025-06-26;0.603;0.582;0.625;24
2025-06-27;0.663;0.563;0.894;24
2025-06-28;0.749;0.706;0.829;24
2025-06-29;0.798;0.773;0.822;24
2025-06-30;0.718;0.679;0.762;24
2025-07-01;0.641;0.602;0.682;24
2025-07-02;0.601;0.567;0.652;24
2025-07-03;0.637;0.582;0.686;24
2025-07-04;0.551;0.522;0.584;24
2025-07-05;0.912;0.588;1.179;24
2025-07-06;1.545;1.191;1.757;24
2025-07-07;1.621;1.505;1.745;24
2025-07-08;1.512;1.394;1.578;24
2025-07-09;1.250;1.131;1.379;24
2025-07-10;1.033;0.956;1.126;24
2025-07-11;0.886;0.831;0.944;24
2025-07-12;0.780;0.738;0.829;24
2025-07-13;0.691;0.654;0.743;24
2025-07-14;0.622;0.591;0.656;24
2025-07-15;0.570;0.542;0.593;24
2025-07-16;0.525;0.504;0.547;24
2025-07-17;0.606;0.504;0.683;24
2025-07-18;0.697;0.660;0.735;24
2025-07-19;0.654;0.603;0.718;24
2025-07-20;0.556;0.516;0.594;24
2025-07-21;0.494;0.466;0.517;24
2025-07-22;0.671;0.458;1.025;24
2025-07-23;1.877;1.094;2.691;24
2025-07-24;2.086;1.686;2.619;24
2025-07-25;1.528;1.368;1.655;24
2025-07-26;1.498;1.311;1.652;24
2025-07-27;1.307;1.146;1.498;24
2025-07-28;1.028;0.928;1.135;24
2025-07-29;0.853;0.789;0.923;24
2025-07-30;0.777;0.738;0.821;24
2025-07-31;0.848;0.781;0.897;24
2025-08-01;0.855;0.843;0.876;24
2025-08-02;0.806;0.769;0.849;24
2025-08-03;1.167;0.740;2.218;24
2025-08-04;2.990;2.280;5.079;24
2025-08-05;7.045;4.930;13.441;24
2025-08-06;13.126;11.141;14.564;24
2025-08-07;8.661;6.769;10.923;24
2025-08-08;5.681;5.129;6.639;24
2025-08-09;4.737;4.212;5.107;24
2025-08-10;3.698;3.297;4.166;24
2025-08-11;3.153;2.883;3.281;24
2025-08-12;2.645;2.426;2.864;24
2025-08-13;2.233;2.053;2.403;24
2025-08-14;1.913;1.777;2.039;24
2025-08-15;1.673;1.601;1.770;24
2025-08-16;1.512;1.417;1.590;24
2025-08-17;1.336;1.258;1.411;24
2025-08-18;1.186;1.126;1.257;24
2025-08-19;1.070;1.017;1.113;24
2025-08-20;0.967;0.919;1.012;24
2025-08-21;0.868;0.831;0.921;24
2025-08-22;0.786;0.748;0.826;24
2025-08-23;0.716;0.684;0.747;24
2025-08-24;0.656;0.634;0.686;24
2025-08-25;0.611;0.591;0.633;24
2025-08-26;0.575;0.561;0.590;24
2025-08-27;0.582;0.567;0.596;24
2025-08-28;0.548;0.527;0.568;24
2025-08-29;0.608;0.511;0.817;24
2025-08-30;1.015;0.806;1.602;24
2025-08-31;1.619;1.423;1.757;24
