Dato,Vannføring
2016-05-01 11:00:00Z,97
2016-05-02 11:00:00Z,98
2016-05-03 11:00:00Z,119
2016-05-04 11:00:00Z,125
2016-05-05 11:00:00Z,115
2016-05-06 11:00:00Z,97
2016-05-07 11:00:00Z,81
2016-05-08 11:00:00Z,90
2016-05-09 11:00:00Z,98
2016-05-10 11:00:00Z,102
2016-05-11 11:00:00Z,93
2016-05-12 11:00:00Z,83
2016-05-13 11:00:00Z,85
2016-05-14 11:00:00Z,84
2016-05-15 11:00:00Z,81
2016-05-16 11:00:00Z,78
2016-05-17 11:00:00Z,72
2016-05-18 11:00:00Z,59
2016-05-19 11:00:00Z,65
2016-05-20 11:00:00Z,68
2016-05-21 11:00:00Z,74
2016-05-22 11:00:00Z,89
2016-05-23 11:00:00Z,99
2016-05-24 11:00:00Z,116
2016-05-25 11:00:00Z,138
2016-05-26 11:00:00Z,113
2016-05-27 11:00:00Z,93
2016-05-28 11:00:00Z,84
2016-05-29 11:00:00Z,86
2016-05-30 11:00:00Z,74
2016-05-31 11:00:00Z,78
2016-06-01 11:00:00Z,68
2016-06-02 11:00:00Z,70
2016-06-03 11:00:00Z,71
2016-06-04 11:00:00Z,64
2016-06-05 11:00:00Z,66
2016-06-06 11:00:00Z,61
2016-06-07 11:00:00Z,59
2016-06-08 11:00:00Z,63
2016-06-09 11:00:00Z,58
2016-06-10 11:00:00Z,50
2016-06-11 11:00:00Z,37
2016-06-12 11:00:00Z,37
2016-06-13 11:00:00Z,36
2016-06-14 11:00:00Z,37
2016-06-15 11:00:00Z,41
2016-06-16 11:00:00Z,57
2016-06-17 11:00:00Z,57
2016-06-18 11:00:00Z,42
2016-06-19 11:00:00Z,43
2016-06-20 11:00:00Z,56
2016-06-21 11:00:00Z,75
2016-06-22 11:00:00Z,75
2016-06-23 11:00:00Z,67
2016-06-24 11:00:00Z,68
2016-06-25 11:00:00Z,57
2016-06-26 11:00:00Z,69
2016-06-27 11:00:00Z,65
2016-06-28 11:00:00Z,68
2016-06-29 11:00:00Z,86
2016-06-30 11:00:00Z,94
2016-07-01 11:00:00Z,112
2016-07-02 11:00:00Z,114
2016-07-03 11:00:00Z,135
2016-07-04 11:00:00Z,110
2016-07-05 11:00:00Z,93
2016-07-06 11:00:00Z,79
2016-07-07 11:00:00Z,72
2016-07-08 11:00:00Z,69
2016-07-09 11:00:00Z,58
2016-07-10 11:00:00Z,69
2016-07-11 11:00:00Z,63
2016-07-12 11:00:00Z,54
2016-07-13 11:00:00Z,42
2016-07-14 11:00:00Z,54
2016-07-15 11:00:00Z,66
2016-07-16 11:00:00Z,55
2016-07-17 11:00:00Z,52
2016-07-18 11:00:00Z,63
2016-07-19 11:00:00Z,61
2016-07-20 11:00:00Z,61
2016-07-21 11:00:00Z,60
2016-07-22 11:00:00Z,59
2016-07-23 11:00:00Z,40
2016-07-24 11:00:00Z,40
2016-07-25 11:00:00Z,49
2016-07-26 11:00:00Z,60
2016-07-27 11:00:00Z,57
2016-07-28 11:00:00Z,59
2016-07-29 11:00:00Z,63
2016-07-30 11:00:00Z,77
2016-07-31 11:00:00Z,106
2016-08-01 11:00:00Z,85
2016-08-02 11:00:00Z,79
2016-08-03 11:00:00Z,74
2016-08-04 11:00:00Z,92
2016-08-05 11:00:00Z,137
2016-08-06 11:00:00Z,115
2016-08-07 11:00:00Z,98
2016-08-08 11:00:00Z,77
2016-08-09 11:00:00Z,80
2016-08-10 11:00:00Z,78
2016-08-11 11:00:00Z,60
2016-08-12 11:00:00Z,53
2016-08-13 11:00:00Z,50
2016-08-14 11:00:00Z,53
2016-08-15 11:00:00Z,47
2016-08-16 11:00:00Z,41
2016-08-17 11:00:00Z,39
2016-08-18 11:00:00Z,35
2016-08-19 11:00:00Z,31
2016-08-20 11:00:00Z,27
2016-08-21 11:00:00Z,35
2016-08-22 11:00:00Z,46
2016-08-23 11:00:00Z,62
2016-08-24 11:00:00Z,52
2016-08-25 11:00:00Z,50
2016-08-26 11:00:00Z,50
2016-08-27 11:00:00Z,52
2016-08-28 11:00:00Z,51
2016-08-29 11:00:00Z,48
2016-08-30 11:00:00Z,47
2016-08-31 11:00:00Z,44
2016-09-01 11:00:00Z,44
2016-09-02 11:00:00Z,40
2016-09-03 11:00:00Z,38
2016-09-04 11:00:00Z,40
2016-09-05 11:00:00Z,34
2016-09-06 11:00:00Z,33
2016-09-07 11:00:00Z,31
2016-09-08 11:00:00Z,30
2016-09-09 11:00:00Z,29
2016-09-10 11:00:00Z,36
2016-09-11 11:00:00Z,39
2016-09-12 11:00:00Z,68
2016-09-13 11:00:00Z,71
2016-09-14 11:00:00Z,69
2016-09-15 11:00:00Z,74
2016-09-16 11:00:00Z,69
2016-09-17 11:00:00Z,61
2016-09-18 11:00:00Z,67
2016-09-19 11:00:00Z,39
2016-09-20 11:00:00Z,29
2016-09-21 11:00:00Z,34
2016-09-22 11:00:00Z,39
2016-09-23 11:00:00Z,39
2016-09-24 11:00:00Z,37
2016-09-25 11:00:00Z,46
2016-09-26 11:00:00Z,59
2016-09-27 11:00:00Z,69
2016-09-28 11:00:00Z,74
2016-09-29 11:00:00Z,96
2016-09-30 11:00:00Z,121
2016-10-01 11:00:00Z,105
2016-10-02 11:00:00Z,83
2016-10-03 11:00:00Z,77
2016-10-04 11:00:00Z,61
2016-10-05 11:00:00Z,49
2016-10-06 11:00:00Z,57
2016-10-07 11:00:00Z,37
2016-10-08 11:00:00Z,41
2016-10-09 11:00:00Z,43
2016-10-10 11:00:00Z,39
2016-10-11 11:00:00Z,38
2016-10-12 11:00:00Z,54
2016-10-13 11:00:00Z,52
2016-10-14 11:00:00Z,53
2016-10-15 11:00:00Z,36
2016-10-16 11:00:00Z,30
2016-10-17 11:00:00Z,29
2016-10-18 11:00:00Z,39
2016-10-19 11:00:00Z,90
2016-10-20 11:00:00Z,97
2016-10-21 11:00:00Z,71
2016-10-22 11:00:00Z,58
2016-10-23 11:00:00Z,52
2016-10-24 11:00:00Z,53
2016-10-25 11:00:00Z,53
2016-10-26 11:00:00Z,50
2016-10-27 11:00:00Z,45
2016-10-28 11:00:00Z,39
2016-10-29 11:00:00Z,35
2016-10-30 11:00:00Z,32
2016-10-31 11:00:00Z,33
2016-11-01 11:00:00Z,31
2016-11-02 11:00:00Z,30
2016-11-03 11:00:00Z,29
2016-11-04 11:00:00Z,27
2016-11-05 11:00:00Z,39
2016-11-06 11:00:00Z,51
2016-11-07 11:00:00Z,41
2016-11-08 11:00:00Z,38
2016-11-09 11:00:00Z,35
2016-11-10 11:00:00Z,31
2016-11-11 11:00:00Z,32
2016-11-12 11:00:00Z,39
2016-11-13 11:00:00Z,37
2016-11-14 11:00:00Z,40
2016-11-15 11:00:00Z,57
2016-11-16 11:00:00Z,63
2016-11-17 11:00:00Z,78
2016-11-18 11:00:00Z,112
2016-11-19 11:00:00Z,102
2016-11-20 11:00:00Z,90
2016-11-21 11:00:00Z,113
2016-11-22 11:00:00Z,104
2016-11-23 11:00:00Z,144
2016-11-24 11:00:00Z,181
2016-11-25 11:00:00Z,147
2016-11-26 11:00:00Z,80
2016-11-27 11:00:00Z,63
2016-11-28 11:00:00Z,64
2016-11-29 11:00:00Z,59
2016-11-30 11:00:00Z,51
2016-12-01 11:00:00Z,53
2016-12-02 11:00:00Z,45
2016-12-03 11:00:00Z,44
2016-12-04 11:00:00Z,44
2016-12-05 11:00:00Z,42
2016-12-06 11:00:00Z,52
2016-12-07 11:00:00Z,63
2016-12-08 11:00:00Z,65
2016-12-09 11:00:00Z,64
2016-12-10 11:00:00Z,58
2016-12-11 11:00:00Z,66
2016-12-12 11:00:00Z,65
2016-12-13 11:00:00Z,55
2016-12-14 11:00:00Z,48
2016-12-15 11:00:00Z,46
2016-12-16 11:00:00Z,45
2016-12-17 11:00:00Z,44
2016-12-18 11:00:00Z,43
2016-12-19 11:00:00Z,48
2016-12-20 11:00:00Z,56
2016-12-21 11:00:00Z,64
2016-12-22 11:00:00Z,73
2016-12-23 11:00:00Z,90
2016-12-24 11:00:00Z,146
2016-12-25 11:00:00Z,151
2016-12-26 11:00:00Z,116
2016-12-27 11:00:00Z,103
2016-12-28 11:00:00Z,116
2016-12-29 11:00:00Z,96
2016-12-30 11:00:00Z,70
2016-12-31 11:00:00Z,61
2017-01-01 11:00:00Z,60
2017-01-02 11:00:00Z,76
2017-01-03 11:00:00Z,78
2017-01-04 11:00:00Z,71
2017-01-05 11:00:00Z,71
2017-01-06 11:00:00Z,67
2017-01-07 11:00:00Z,56
2017-01-08 11:00:00Z,51
2017-01-09 11:00:00Z,70
2017-01-10 11:00:00Z,112
2017-01-11 11:00:00Z,169
2017-01-12 11:00:00Z,199
2017-01-13 11:00:00Z,136
2017-01-14 11:00:00Z,89
2017-01-15 11:00:00Z,74
2017-01-16 11:00:00Z,83
2017-01-17 11:00:00Z,78
2017-01-18 11:00:00Z,69
2017-01-19 11:00:00Z,54
2017-01-20 11:00:00Z,57
2017-01-21 11:00:00Z,78
2017-01-22 11:00:00Z,78
2017-01-23 11:00:00Z,78
2017-01-24 11:00:00Z,74
2017-01-25 11:00:00Z,65
2017-01-26 11:00:00Z,62
2017-01-27 11:00:00Z,62
2017-01-28 11:00:00Z,61
2017-01-29 11:00:00Z,65
2017-01-30 11:00:00Z,66
2017-01-31 11:00:00Z,61
2017-02-01 11:00:00Z,64
2017-02-02 11:00:00Z,56
2017-02-03 11:00:00Z,50
2017-02-04 11:00:00Z,50
2017-02-05 11:00:00Z,50
2017-02-06 11:00:00Z,48
2017-02-07 11:00:00Z,44
2017-02-08 11:00:00Z,44
2017-02-09 11:00:00Z,47
2017-02-10 11:00:00Z,46
2017-02-11 11:00:00Z,44
2017-02-12 11:00:00Z,42
2017-02-13 11:00:00Z,43
2017-02-14 11:00:00Z,49
2017-02-15 11:00:00Z,59
2017-02-16 11:00:00Z,59
2017-02-17 11:00:00Z,60
2017-02-18 11:00:00Z,48
2017-02-19 11:00:00Z,51
2017-02-20 11:00:00Z,60
2017-02-21 11:00:00Z,73
2017-02-22 11:00:00Z,108
2017-02-23 11:00:00Z,146
2017-02-24 11:00:00Z,119
2017-02-25 11:00:00Z,94
2017-02-26 11:00:00Z,88
2017-02-27 11:00:00Z,98
2017-02-28 11:00:00Z,145
2017-03-01 11:00:00Z,168
2017-03-02 11:00:00Z,127
2017-03-03 11:00:00Z,109
2017-03-04 11:00:00Z,101
2017-03-05 11:00:00Z,80
2017-03-06 11:00:00Z,71
2017-03-07 11:00:00Z,78
2017-03-08 11:00:00Z,75
2017-03-09 11:00:00Z,74
2017-03-10 11:00:00Z,72
2017-03-11 11:00:00Z,73
2017-03-12 11:00:00Z,81
2017-03-13 11:00:00Z,85
2017-03-14 11:00:00Z,83
2017-03-15 11:00:00Z,97
2017-03-16 11:00:00Z,94
2017-03-17 11:00:00Z,85
2017-03-18 11:00:00Z,79
2017-03-19 11:00:00Z,68
2017-03-20 11:00:00Z,75
2017-03-21 11:00:00Z,93
2017-03-22 11:00:00Z,93
2017-03-23 11:00:00Z,90
2017-03-24 11:00:00Z,86
2017-03-25 11:00:00Z,79
2017-03-26 11:00:00Z,77
2017-03-27 11:00:00Z,68
2017-03-28 11:00:00Z,87
2017-03-29 11:00:00Z,88
2017-03-30 11:00:00Z,92
2017-03-31 11:00:00Z,92
2017-04-01 11:00:00Z,101
2017-04-02 11:00:00Z,115
2017-04-03 11:00:00Z,114
2017-04-04 11:00:00Z,98
2017-04-05 11:00:00Z,91
2017-04-06 11:00:00Z,82
2017-04-07 11:00:00Z,79
2017-04-08 11:00:00Z,75
2017-04-09 11:00:00Z,75
2017-04-10 11:00:00Z,77
2017-04-11 11:00:00Z,74
2017-04-12 11:00:00Z,71
2017-04-13 11:00:00Z,72
2017-04-14 11:00:00Z,70
2017-04-15 11:00:00Z,65
2017-04-16 11:00:00Z,65
2017-04-17 11:00:00Z,64
2017-04-18 11:00:00Z,64
2017-04-19 11:00:00Z,69
2017-04-20 11:00:00Z,76
2017-04-21 11:00:00Z,53
2017-04-22 11:00:00Z,37
2017-04-23 11:00:00Z,36
2017-04-24 11:00:00Z,53
2017-04-25 11:00:00Z,69
2017-04-26 11:00:00Z,69
2017-04-27 11:00:00Z,70
2017-04-28 11:00:00Z,65
2017-04-29 11:00:00Z,71
2017-04-30 11:00:00Z,74
2017-05-01 11:00:00Z,49
2017-05-02 11:00:00Z,63
2017-05-03 11:00:00Z,66
2017-05-04 11:00:00Z,65
2017-05-05 11:00:00Z,65
2017-05-06 11:00:00Z,51
2017-05-07 11:00:00Z,31
2017-05-08 11:00:00Z,34
2017-05-09 11:00:00Z,83
2017-05-10 11:00:00Z,73
2017-05-11 11:00:00Z,67
2017-05-12 11:00:00Z,48
2017-05-13 11:00:00Z,63
2017-05-14 11:00:00Z,69
2017-05-15 11:00:00Z,73
2017-05-16 11:00:00Z,83
2017-05-17 11:00:00Z,102
2017-05-18 11:00:00Z,129
2017-05-19 11:00:00Z,240
2017-05-20 11:00:00Z,184
2017-05-21 11:00:00Z,118
2017-05-22 11:00:00Z,101
2017-05-23 11:00:00Z,86
2017-05-24 11:00:00Z,83
2017-05-25 11:00:00Z,79
2017-05-26 11:00:00Z,72
2017-05-27 11:00:00Z,80
2017-05-28 11:00:00Z,56
2017-05-29 11:00:00Z,61
2017-05-30 11:00:00Z,61
2017-05-31 11:00:00Z,51
2017-06-01 11:00:00Z,35
2017-06-02 11:00:00Z,36
2017-06-03 11:00:00Z,37
2017-06-04 11:00:00Z,38
2017-06-05 11:00:00Z,49
2017-06-06 11:00:00Z,61
2017-06-07 11:00:00Z,56
2017-06-08 11:00:00Z,92
2017-06-09 11:00:00Z,92
2017-06-10 11:00:00Z,113
2017-06-11 11:00:00Z,145
2017-06-12 11:00:00Z,92
2017-06-13 11:00:00Z,86
2017-06-14 11:00:00Z,83
2017-06-15 11:00:00Z,75
2017-06-16 11:00:00Z,75
2017-06-17 11:00:00Z,75
2017-06-18 11:00:00Z,74
2017-06-19 11:00:00Z,67
2017-06-20 11:00:00Z,64
2017-06-21 11:00:00Z,63
2017-06-22 11:00:00Z,54
2017-06-23 11:00:00Z,37
2017-06-24 11:00:00Z,38
2017-06-25 11:00:00Z,49
2017-06-26 11:00:00Z,61
2017-06-27 11:00:00Z,58
2017-06-28 11:00:00Z,58
2017-06-29 11:00:00Z,44
2017-06-30 11:00:00Z,44
2017-07-01 11:00:00Z,47
2017-07-02 11:00:00Z,53
2017-07-03 11:00:00Z,60
2017-07-04 11:00:00Z,56
2017-07-05 11:00:00Z,49
2017-07-06 11:00:00Z,40
2017-07-07 11:00:00Z,39
2017-07-08 11:00:00Z,35
2017-07-09 11:00:00Z,39
2017-07-10 11:00:00Z,45
2017-07-11 11:00:00Z,56
2017-07-12 11:00:00Z,56
2017-07-13 11:00:00Z,46
2017-07-14 11:00:00Z,36
2017-07-15 11:00:00Z,36
2017-07-16 11:00:00Z,51
2017-07-17 11:00:00Z,53
2017-07-18 11:00:00Z,39
2017-07-19 11:00:00Z,39
2017-07-20 11:00:00Z,39
2017-07-21 11:00:00Z,38
2017-07-22 11:00:00Z,39
2017-07-23 11:00:00Z,41
2017-07-24 11:00:00Z,38
2017-07-25 11:00:00Z,37
2017-07-26 11:00:00Z,36
2017-07-27 11:00:00Z,37
2017-07-28 11:00:00Z,38
2017-07-29 11:00:00Z,38
2017-07-30 11:00:00Z,42
2017-07-31 11:00:00Z,52
2017-08-01 11:00:00Z,57
2017-08-02 11:00:00Z,87
2017-08-03 11:00:00Z,117
2017-08-04 11:00:00Z,192
2017-08-05 11:00:00Z,211
2017-08-06 11:00:00Z,161
2017-08-07 11:00:00Z,89
2017-08-08 11:00:00Z,87
2017-08-09 11:00:00Z,75
2017-08-10 11:00:00Z,70
2017-08-11 11:00:00Z,60
2017-08-12 11:00:00Z,48
2017-08-13 11:00:00Z,45
2017-08-14 11:00:00Z,47
2017-08-15 11:00:00Z,43
2017-08-16 11:00:00Z,44
2017-08-17 11:00:00Z,37
2017-08-18 11:00:00Z,56
2017-08-19 11:00:00Z,63
2017-08-20 11:00:00Z,71
2017-08-21 11:00:00Z,64
2017-08-22 11:00:00Z,55
2017-08-23 11:00:00Z,49
2017-08-24 11:00:00Z,47
2017-08-25 11:00:00Z,45
2017-08-26 11:00:00Z,37
2017-08-27 11:00:00Z,35
2017-08-28 11:00:00Z,32
2017-08-29 11:00:00Z,33
2017-08-30 11:00:00Z,31
2017-08-31 11:00:00Z,28
2017-09-01 11:00:00Z,27
2017-09-02 11:00:00Z,28
2017-09-03 11:00:00Z,26
2017-09-04 11:00:00Z,26
2017-09-05 11:00:00Z,26
2017-09-06 11:00:00Z,39
2017-09-07 11:00:00Z,48
2017-09-08 11:00:00Z,67
2017-09-09 11:00:00Z,151
2017-09-10 11:00:00Z,197
2017-09-11 11:00:00Z,246
2017-09-12 11:00:00Z,341
2017-09-13 11:00:00Z,277
2017-09-14 11:00:00Z,182
2017-09-15 11:00:00Z,136
2017-09-16 11:00:00Z,100
2017-09-17 11:00:00Z,112
2017-09-18 11:00:00Z,84
2017-09-19 11:00:00Z,58
2017-09-20 11:00:00Z,56
2017-09-21 11:00:00Z,76
2017-09-22 11:00:00Z,122
2017-09-23 11:00:00Z,114
2017-09-24 11:00:00Z,121
2017-09-25 11:00:00Z,104
2017-09-26 11:00:00Z,96
2017-09-27 11:00:00Z,76
2017-09-28 11:00:00Z,94
2017-09-29 11:00:00Z,106
2017-09-30 11:00:00Z,196
2017-10-01 11:00:00Z,632
2017-10-02 11:00:00Z,935
2017-10-03 11:00:00Z,818
2017-10-04 11:00:00Z,582
2017-10-05 11:00:00Z,390
2017-10-06 11:00:00Z,266
2017-10-07 11:00:00Z,186
2017-10-08 11:00:00Z,116
2017-10-09 11:00:00Z,102
2017-10-10 11:00:00Z,106
2017-10-11 11:00:00Z,97
2017-10-12 11:00:00Z,91
2017-10-13 11:00:00Z,102
2017-10-14 11:00:00Z,125
2017-10-15 11:00:00Z,117
2017-10-16 11:00:00Z,98
2017-10-17 11:00:00Z,103
2017-10-18 11:00:00Z,108
2017-10-19 11:00:00Z,104
2017-10-20 11:00:00Z,99
2017-10-21 11:00:00Z,153
2017-10-22 11:00:00Z,266
2017-10-23 11:00:00Z,367
2017-10-24 11:00:00Z,321
2017-10-25 11:00:00Z,377
2017-10-26 11:00:00Z,322
2017-10-27 11:00:00Z,196
2017-10-28 11:00:00Z,129
2017-10-29 11:00:00Z,113
2017-10-30 11:00:00Z,94
2017-10-31 11:00:00Z,84
2017-11-01 11:00:00Z,78
2017-11-02 11:00:00Z,74
2017-11-03 11:00:00Z,76
2017-11-04 11:00:00Z,75
2017-11-05 11:00:00Z,88
2017-11-06 11:00:00Z,95
2017-11-07 11:00:00Z,93
2017-11-08 11:00:00Z,89
2017-11-09 11:00:00Z,87
2017-11-10 11:00:00Z,92
2017-11-11 11:00:00Z,92
2017-11-12 11:00:00Z,87
2017-11-13 11:00:00Z,85
2017-11-14 11:00:00Z,80
2017-11-15 11:00:00Z,69
2017-11-16 11:00:00Z,69
2017-11-17 11:00:00Z,66
2017-11-18 11:00:00Z,113
2017-11-19 11:00:00Z,118
2017-11-20 11:00:00Z,99
2017-11-21 11:00:00Z,99
2017-11-22 11:00:00Z,105
2017-11-23 11:00:00Z,304
2017-11-24 11:00:00Z,448
2017-11-25 11:00:00Z,280
2017-11-26 11:00:00Z,174
2017-11-27 11:00:00Z,129
2017-11-28 11:00:00Z,88
2017-11-29 11:00:00Z,79
2017-11-30 11:00:00Z,88
2017-12-01 11:00:00Z,84
2017-12-02 11:00:00Z,68
2017-12-03 11:00:00Z,60
2017-12-04 11:00:00Z,84
2017-12-05 11:00:00Z,88
2017-12-06 11:00:00Z,113
2017-12-07 11:00:00Z,155
2017-12-08 11:00:00Z,243
2017-12-09 11:00:00Z,210
2017-12-10 11:00:00Z,147
2017-12-11 11:00:00Z,110
2017-12-12 11:00:00Z,91
2017-12-13 11:00:00Z,70
2017-12-14 11:00:00Z,69
2017-12-15 11:00:00Z,84
2017-12-16 11:00:00Z,84
2017-12-17 11:00:00Z,66
2017-12-18 11:00:00Z,72
2017-12-19 11:00:00Z,74
2017-12-20 11:00:00Z,73
2017-12-21 11:00:00Z,78
2017-12-22 11:00:00Z,76
2017-12-23 11:00:00Z,93
2017-12-24 11:00:00Z,119
2017-12-25 11:00:00Z,109
2017-12-26 11:00:00Z,163
2017-12-27 11:00:00Z,254
2017-12-28 11:00:00Z,202
2017-12-29 11:00:00Z,143
2017-12-30 11:00:00Z,98
2017-12-31 11:00:00Z,82
2018-01-01 11:00:00Z,83
2018-01-02 11:00:00Z,86
2018-01-03 11:00:00Z,95
2018-01-04 11:00:00Z,106
2018-01-05 11:00:00Z,93
2018-01-06 11:00:00Z,85
2018-01-07 11:00:00Z,63
2018-01-08 11:00:00Z,61
2018-01-09 11:00:00Z,69
2018-01-10 11:00:00Z,72
2018-01-11 11:00:00Z,73
2018-01-12 11:00:00Z,67
2018-01-13 11:00:00Z,60
2018-01-14 11:00:00Z,52
2018-01-15 11:00:00Z,48
2018-01-16 11:00:00Z,59
2018-01-17 11:00:00Z,70
2018-01-18 11:00:00Z,65
2018-01-19 11:00:00Z,72
2018-01-20 11:00:00Z,53
2018-01-21 11:00:00Z,51
2018-01-22 11:00:00Z,50
2018-01-23 11:00:00Z,86
2018-01-24 11:00:00Z,134
2018-01-25 11:00:00Z,265
2018-01-26 11:00:00Z,237
2018-01-27 11:00:00Z,178
2018-01-28 11:00:00Z,184
2018-01-29 11:00:00Z,197
2018-01-30 11:00:00Z,146
2018-01-31 11:00:00Z,148
2018-02-01 11:00:00Z,152
2018-02-02 11:00:00Z,117
2018-02-03 11:00:00Z,97
2018-02-04 11:00:00Z,68
2018-02-05 11:00:00Z,74
2018-02-06 11:00:00Z,75
2018-02-07 11:00:00Z,74
2018-02-08 11:00:00Z,76
2018-02-09 11:00:00Z,71
2018-02-10 11:00:00Z,83
2018-02-11 11:00:00Z,60
2018-02-12 11:00:00Z,64
2018-02-13 11:00:00Z,79
2018-02-14 11:00:00Z,79
2018-02-15 11:00:00Z,62
2018-02-16 11:00:00Z,63
2018-02-17 11:00:00Z,62
2018-02-18 11:00:00Z,55
2018-02-19 11:00:00Z,72
2018-02-20 11:00:00Z,70
2018-02-21 11:00:00Z,70
2018-02-22 11:00:00Z,69
2018-02-23 11:00:00Z,71
2018-02-24 11:00:00Z,52
2018-02-25 11:00:00Z,47
2018-02-26 11:00:00Z,53
2018-02-27 11:00:00Z,58
2018-02-28 11:00:00Z,57
2018-03-01 11:00:00Z,66
2018-03-02 11:00:00Z,66
2018-03-03 11:00:00Z,66
2018-03-04 11:00:00Z,66
2018-03-05 11:00:00Z,67
2018-03-06 11:00:00Z,71
2018-03-07 11:00:00Z,71
2018-03-08 11:00:00Z,70
2018-03-09 11:00:00Z,67
2018-03-10 11:00:00Z,67
2018-03-11 11:00:00Z,66
2018-03-12 11:00:00Z,68
2018-03-13 11:00:00Z,66
2018-03-14 11:00:00Z,66
2018-03-15 11:00:00Z,66
2018-03-16 11:00:00Z,66
2018-03-17 11:00:00Z,66
2018-03-18 11:00:00Z,66
2018-03-19 11:00:00Z,66
2018-03-20 11:00:00Z,66
2018-03-21 11:00:00Z,65
2018-03-22 11:00:00Z,62
2018-03-23 11:00:00Z,66
2018-03-24 11:00:00Z,62
2018-03-25 11:00:00Z,58
2018-03-26 11:00:00Z,68
2018-03-27 11:00:00Z,76
2018-03-28 11:00:00Z,71
2018-03-29 11:00:00Z,68
2018-03-30 11:00:00Z,69
2018-03-31 11:00:00Z,69
2018-04-01 11:00:00Z,51
2018-04-02 11:00:00Z,56
2018-04-03 11:00:00Z,70
2018-04-04 11:00:00Z,74
2018-04-05 11:00:00Z,79
2018-04-06 11:00:00Z,82
2018-04-07 11:00:00Z,78
2018-04-08 11:00:00Z,87
2018-04-09 11:00:00Z,98
2018-04-10 11:00:00Z,115
2018-04-11 11:00:00Z,134
2018-04-12 11:00:00Z,144
2018-04-13 11:00:00Z,143
2018-04-14 11:00:00Z,147
2018-04-15 11:00:00Z,195
2018-04-16 11:00:00Z,226
2018-04-17 11:00:00Z,218
2018-04-18 11:00:00Z,216
2018-04-19 11:00:00Z,246
2018-04-20 11:00:00Z,264
2018-04-21 11:00:00Z,270
2018-04-22 11:00:00Z,252
2018-04-23 11:00:00Z,205
2018-04-24 11:00:00Z,222
2018-04-25 11:00:00Z,189
2018-04-26 11:00:00Z,165
2018-04-27 11:00:00Z,136
2018-04-28 11:00:00Z,129
2018-04-29 11:00:00Z,123
2018-04-30 11:00:00Z,102
2018-05-01 11:00:00Z,118
2018-05-02 11:00:00Z,130
2018-05-03 11:00:00Z,129
2018-05-04 11:00:00Z,127
2018-05-05 11:00:00Z,114
2018-05-06 11:00:00Z,106
2018-05-07 11:00:00Z,98
2018-05-08 11:00:00Z,92
2018-05-09 11:00:00Z,78
2018-05-10 11:00:00Z,64
2018-05-11 11:00:00Z,81
2018-05-12 11:00:00Z,85
2018-05-13 11:00:00Z,84
2018-05-14 11:00:00Z,78
2018-05-15 11:00:00Z,57
2018-05-16 11:00:00Z,69
2018-05-17 11:00:00Z,61
2018-05-18 11:00:00Z,57
2018-05-19 11:00:00Z,55
2018-05-20 11:00:00Z,46
2018-05-21 11:00:00Z,40
2018-05-22 11:00:00Z,48
2018-05-23 11:00:00Z,54
2018-05-24 11:00:00Z,52
2018-05-25 11:00:00Z,47
2018-05-26 11:00:00Z,45
2018-05-27 11:00:00Z,47
2018-05-28 11:00:00Z,44
2018-05-29 11:00:00Z,55
2018-05-30 11:00:00Z,47
2018-05-31 11:00:00Z,48
2018-06-01 11:00:00Z,45
2018-06-02 11:00:00Z,49
2018-06-03 11:00:00Z,46
2018-06-04 11:00:00Z,40
2018-06-05 11:00:00Z,39
2018-06-06 11:00:00Z,40
2018-06-07 11:00:00Z,42
2018-06-08 11:00:00Z,39
2018-06-09 11:00:00Z,41
2018-06-10 11:00:00Z,43
2018-06-11 11:00:00Z,41
2018-06-12 11:00:00Z,44
2018-06-13 11:00:00Z,42
2018-06-14 11:00:00Z,42
2018-06-15 11:00:00Z,40
2018-06-16 11:00:00Z,41
2018-06-17 11:00:00Z,43
2018-06-18 11:00:00Z,42
2018-06-19 11:00:00Z,42
2018-06-20 11:00:00Z,42
2018-06-21 11:00:00Z,46
2018-06-22 11:00:00Z,41
2018-06-23 11:00:00Z,43
2018-06-24 11:00:00Z,43
2018-06-25 11:00:00Z,42
2018-06-26 11:00:00Z,42
2018-06-27 11:00:00Z,42
2018-06-28 11:00:00Z,42
2018-06-29 11:00:00Z,40
2018-06-30 11:00:00Z,39
2018-07-01 11:00:00Z,40
2018-07-02 11:00:00Z,41
2018-07-03 11:00:00Z,40
2018-07-04 11:00:00Z,39
2018-07-05 11:00:00Z,40
2018-07-06 11:00:00Z,35
2018-07-07 11:00:00Z,34
2018-07-08 11:00:00Z,37
2018-07-09 11:00:00Z,39
2018-07-10 11:00:00Z,36
2018-07-11 11:00:00Z,37
2018-07-12 11:00:00Z,39
2018-07-13 11:00:00Z,35
2018-07-14 11:00:00Z,38
2018-07-15 11:00:00Z,39
2018-07-16 11:00:00Z,36
2018-07-17 11:00:00Z,37
2018-07-18 11:00:00Z,37
2018-07-19 11:00:00Z,38
2018-07-20 11:00:00Z,35
2018-07-21 11:00:00Z,34
2018-07-22 11:00:00Z,38
2018-07-23 11:00:00Z,36
2018-07-24 11:00:00Z,36
2018-07-25 11:00:00Z,36
2018-07-26 11:00:00Z,36
2018-07-27 11:00:00Z,36
2018-07-28 11:00:00Z,36
2018-07-29 11:00:00Z,41
2018-07-30 11:00:00Z,37
2018-07-31 11:00:00Z,26
2018-08-01 11:00:00Z,28
2018-08-02 11:00:00Z,26
2018-08-03 11:00:00Z,25
2018-08-04 11:00:00Z,25
2018-08-05 11:00:00Z,24
2018-08-06 11:00:00Z,24
2018-08-07 11:00:00Z,25
2018-08-08 11:00:00Z,25
2018-08-09 11:00:00Z,22
2018-08-10 11:00:00Z,31
2018-08-11 11:00:00Z,71
2018-08-12 11:00:00Z,71
2018-08-13 11:00:00Z,54
2018-08-14 11:00:00Z,35
2018-08-15 11:00:00Z,27
2018-08-16 11:00:00Z,28
2018-08-17 11:00:00Z,43
2018-08-18 11:00:00Z,43
2018-08-19 11:00:00Z,53
2018-08-20 11:00:00Z,49
2018-08-21 11:00:00Z,35
2018-08-22 11:00:00Z,32
2018-08-23 11:00:00Z,51
2018-08-24 11:00:00Z,46
2018-08-25 11:00:00Z,42
2018-08-26 11:00:00Z,41
2018-08-27 11:00:00Z,52
2018-08-28 11:00:00Z,64
2018-08-29 11:00:00Z,54
2018-08-30 11:00:00Z,56
2018-08-31 11:00:00Z,50
2018-09-01 11:00:00Z,55
2018-09-02 11:00:00Z,56
2018-09-03 11:00:00Z,59
2018-09-04 11:00:00Z,71
2018-09-05 11:00:00Z,72
2018-09-06 11:00:00Z,73
2018-09-07 11:00:00Z,74
2018-09-08 11:00:00Z,270
2018-09-09 11:00:00Z,356
2018-09-10 11:00:00Z,250
2018-09-11 11:00:00Z,217
2018-09-12 11:00:00Z,197
2018-09-13 11:00:00Z,156
2018-09-14 11:00:00Z,133
2018-09-15 11:00:00Z,107
2018-09-16 11:00:00Z,125
2018-09-17 11:00:00Z,161
2018-09-18 11:00:00Z,137
2018-09-19 11:00:00Z,121
2018-09-20 11:00:00Z,122
2018-09-21 11:00:00Z,149
2018-09-22 11:00:00Z,325
2018-09-23 11:00:00Z,298
2018-09-24 11:00:00Z,166
2018-09-25 11:00:00Z,118
2018-09-26 11:00:00Z,106
2018-09-27 11:00:00Z,88
2018-09-28 11:00:00Z,81
2018-09-29 11:00:00Z,66
2018-09-30 11:00:00Z,60
2018-10-01 11:00:00Z,69
2018-10-02 11:00:00Z,78
2018-10-03 11:00:00Z,58
2018-10-04 11:00:00Z,59
2018-10-05 11:00:00Z,67
2018-10-06 11:00:00Z,67
2018-10-07 11:00:00Z,70
2018-10-08 11:00:00Z,78
2018-10-09 11:00:00Z,93
2018-10-10 11:00:00Z,90
2018-10-11 11:00:00Z,87
2018-10-12 11:00:00Z,82
2018-10-13 11:00:00Z,83
2018-10-14 11:00:00Z,71
2018-10-15 11:00:00Z,67
2018-10-16 11:00:00Z,56
2018-10-17 11:00:00Z,59
2018-10-18 11:00:00Z,60
2018-10-19 11:00:00Z,59
2018-10-20 11:00:00Z,74
2018-10-21 11:00:00Z,59
2018-10-22 11:00:00Z,56
2018-10-23 11:00:00Z,78
2018-10-24 11:00:00Z,83
2018-10-25 11:00:00Z,82
2018-10-26 11:00:00Z,80
2018-10-27 11:00:00Z,76
2018-10-28 11:00:00Z,73
2018-10-29 11:00:00Z,70
2018-10-30 11:00:00Z,64
2018-10-31 11:00:00Z,65
2018-11-01 11:00:00Z,73
2018-11-02 11:00:00Z,77
2018-11-03 11:00:00Z,83
2018-11-04 11:00:00Z,82
2018-11-05 11:00:00Z,81
2018-11-06 11:00:00Z,76
2018-11-07 11:00:00Z,89
2018-11-08 11:00:00Z,99
2018-11-09 11:00:00Z,97
2018-11-10 11:00:00Z,109
2018-11-11 11:00:00Z,179
2018-11-12 11:00:00Z,269
2018-11-13 11:00:00Z,298
2018-11-14 11:00:00Z,243
2018-11-15 11:00:00Z,171
2018-11-16 11:00:00Z,113
2018-11-17 11:00:00Z,93
2018-11-18 11:00:00Z,92
2018-11-19 11:00:00Z,80
2018-11-20 11:00:00Z,71
2018-11-21 11:00:00Z,65
2018-11-22 11:00:00Z,68
2018-11-23 11:00:00Z,69
2018-11-24 11:00:00Z,56
2018-11-25 11:00:00Z,48
2018-11-26 11:00:00Z,55
2018-11-27 11:00:00Z,66
2018-11-28 11:00:00Z,71
2018-11-29 11:00:00Z,109
2018-11-30 11:00:00Z,240
2018-12-01 11:00:00Z,218
2018-12-02 11:00:00Z,190
2018-12-03 11:00:00Z,193
2018-12-04 11:00:00Z,188
2018-12-05 11:00:00Z,149
2018-12-06 11:00:00Z,108
2018-12-07 11:00:00Z,102
2018-12-08 11:00:00Z,130
2018-12-09 11:00:00Z,122
2018-12-10 11:00:00Z,92
2018-12-11 11:00:00Z,86
2018-12-12 11:00:00Z,71
2018-12-13 11:00:00Z,77
2018-12-14 11:00:00Z,75
2018-12-15 11:00:00Z,67
2018-12-16 11:00:00Z,50
2018-12-17 11:00:00Z,57
2018-12-18 11:00:00Z,61
2018-12-19 11:00:00Z,49
2018-12-20 11:00:00Z,75
2018-12-21 11:00:00Z,141
2018-12-22 11:00:00Z,102
2018-12-23 11:00:00Z,75
2018-12-24 11:00:00Z,60
2018-12-25 11:00:00Z,56
2018-12-26 11:00:00Z,58
2018-12-27 11:00:00Z,61
2018-12-28 11:00:00Z,66
2018-12-29 11:00:00Z,67
2018-12-30 11:00:00Z,57
2018-12-31 11:00:00Z,50
2019-01-01 11:00:00Z,56
2019-01-02 11:00:00Z,73
2019-01-03 11:00:00Z,86
2019-01-04 11:00:00Z,82
2019-01-05 11:00:00Z,64
2019-01-06 11:00:00Z,54
2019-01-07 11:00:00Z,53
2019-01-08 11:00:00Z,56
2019-01-09 11:00:00Z,53
2019-01-10 11:00:00Z,52
2019-01-11 11:00:00Z,50
2019-01-12 11:00:00Z,45
2019-01-13 11:00:00Z,43
2019-01-14 11:00:00Z,43
2019-01-15 11:00:00Z,43
2019-01-16 11:00:00Z,44
2019-01-17 11:00:00Z,52
2019-01-18 11:00:00Z,51
2019-01-19 11:00:00Z,50
2019-01-20 11:00:00Z,48
2019-01-21 11:00:00Z,49
2019-01-22 11:00:00Z,46
2019-01-23 11:00:00Z,44
2019-01-24 11:00:00Z,42
2019-01-25 11:00:00Z,46
2019-01-26 11:00:00Z,60
2019-01-27 11:00:00Z,49
2019-01-28 11:00:00Z,50
2019-01-29 11:00:00Z,64
2019-01-30 11:00:00Z,62
2019-01-31 11:00:00Z,61
2019-02-01 11:00:00Z,61
2019-02-02 11:00:00Z,51
2019-02-03 11:00:00Z,42
2019-02-04 11:00:00Z,50
2019-02-05 11:00:00Z,66
2019-02-06 11:00:00Z,67
2019-02-07 11:00:00Z,70
2019-02-08 11:00:00Z,78
2019-02-09 11:00:00Z,146
2019-02-10 11:00:00Z,179
2019-02-11 11:00:00Z,135
2019-02-12 11:00:00Z,112
2019-02-13 11:00:00Z,110
2019-02-14 11:00:00Z,108
2019-02-15 11:00:00Z,116
2019-02-16 11:00:00Z,113
2019-02-17 11:00:00Z,112
2019-02-18 11:00:00Z,113
2019-02-19 11:00:00Z,130
2019-02-20 11:00:00Z,144
2019-02-21 11:00:00Z,126
2019-02-22 11:00:00Z,114
2019-02-23 11:00:00Z,102
2019-02-24 11:00:00Z,99
2019-02-25 11:00:00Z,101
2019-02-26 11:00:00Z,99
2019-02-27 11:00:00Z,98
2019-02-28 11:00:00Z,98
2019-03-01 11:00:00Z,97
2019-03-02 11:00:00Z,81
2019-03-03 11:00:00Z,89
2019-03-04 11:00:00Z,97
2019-03-05 11:00:00Z,103
2019-03-06 11:00:00Z,115
2019-03-07 11:00:00Z,156
2019-03-08 11:00:00Z,172
2019-03-09 11:00:00Z,136
2019-03-10 11:00:00Z,123
2019-03-11 11:00:00Z,103
2019-03-12 11:00:00Z,100
2019-03-13 11:00:00Z,139
2019-03-14 11:00:00Z,128
2019-03-15 11:00:00Z,109
2019-03-16 11:00:00Z,103
2019-03-17 11:00:00Z,125
2019-03-18 11:00:00Z,127
2019-03-19 11:00:00Z,105
2019-03-20 11:00:00Z,96
2019-03-21 11:00:00Z,99
2019-03-22 11:00:00Z,111
2019-03-23 11:00:00Z,110
2019-03-24 11:00:00Z,114
2019-03-25 11:00:00Z,107
2019-03-26 11:00:00Z,101
2019-03-27 11:00:00Z,94
2019-03-28 11:00:00Z,92
2019-03-29 11:00:00Z,101
2019-03-30 11:00:00Z,116
2019-03-31 11:00:00Z,115
2019-04-01 11:00:00Z,102
2019-04-02 11:00:00Z,89
2019-04-03 11:00:00Z,83
2019-04-04 11:00:00Z,81
2019-04-05 11:00:00Z,84
2019-04-06 11:00:00Z,80
2019-04-07 11:00:00Z,73
2019-04-08 11:00:00Z,81
2019-04-09 11:00:00Z,84
2019-04-10 11:00:00Z,78
2019-04-11 11:00:00Z,73
2019-04-12 11:00:00Z,71
2019-04-13 11:00:00Z,69
2019-04-14 11:00:00Z,63
2019-04-15 11:00:00Z,60
2019-04-16 11:00:00Z,62
2019-04-17 11:00:00Z,61
2019-04-18 11:00:00Z,59
2019-04-19 11:00:00Z,59
2019-04-20 11:00:00Z,60
2019-04-21 11:00:00Z,60
2019-04-22 11:00:00Z,51
2019-04-23 11:00:00Z,41
2019-04-24 11:00:00Z,41
2019-04-25 11:00:00Z,43
2019-04-26 11:00:00Z,41
2019-04-27 11:00:00Z,39
2019-04-28 11:00:00Z,75
2019-04-29 11:00:00Z,103
2019-04-30 11:00:00Z,100
2019-05-01 11:00:00Z,80
2019-05-02 11:00:00Z,51
2019-05-03 11:00:00Z,42
2019-05-04 11:00:00Z,44
2019-05-05 11:00:00Z,45
2019-05-06 11:00:00Z,41
2019-05-07 11:00:00Z,58
2019-05-08 11:00:00Z,60
2019-05-09 11:00:00Z,58
2019-05-10 11:00:00Z,66
2019-05-11 11:00:00Z,71
2019-05-12 11:00:00Z,62
2019-05-13 11:00:00Z,58
2019-05-14 11:00:00Z,65
2019-05-15 11:00:00Z,63
2019-05-16 11:00:00Z,60
2019-05-17 11:00:00Z,55
2019-05-18 11:00:00Z,48
2019-05-19 11:00:00Z,40
2019-05-20 11:00:00Z,41
2019-05-21 11:00:00Z,58
2019-05-22 11:00:00Z,68
2019-05-23 11:00:00Z,68
2019-05-24 11:00:00Z,93
2019-05-25 11:00:00Z,76
2019-05-26 11:00:00Z,73
2019-05-27 11:00:00Z,66
2019-05-28 11:00:00Z,62
2019-05-29 11:00:00Z,48
2019-05-30 11:00:00Z,41
2019-05-31 11:00:00Z,35
2019-06-01 11:00:00Z,37
2019-06-02 11:00:00Z,38
2019-06-03 11:00:00Z,35
2019-06-04 11:00:00Z,36
2019-06-05 11:00:00Z,52
2019-06-06 11:00:00Z,53
2019-06-07 11:00:00Z,50
2019-06-08 11:00:00Z,41
2019-06-09 11:00:00Z,59
2019-06-10 11:00:00Z,74
2019-06-11 11:00:00Z,83
2019-06-12 11:00:00Z,113
2019-06-13 11:00:00Z,116
2019-06-14 11:00:00Z,115
2019-06-15 11:00:00Z,94
2019-06-16 11:00:00Z,99
2019-06-17 11:00:00Z,90
2019-06-18 11:00:00Z,62
2019-06-19 11:00:00Z,55
2019-06-20 11:00:00Z,54
2019-06-21 11:00:00Z,49
2019-06-22 11:00:00Z,45
2019-06-23 11:00:00Z,45
2019-06-24 11:00:00Z,53
2019-06-25 11:00:00Z,63
2019-06-26 11:00:00Z,63
2019-06-27 11:00:00Z,41
2019-06-28 11:00:00Z,34
2019-06-29 11:00:00Z,34
2019-06-30 11:00:00Z,33
2019-07-01 11:00:00Z,31
2019-07-02 11:00:00Z,30
2019-07-03 11:00:00Z,29
2019-07-04 11:00:00Z,32
2019-07-05 11:00:00Z,21
2019-07-06 11:00:00Z,25
2019-07-07 11:00:00Z,28
2019-07-08 11:00:00Z,28
2019-07-09 11:00:00Z,27
2019-07-10 11:00:00Z,29
2019-07-11 11:00:00Z,32
2019-07-12 11:00:00Z,32
2019-07-13 11:00:00Z,30
2019-07-14 11:00:00Z,35
2019-07-15 11:00:00Z,37
2019-07-16 11:00:00Z,41
2019-07-17 11:00:00Z,56
2019-07-18 11:00:00Z,60
2019-07-19 11:00:00Z,59
2019-07-20 11:00:00Z,42
2019-07-21 11:00:00Z,79
2019-07-22 11:00:00Z,94
2019-07-23 11:00:00Z,93
2019-07-24 11:00:00Z,87
2019-07-25 11:00:00Z,81
2019-07-26 11:00:00Z,71
2019-07-27 11:00:00Z,50
2019-07-28 11:00:00Z,51
2019-07-29 11:00:00Z,56
2019-07-30 11:00:00Z,62
2019-07-31 11:00:00Z,64
2019-08-01 11:00:00Z,70
2019-08-02 11:00:00Z,67
2019-08-03 11:00:00Z,57
2019-08-04 11:00:00Z,70
2019-08-05 11:00:00Z,62
2019-08-06 11:00:00Z,68
2019-08-07 11:00:00Z,68
2019-08-08 11:00:00Z,67
2019-08-09 11:00:00Z,63
2019-08-10 11:00:00Z,60
2019-08-11 11:00:00Z,122
2019-08-12 11:00:00Z,234
2019-08-13 11:00:00Z,228
2019-08-14 11:00:00Z,151
2019-08-15 11:00:00Z,104
2019-08-16 11:00:00Z,66
2019-08-17 11:00:00Z,90
2019-08-18 11:00:00Z,134
2019-08-19 11:00:00Z,117
2019-08-20 11:00:00Z,134
2019-08-21 11:00:00Z,134
2019-08-22 11:00:00Z,145
2019-08-23 11:00:00Z,197
2019-08-24 11:00:00Z,160
2019-08-25 11:00:00Z,118
2019-08-26 11:00:00Z,95
2019-08-27 11:00:00Z,84
2019-08-28 11:00:00Z,76
2019-08-29 11:00:00Z,74
2019-08-30 11:00:00Z,79
2019-08-31 11:00:00Z,55
2019-09-01 11:00:00Z,55
2019-09-02 11:00:00Z,52
2019-09-03 11:00:00Z,66
2019-09-04 11:00:00Z,75
2019-09-05 11:00:00Z,90
2019-09-06 11:00:00Z,85
2019-09-07 11:00:00Z,80
2019-09-08 11:00:00Z,98
2019-09-09 11:00:00Z,99
2019-09-10 11:00:00Z,100
2019-09-11 11:00:00Z,83
2019-09-12 11:00:00Z,92
2019-09-13 11:00:00Z,89
2019-09-14 11:00:00Z,72
2019-09-15 11:00:00Z,102
2019-09-16 11:00:00Z,96
2019-09-17 11:00:00Z,94
2019-09-18 11:00:00Z,91
2019-09-19 11:00:00Z,81
2019-09-20 11:00:00Z,75
2019-09-21 11:00:00Z,66
2019-09-22 11:00:00Z,74
2019-09-23 11:00:00Z,70
2019-09-24 11:00:00Z,71
2019-09-25 11:00:00Z,63
2019-09-26 11:00:00Z,47
2019-09-27 11:00:00Z,101
2019-09-28 11:00:00Z,186
2019-09-29 11:00:00Z,264
2019-09-30 11:00:00Z,191
2019-10-01 11:00:00Z,138
2019-10-02 11:00:00Z,110
2019-10-03 11:00:00Z,98
2019-10-04 11:00:00Z,94
2019-10-05 11:00:00Z,87
2019-10-06 11:00:00Z,86
2019-10-07 11:00:00Z,86
2019-10-08 11:00:00Z,89
2019-10-09 11:00:00Z,98
2019-10-10 11:00:00Z,123
2019-10-11 11:00:00Z,137
2019-10-12 11:00:00Z,141
2019-10-13 11:00:00Z,132
2019-10-14 11:00:00Z,153
2019-10-15 11:00:00Z,167
2019-10-16 11:00:00Z,220
2019-10-17 11:00:00Z,199
2019-10-18 11:00:00Z,169
2019-10-19 11:00:00Z,243
2019-10-20 11:00:00Z,255
2019-10-21 11:00:00Z,221
2019-10-22 11:00:00Z,164
2019-10-23 11:00:00Z,124
2019-10-24 11:00:00Z,106
2019-10-25 11:00:00Z,108
2019-10-26 11:00:00Z,113
2019-10-27 11:00:00Z,118
2019-10-28 11:00:00Z,108
2019-10-29 11:00:00Z,106
2019-10-30 11:00:00Z,92
2019-10-31 11:00:00Z,90
2019-11-01 11:00:00Z,80
2019-11-02 11:00:00Z,80
2019-11-03 11:00:00Z,78
2019-11-04 11:00:00Z,79
2019-11-05 11:00:00Z,79
2019-11-06 11:00:00Z,80
2019-11-07 11:00:00Z,62
2019-11-08 11:00:00Z,71
2019-11-09 11:00:00Z,71
2019-11-10 11:00:00Z,69
2019-11-11 11:00:00Z,72
2019-11-12 11:00:00Z,87
2019-11-13 11:00:00Z,145
2019-11-14 11:00:00Z,132
2019-11-15 11:00:00Z,121
2019-11-16 11:00:00Z,111
2019-11-17 11:00:00Z,107
2019-11-18 11:00:00Z,105
2019-11-19 11:00:00Z,134
2019-11-20 11:00:00Z,139
2019-11-21 11:00:00Z,125
2019-11-22 11:00:00Z,140
2019-11-23 11:00:00Z,191
2019-11-24 11:00:00Z,198
2019-11-25 11:00:00Z,162
2019-11-26 11:00:00Z,135
2019-11-27 11:00:00Z,129
2019-11-28 11:00:00Z,122
2019-11-29 11:00:00Z,114
2019-11-30 11:00:00Z,101
2019-12-01 11:00:00Z,90
2019-12-02 11:00:00Z,84
2019-12-03 11:00:00Z,83
2019-12-04 11:00:00Z,82
2019-12-05 11:00:00Z,73
2019-12-06 11:00:00Z,112
2019-12-07 11:00:00Z,119
2019-12-08 11:00:00Z,153
2019-12-09 11:00:00Z,173
2019-12-10 11:00:00Z,149
2019-12-11 11:00:00Z,270
2019-12-12 11:00:00Z,242
2019-12-13 11:00:00Z,196
2019-12-14 11:00:00Z,136
2019-12-15 11:00:00Z,112
2019-12-16 11:00:00Z,104
2019-12-17 11:00:00Z,102
2019-12-18 11:00:00Z,108
2019-12-19 11:00:00Z,115
2019-12-20 11:00:00Z,147
2019-12-21 11:00:00Z,191
2019-12-22 11:00:00Z,200
2019-12-23 11:00:00Z,182
2019-12-24 11:00:00Z,181
2019-12-25 11:00:00Z,143
2019-12-26 11:00:00Z,113
2019-12-27 11:00:00Z,101
2019-12-28 11:00:00Z,89
2019-12-29 11:00:00Z,85
2019-12-30 11:00:00Z,78
2019-12-31 11:00:00Z,87
2020-01-01 11:00:00Z,93
2020-01-02 11:00:00Z,87
2020-01-03 11:00:00Z,77
2020-01-04 11:00:00Z,67
2020-01-05 11:00:00Z,59
2020-01-06 11:00:00Z,71
2020-01-07 11:00:00Z,92
2020-01-08 11:00:00Z,132
2020-01-09 11:00:00Z,138
2020-01-10 11:00:00Z,131
2020-01-11 11:00:00Z,147
2020-01-12 11:00:00Z,273
2020-01-13 11:00:00Z,242
2020-01-14 11:00:00Z,225
2020-01-15 11:00:00Z,291
2020-01-16 11:00:00Z,227
2020-01-17 11:00:00Z,229
2020-01-18 11:00:00Z,368
2020-01-19 11:00:00Z,306
2020-01-20 11:00:00Z,200
2020-01-21 11:00:00Z,134
2020-01-22 11:00:00Z,113
2020-01-23 11:00:00Z,108
2020-01-24 11:00:00Z,94
2020-01-25 11:00:00Z,82
2020-01-26 11:00:00Z,77
2020-01-27 11:00:00Z,104
2020-01-28 11:00:00Z,127
2020-01-29 11:00:00Z,138
2020-01-30 11:00:00Z,115
2020-01-31 11:00:00Z,118
2020-02-01 11:00:00Z,120
2020-02-02 11:00:00Z,143
2020-02-03 11:00:00Z,130
2020-02-04 11:00:00Z,112
2020-02-05 11:00:00Z,100
2020-02-06 11:00:00Z,99
2020-02-07 11:00:00Z,96
2020-02-08 11:00:00Z,93
2020-02-09 11:00:00Z,158
2020-02-10 11:00:00Z,340
2020-02-11 11:00:00Z,249
2020-02-12 11:00:00Z,182
2020-02-13 11:00:00Z,143
2020-02-14 11:00:00Z,118
2020-02-15 11:00:00Z,120
2020-02-16 11:00:00Z,314
2020-02-17 11:00:00Z,381
2020-02-18 11:00:00Z,339
2020-02-19 11:00:00Z,272
2020-02-20 11:00:00Z,213
2020-02-21 11:00:00Z,231
2020-02-22 11:00:00Z,250
2020-02-23 11:00:00Z,292
2020-02-24 11:00:00Z,261
2020-02-25 11:00:00Z,174
2020-02-26 11:00:00Z,134
2020-02-27 11:00:00Z,113
2020-02-28 11:00:00Z,97
2020-02-29 11:00:00Z,96
2020-03-01 11:00:00Z,123
2020-03-02 11:00:00Z,169
2020-03-03 11:00:00Z,159
2020-03-04 11:00:00Z,173
2020-03-05 11:00:00Z,138
2020-03-06 11:00:00Z,120
2020-03-07 11:00:00Z,113
2020-03-08 11:00:00Z,169
2020-03-09 11:00:00Z,274
2020-03-10 11:00:00Z,250
2020-03-11 11:00:00Z,256
2020-03-12 11:00:00Z,221
2020-03-13 11:00:00Z,192
2020-03-14 11:00:00Z,157
2020-03-15 11:00:00Z,192
2020-03-16 11:00:00Z,317
2020-03-17 11:00:00Z,254
2020-03-18 11:00:00Z,226
2020-03-19 11:00:00Z,201
2020-03-20 11:00:00Z,149
2020-03-21 11:00:00Z,121
2020-03-22 11:00:00Z,111
2020-03-23 11:00:00Z,102
2020-03-24 11:00:00Z,97
2020-03-25 11:00:00Z,94
2020-03-26 11:00:00Z,92
2020-03-27 11:00:00Z,86
2020-03-28 11:00:00Z,84
2020-03-29 11:00:00Z,89
2020-03-30 11:00:00Z,87
2020-03-31 11:00:00Z,94
2020-04-01 11:00:00Z,87
2020-04-02 11:00:00Z,83
2020-04-03 11:00:00Z,84
2020-04-04 11:00:00Z,83
2020-04-05 11:00:00Z,84
2020-04-06 11:00:00Z,83
2020-04-07 11:00:00Z,86
2020-04-08 11:00:00Z,86
2020-04-09 11:00:00Z,95
2020-04-10 11:00:00Z,91
2020-04-11 11:00:00Z,89
2020-04-12 11:00:00Z,89
2020-04-13 11:00:00Z,88
2020-04-14 11:00:00Z,84
2020-04-15 11:00:00Z,82
2020-04-16 11:00:00Z,79
2020-04-17 11:00:00Z,77
2020-04-18 11:00:00Z,77
2020-04-19 11:00:00Z,77
2020-04-20 11:00:00Z,74
2020-04-21 11:00:00Z,63
2020-04-22 11:00:00Z,61
2020-04-23 11:00:00Z,68
2020-04-24 11:00:00Z,75
2020-04-25 11:00:00Z,53
2020-04-26 11:00:00Z,43
2020-04-27 11:00:00Z,66
2020-04-28 11:00:00Z,61
2020-04-29 11:00:00Z,67
2020-04-30 11:00:00Z,66
2020-05-01 11:00:00Z,71
2020-05-02 11:00:00Z,70
2020-05-03 11:00:00Z,69
2020-05-04 11:00:00Z,72
2020-05-05 11:00:00Z,79
2020-05-06 11:00:00Z,79
2020-05-07 11:00:00Z,77
2020-05-08 11:00:00Z,76
2020-05-09 11:00:00Z,75
2020-05-10 11:00:00Z,77
2020-05-11 11:00:00Z,75
2020-05-12 11:00:00Z,69
2020-05-13 11:00:00Z,65
2020-05-14 11:00:00Z,69
2020-05-15 11:00:00Z,71
2020-05-16 11:00:00Z,70
2020-05-17 11:00:00Z,70
2020-05-18 11:00:00Z,72
2020-05-19 11:00:00Z,72
2020-05-20 11:00:00Z,72
2020-05-21 11:00:00Z,71
2020-05-22 11:00:00Z,67
2020-05-23 11:00:00Z,72
2020-05-24 11:00:00Z,84
2020-05-25 11:00:00Z,80
2020-05-26 11:00:00Z,81
2020-05-27 11:00:00Z,76
2020-05-28 11:00:00Z,67
2020-05-29 11:00:00Z,60
2020-05-30 11:00:00Z,57
2020-05-31 11:00:00Z,51
2020-06-01 11:00:00Z,41
2020-06-02 11:00:00Z,41
2020-06-03 11:00:00Z,39
2020-06-04 11:00:00Z,41
2020-06-05 11:00:00Z,78
2020-06-06 11:00:00Z,128
2020-06-07 11:00:00Z,200
2020-06-08 11:00:00Z,196
2020-06-09 11:00:00Z,129
2020-06-10 11:00:00Z,95
2020-06-11 11:00:00Z,90
2020-06-12 11:00:00Z,79
2020-06-13 11:00:00Z,66
2020-06-14 11:00:00Z,79
2020-06-15 11:00:00Z,92
2020-06-16 11:00:00Z,108
2020-06-17 11:00:00Z,104
2020-06-18 11:00:00Z,79
2020-06-19 11:00:00Z,51
2020-06-20 11:00:00Z,45
2020-06-21 11:00:00Z,50
2020-06-22 11:00:00Z,54
2020-06-23 11:00:00Z,46
2020-06-24 11:00:00Z,42
2020-06-25 11:00:00Z,42
2020-06-26 11:00:00Z,37
2020-06-27 11:00:00Z,37
2020-06-28 11:00:00Z,40
2020-06-29 11:00:00Z,30
2020-06-30 11:00:00Z,48
2020-07-01 11:00:00Z,65
2020-07-02 11:00:00Z,109
2020-07-03 11:00:00Z,102
2020-07-04 11:00:00Z,90
2020-07-05 11:00:00Z,110
2020-07-06 11:00:00Z,152
2020-07-07 11:00:00Z,153
2020-07-08 11:00:00Z,129
2020-07-09 11:00:00Z,107
2020-07-10 11:00:00Z,90
2020-07-11 11:00:00Z,74
2020-07-12 11:00:00Z,52
2020-07-13 11:00:00Z,44
2020-07-14 11:00:00Z,42
2020-07-15 11:00:00Z,47
2020-07-16 11:00:00Z,49
2020-07-17 11:00:00Z,46
2020-07-18 11:00:00Z,44
2020-07-19 11:00:00Z,70
2020-07-20 11:00:00Z,103
2020-07-21 11:00:00Z,92
2020-07-22 11:00:00Z,76
2020-07-23 11:00:00Z,62
2020-07-24 11:00:00Z,76
2020-07-25 11:00:00Z,70
2020-07-26 11:00:00Z,114
2020-07-27 11:00:00Z,205
2020-07-28 11:00:00Z,339
2020-07-29 11:00:00Z,421
2020-07-30 11:00:00Z,365
2020-07-31 11:00:00Z,277
2020-08-01 11:00:00Z,171
2020-08-02 11:00:00Z,116
2020-08-03 11:00:00Z,55
2020-08-04 11:00:00Z,56
2020-08-05 11:00:00Z,64
2020-08-06 11:00:00Z,77
2020-08-07 11:00:00Z,81
2020-08-08 11:00:00Z,75
2020-08-09 11:00:00Z,83
2020-08-10 11:00:00Z,63
2020-08-11 11:00:00Z,71
2020-08-12 11:00:00Z,63
2020-08-13 11:00:00Z,61
2020-08-14 11:00:00Z,64
2020-08-15 11:00:00Z,58
2020-08-16 11:00:00Z,49
2020-08-17 11:00:00Z,44
2020-08-18 11:00:00Z,35
2020-08-19 11:00:00Z,60
2020-08-20 11:00:00Z,61
2020-08-21 11:00:00Z,44
2020-08-22 11:00:00Z,49
2020-08-23 11:00:00Z,49
2020-08-24 11:00:00Z,43
2020-08-25 11:00:00Z,41
2020-08-26 11:00:00Z,41
2020-08-27 11:00:00Z,36
2020-08-28 11:00:00Z,32
2020-08-29 11:00:00Z,29
2020-08-30 11:00:00Z,30
2020-08-31 11:00:00Z,41
2020-09-01 11:00:00Z,42
2020-09-02 11:00:00Z,34
2020-09-03 11:00:00Z,32
2020-09-04 11:00:00Z,43
2020-09-05 11:00:00Z,53
2020-09-06 11:00:00Z,54
2020-09-07 11:00:00Z,51
2020-09-08 11:00:00Z,48
2020-09-09 11:00:00Z,51
2020-09-10 11:00:00Z,51
2020-09-11 11:00:00Z,48
2020-09-12 11:00:00Z,48
2020-09-13 11:00:00Z,49
2020-09-14 11:00:00Z,52
2020-09-15 11:00:00Z,70
2020-09-16 11:00:00Z,64
2020-09-17 11:00:00Z,69
2020-09-18 11:00:00Z,75
2020-09-19 11:00:00Z,73
2020-09-20 11:00:00Z,84
2020-09-21 11:00:00Z,75
2020-09-22 11:00:00Z,64
2020-09-23 11:00:00Z,74
2020-09-24 11:00:00Z,125
2020-09-25 11:00:00Z,168
2020-09-26 11:00:00Z,132
2020-09-27 11:00:00Z,113
2020-09-28 11:00:00Z,104
2020-09-29 11:00:00Z,95
2020-09-30 11:00:00Z,91
2020-10-01 11:00:00Z,93
2020-10-02 11:00:00Z,121
2020-10-03 11:00:00Z,148
2020-10-04 11:00:00Z,154
2020-10-05 11:00:00Z,264
2020-10-06 11:00:00Z,208
2020-10-07 11:00:00Z,148
2020-10-08 11:00:00Z,121
2020-10-09 11:00:00Z,110
2020-10-10 11:00:00Z,93
2020-10-11 11:00:00Z,83
2020-10-12 11:00:00Z,71
2020-10-13 11:00:00Z,81
2020-10-14 11:00:00Z,79
2020-10-15 11:00:00Z,87
2020-10-16 11:00:00Z,77
2020-10-17 11:00:00Z,54
2020-10-18 11:00:00Z,35
2020-10-19 11:00:00Z,35
2020-10-20 11:00:00Z,93
2020-10-21 11:00:00Z,125
2020-10-22 11:00:00Z,166
2020-10-23 11:00:00Z,215
2020-10-24 11:00:00Z,180
2020-10-25 11:00:00Z,219
2020-10-26 11:00:00Z,276
2020-10-27 11:00:00Z,275
2020-10-28 11:00:00Z,272
2020-10-29 11:00:00Z,305
2020-10-30 11:00:00Z,257
2020-10-31 11:00:00Z,206
2020-11-01 11:00:00Z,215
2020-11-02 11:00:00Z,324
2020-11-03 11:00:00Z,377
2020-11-04 11:00:00Z,251
2020-11-05 11:00:00Z,141
2020-11-06 11:00:00Z,89
2020-11-07 11:00:00Z,62
2020-11-08 11:00:00Z,53
2020-11-09 11:00:00Z,52
2020-11-10 11:00:00Z,67
2020-11-11 11:00:00Z,71
2020-11-12 11:00:00Z,76
2020-11-13 11:00:00Z,97
2020-11-14 11:00:00Z,141
2020-11-15 11:00:00Z,260
2020-11-16 11:00:00Z,427
2020-11-17 11:00:00Z,427
2020-11-18 11:00:00Z,364
2020-11-19 11:00:00Z,310
2020-11-20 11:00:00Z,277
2020-11-21 11:00:00Z,249
2020-11-22 11:00:00Z,248
2020-11-23 11:00:00Z,248
2020-11-24 11:00:00Z,239
2020-11-25 11:00:00Z,205
2020-11-26 11:00:00Z,178
2020-11-27 11:00:00Z,157
2020-11-28 11:00:00Z,124
2020-11-29 11:00:00Z,115
2020-11-30 11:00:00Z,102
2020-12-01 11:00:00Z,102
2020-12-02 11:00:00Z,97
2020-12-03 11:00:00Z,129
2020-12-04 11:00:00Z,213
2020-12-05 11:00:00Z,152
2020-12-06 11:00:00Z,141
2020-12-07 11:00:00Z,156
2020-12-08 11:00:00Z,262
2020-12-09 11:00:00Z,235
2020-12-10 11:00:00Z,197
2020-12-11 11:00:00Z,181
2020-12-12 11:00:00Z,149
2020-12-13 11:00:00Z,126
2020-12-14 11:00:00Z,152
2020-12-15 11:00:00Z,244
2020-12-16 11:00:00Z,226
2020-12-17 11:00:00Z,196
2020-12-18 11:00:00Z,261
2020-12-19 11:00:00Z,300
2020-12-20 11:00:00Z,347
2020-12-21 11:00:00Z,345
2020-12-22 11:00:00Z,319
2020-12-23 11:00:00Z,259
2020-12-24 11:00:00Z,178
2020-12-25 11:00:00Z,127
2020-12-26 11:00:00Z,106
2020-12-27 11:00:00Z,180
2020-12-28 11:00:00Z,327
2020-12-29 11:00:00Z,252
2020-12-30 11:00:00Z,175
2020-12-31 11:00:00Z,130
2021-01-01 11:00:00Z,108
2021-01-02 11:00:00Z,98
2021-01-03 11:00:00Z,84
2021-01-04 11:00:00Z,78
2021-01-05 11:00:00Z,86
2021-01-06 11:00:00Z,82
2021-01-07 11:00:00Z,76
2021-01-08 11:00:00Z,86
2021-01-09 11:00:00Z,77
2021-01-10 11:00:00Z,71
2021-01-11 11:00:00Z,73
2021-01-12 11:00:00Z,70
2021-01-13 11:00:00Z,65
2021-01-14 11:00:00Z,72
2021-01-15 11:00:00Z,74
2021-01-16 11:00:00Z,73
2021-01-17 11:00:00Z,74
2021-01-18 11:00:00Z,74
2021-01-19 11:00:00Z,70
2021-01-20 11:00:00Z,64
2021-01-21 11:00:00Z,85
2021-01-22 11:00:00Z,191
2021-01-23 11:00:00Z,179
2021-01-24 11:00:00Z,108
2021-01-25 11:00:00Z,102
2021-01-26 11:00:00Z,96
2021-01-27 11:00:00Z,85
2021-01-28 11:00:00Z,82
2021-01-29 11:00:00Z,72
2021-01-30 11:00:00Z,74
2021-01-31 11:00:00Z,75
2021-02-01 11:00:00Z,82
2021-02-02 11:00:00Z,77
2021-02-03 11:00:00Z,66
2021-02-04 11:00:00Z,58
2021-02-05 11:00:00Z,70
2021-02-06 11:00:00Z,55
2021-02-07 11:00:00Z,45
2021-02-08 11:00:00Z,50
2021-02-09 11:00:00Z,75
2021-02-10 11:00:00Z,77
2021-02-11 11:00:00Z,83
2021-02-12 11:00:00Z,85
2021-02-13 11:00:00Z,88
2021-02-14 11:00:00Z,87
2021-02-15 11:00:00Z,78
2021-02-16 11:00:00Z,78
2021-02-17 11:00:00Z,72
2021-02-18 11:00:00Z,74
2021-02-19 11:00:00Z,80
2021-02-20 11:00:00Z,124
2021-02-21 11:00:00Z,142
2021-02-22 11:00:00Z,137
2021-02-23 11:00:00Z,137
2021-02-24 11:00:00Z,135
2021-02-25 11:00:00Z,175
2021-02-26 11:00:00Z,183
2021-02-27 11:00:00Z,156
2021-02-28 11:00:00Z,126
2021-03-01 11:00:00Z,120
2021-03-02 11:00:00Z,106
2021-03-03 11:00:00Z,105
2021-03-04 11:00:00Z,88
2021-03-05 11:00:00Z,75
2021-03-06 11:00:00Z,84
2021-03-07 11:00:00Z,74
2021-03-08 11:00:00Z,85
2021-03-09 11:00:00Z,83
2021-03-10 11:00:00Z,80
2021-03-11 11:00:00Z,109
2021-03-12 11:00:00Z,127
2021-03-13 11:00:00Z,116
2021-03-14 11:00:00Z,100
2021-03-15 11:00:00Z,106
2021-03-16 11:00:00Z,108
2021-03-17 11:00:00Z,99
2021-03-18 11:00:00Z,92
2021-03-19 11:00:00Z,87
2021-03-20 11:00:00Z,85
2021-03-21 11:00:00Z,69
2021-03-22 11:00:00Z,83
2021-03-23 11:00:00Z,94
2021-03-24 11:00:00Z,101
2021-03-25 11:00:00Z,112
2021-03-26 11:00:00Z,113
2021-03-27 11:00:00Z,133
2021-03-28 11:00:00Z,124
2021-03-29 11:00:00Z,119
2021-03-30 11:00:00Z,143
2021-03-31 11:00:00Z,172
2021-04-01 11:00:00Z,207
2021-04-02 11:00:00Z,144
2021-04-03 11:00:00Z,109
2021-04-04 11:00:00Z,95
2021-04-05 11:00:00Z,65
2021-04-06 11:00:00Z,52
2021-04-07 11:00:00Z,73
2021-04-08 11:00:00Z,89
2021-04-09 11:00:00Z,98
2021-04-10 11:00:00Z,95
2021-04-11 11:00:00Z,93
2021-04-12 11:00:00Z,89
2021-04-13 11:00:00Z,88
2021-04-14 11:00:00Z,85
2021-04-15 11:00:00Z,83
2021-04-16 11:00:00Z,81
2021-04-17 11:00:00Z,80
2021-04-18 11:00:00Z,81
2021-04-19 11:00:00Z,66
2021-04-20 11:00:00Z,73
2021-04-21 11:00:00Z,74
2021-04-22 11:00:00Z,78
2021-04-23 11:00:00Z,75
2021-04-24 11:00:00Z,63
2021-04-25 11:00:00Z,68
2021-04-26 11:00:00Z,68
2021-04-27 11:00:00Z,70
2021-04-28 11:00:00Z,72
2021-04-29 11:00:00Z,70
2021-04-30 11:00:00Z,71
2021-05-01 11:00:00Z,70
2021-05-02 11:00:00Z,70
2021-05-03 11:00:00Z,70
2021-05-04 11:00:00Z,63
2021-05-05 11:00:00Z,56
2021-05-06 11:00:00Z,61
2021-05-07 11:00:00Z,76
2021-05-08 11:00:00Z,79
2021-05-09 11:00:00Z,79
2021-05-10 11:00:00Z,87
2021-05-11 11:00:00Z,97
2021-05-12 11:00:00Z,99
2021-05-13 11:00:00Z,96
2021-05-14 11:00:00Z,89
2021-05-15 11:00:00Z,103
2021-05-16 11:00:00Z,100
2021-05-17 11:00:00Z,99
2021-05-18 11:00:00Z,102
2021-05-19 11:00:00Z,101
2021-05-20 11:00:00Z,92
2021-05-21 11:00:00Z,84
2021-05-22 11:00:00Z,58
2021-05-23 11:00:00Z,42
2021-05-24 11:00:00Z,53
2021-05-25 11:00:00Z,140
2021-05-26 11:00:00Z,200
2021-05-27 11:00:00Z,154
2021-05-28 11:00:00Z,120
2021-05-29 11:00:00Z,93
2021-05-30 11:00:00Z,50
2021-05-31 11:00:00Z,46
2021-06-01 11:00:00Z,86
2021-06-02 11:00:00Z,75
2021-06-03 11:00:00Z,64
2021-06-04 11:00:00Z,77
2021-06-05 11:00:00Z,65
2021-06-06 11:00:00Z,50
2021-06-07 11:00:00Z,68
2021-06-08 11:00:00Z,75
2021-06-09 11:00:00Z,74
2021-06-10 11:00:00Z,73
2021-06-11 11:00:00Z,72
2021-06-12 11:00:00Z,49
2021-06-13 11:00:00Z,30
2021-06-14 11:00:00Z,36
2021-06-15 11:00:00Z,44
2021-06-16 11:00:00Z,42
2021-06-17 11:00:00Z,41
2021-06-18 11:00:00Z,45
2021-06-19 11:00:00Z,43
2021-06-20 11:00:00Z,43
2021-06-21 11:00:00Z,58
2021-06-22 11:00:00Z,54
2021-06-23 11:00:00Z,52
2021-06-24 11:00:00Z,49
2021-06-25 11:00:00Z,47
2021-06-26 11:00:00Z,44
2021-06-27 11:00:00Z,43
2021-06-28 11:00:00Z,42
2021-06-29 11:00:00Z,42
2021-06-30 11:00:00Z,44
2021-07-01 11:00:00Z,65
2021-07-02 11:00:00Z,62
2021-07-03 11:00:00Z,46
2021-07-04 11:00:00Z,44
2021-07-05 11:00:00Z,48
2021-07-06 11:00:00Z,74
2021-07-07 11:00:00Z,100
2021-07-08 11:00:00Z,138
2021-07-09 11:00:00Z,159
2021-07-10 11:00:00Z,105
2021-07-11 11:00:00Z,77
2021-07-12 11:00:00Z,64
2021-07-13 11:00:00Z,76
2021-07-14 11:00:00Z,72
2021-07-15 11:00:00Z,65
2021-07-16 11:00:00Z,52
2021-07-17 11:00:00Z,37
2021-07-18 11:00:00Z,33
2021-07-19 11:00:00Z,33
2021-07-20 11:00:00Z,38
2021-07-21 11:00:00Z,38
2021-07-22 11:00:00Z,44
2021-07-23 11:00:00Z,62
2021-07-24 11:00:00Z,41
2021-07-25 11:00:00Z,36
2021-07-26 11:00:00Z,48
2021-07-27 11:00:00Z,66
2021-07-28 11:00:00Z,52
2021-07-29 11:00:00Z,40
2021-07-30 11:00:00Z,41
2021-07-31 11:00:00Z,38
2021-08-01 11:00:00Z,38
2021-08-02 11:00:00Z,37
2021-08-03 11:00:00Z,37
2021-08-04 11:00:00Z,34
2021-08-05 11:00:00Z,35
2021-08-06 11:00:00Z,34
2021-08-07 11:00:00Z,28
2021-08-08 11:00:00Z,33
2021-08-09 11:00:00Z,36
2021-08-10 11:00:00Z,51
2021-08-11 11:00:00Z,56
2021-08-12 11:00:00Z,53
2021-08-13 11:00:00Z,50
2021-08-14 11:00:00Z,50
2021-08-15 11:00:00Z,54
2021-08-16 11:00:00Z,48
2021-08-17 11:00:00Z,51
2021-08-18 11:00:00Z,45
2021-08-19 11:00:00Z,43
2021-08-20 11:00:00Z,49
2021-08-21 11:00:00Z,71
2021-08-22 11:00:00Z,52
2021-08-23 11:00:00Z,39
2021-08-24 11:00:00Z,37
2021-08-25 11:00:00Z,35
2021-08-26 11:00:00Z,31
2021-08-27 11:00:00Z,34
2021-08-28 11:00:00Z,33
2021-08-29 11:00:00Z,27
2021-08-30 11:00:00Z,40
2021-08-31 11:00:00Z,63
2021-09-01 11:00:00Z,60
2021-09-02 11:00:00Z,63
2021-09-03 11:00:00Z,63
2021-09-04 11:00:00Z,53
2021-09-05 11:00:00Z,38
2021-09-06 11:00:00Z,48
2021-09-07 11:00:00Z,63
2021-09-08 11:00:00Z,63
2021-09-09 11:00:00Z,63
2021-09-10 11:00:00Z,63
2021-09-11 11:00:00Z,63
2021-09-12 11:00:00Z,44
2021-09-13 11:00:00Z,37
2021-09-14 11:00:00Z,51
2021-09-15 11:00:00Z,42
2021-09-16 11:00:00Z,61
2021-09-17 11:00:00Z,46
2021-09-18 11:00:00Z,30
2021-09-19 11:00:00Z,25
2021-09-20 11:00:00Z,24
2021-09-21 11:00:00Z,25
2021-09-22 11:00:00Z,24
2021-09-23 11:00:00Z,25
2021-09-24 11:00:00Z,24
2021-09-25 11:00:00Z,24
2021-09-26 11:00:00Z,24
2021-09-27 11:00:00Z,28
2021-09-28 11:00:00Z,72
2021-09-29 11:00:00Z,80
2021-09-30 11:00:00Z,98
2021-10-01 11:00:00Z,132
2021-10-02 11:00:00Z,208
2021-10-03 11:00:00Z,256
2021-10-04 11:00:00Z,322
2021-10-05 11:00:00Z,233
2021-10-06 11:00:00Z,158
2021-10-07 11:00:00Z,95
2021-10-08 11:00:00Z,72
2021-10-09 11:00:00Z,64
2021-10-10 11:00:00Z,57
2021-10-11 11:00:00Z,54
2021-10-12 11:00:00Z,51
2021-10-13 11:00:00Z,48
2021-10-14 11:00:00Z,46
2021-10-15 11:00:00Z,46
2021-10-16 11:00:00Z,42
2021-10-17 11:00:00Z,39
2021-10-18 11:00:00Z,51
2021-10-19 11:00:00Z,49
2021-10-20 11:00:00Z,44
2021-10-21 11:00:00Z,56
2021-10-22 11:00:00Z,50
2021-10-23 11:00:00Z,51
2021-10-24 11:00:00Z,71
2021-10-25 11:00:00Z,64
2021-10-26 11:00:00Z,64
2021-10-27 11:00:00Z,69
2021-10-28 11:00:00Z,94
2021-10-29 11:00:00Z,90
2021-10-30 11:00:00Z,83
2021-10-31 11:00:00Z,175
2021-11-01 11:00:00Z,219
2021-11-02 11:00:00Z,278
2021-11-03 11:00:00Z,250
2021-11-04 11:00:00Z,163
2021-11-05 11:00:00Z,119
2021-11-06 11:00:00Z,80
2021-11-07 11:00:00Z,70
2021-11-08 11:00:00Z,82
2021-11-09 11:00:00Z,100
2021-11-10 11:00:00Z,77
2021-11-11 11:00:00Z,92
2021-11-12 11:00:00Z,85
2021-11-13 11:00:00Z,128
2021-11-14 11:00:00Z,126
2021-11-15 11:00:00Z,111
2021-11-16 11:00:00Z,110
2021-11-17 11:00:00Z,123
2021-11-18 11:00:00Z,116
2021-11-19 11:00:00Z,76
2021-11-20 11:00:00Z,63
2021-11-21 11:00:00Z,58
2021-11-22 11:00:00Z,70
2021-11-23 11:00:00Z,80
2021-11-24 11:00:00Z,55
2021-11-25 11:00:00Z,56
2021-11-26 11:00:00Z,73
2021-11-27 11:00:00Z,54
2021-11-28 11:00:00Z,61
2021-11-29 11:00:00Z,76
2021-11-30 11:00:00Z,73
2021-12-01 11:00:00Z,64
2021-12-02 11:00:00Z,51
2021-12-03 11:00:00Z,75
2021-12-04 11:00:00Z,56
2021-12-05 11:00:00Z,52
2021-12-06 11:00:00Z,68
2021-12-07 11:00:00Z,74
2021-12-08 11:00:00Z,75
2021-12-09 11:00:00Z,79
2021-12-10 11:00:00Z,81
2021-12-11 11:00:00Z,78
2021-12-12 11:00:00Z,67
2021-12-13 11:00:00Z,84
2021-12-14 11:00:00Z,83
2021-12-15 11:00:00Z,81
2021-12-16 11:00:00Z,111
2021-12-17 11:00:00Z,110
2021-12-18 11:00:00Z,96
2021-12-19 11:00:00Z,77
2021-12-20 11:00:00Z,86
2021-12-21 11:00:00Z,101
2021-12-22 11:00:00Z,93
2021-12-23 11:00:00Z,87
2021-12-24 11:00:00Z,65
2021-12-25 11:00:00Z,51
2021-12-26 11:00:00Z,56
2021-12-27 11:00:00Z,44
2021-12-28 11:00:00Z,55
2021-12-29 11:00:00Z,63
2021-12-30 11:00:00Z,47
2021-12-31 11:00:00Z,47
2022-01-01 11:00:00Z,48
2022-01-02 11:00:00Z,50
2022-01-03 11:00:00Z,66
2022-01-04 11:00:00Z,106
2022-01-05 11:00:00Z,109
2022-01-06 11:00:00Z,98
2022-01-07 11:00:00Z,93
2022-01-08 11:00:00Z,89
2022-01-09 11:00:00Z,84
2022-01-10 11:00:00Z,87
2022-01-11 11:00:00Z,93
2022-01-12 11:00:00Z,96
2022-01-13 11:00:00Z,129
2022-01-14 11:00:00Z,166
2022-01-15 11:00:00Z,154
2022-01-16 11:00:00Z,122
2022-01-17 11:00:00Z,95
2022-01-18 11:00:00Z,86
2022-01-19 11:00:00Z,92
2022-01-20 11:00:00Z,117
2022-01-21 11:00:00Z,96
2022-01-22 11:00:00Z,92
2022-01-23 11:00:00Z,87
2022-01-24 11:00:00Z,86
2022-01-25 11:00:00Z,90
2022-01-26 11:00:00Z,88
2022-01-27 11:00:00Z,72
2022-01-28 11:00:00Z,74
2022-01-29 11:00:00Z,97
2022-01-30 11:00:00Z,110
2022-01-31 11:00:00Z,109
2022-02-01 11:00:00Z,102
2022-02-02 11:00:00Z,93
2022-02-03 11:00:00Z,90
2022-02-04 11:00:00Z,92
2022-02-05 11:00:00Z,77
2022-02-06 11:00:00Z,75
2022-02-07 11:00:00Z,70
2022-02-08 11:00:00Z,89
2022-02-09 11:00:00Z,96
2022-02-10 11:00:00Z,101
2022-02-11 11:00:00Z,95
2022-02-12 11:00:00Z,93
2022-02-13 11:00:00Z,165
2022-02-14 11:00:00Z,191
2022-02-15 11:00:00Z,224
2022-02-16 11:00:00Z,159
2022-02-17 11:00:00Z,123
2022-02-18 11:00:00Z,80
2022-02-19 11:00:00Z,68
2022-02-20 11:00:00Z,60
2022-02-21 11:00:00Z,57
2022-02-22 11:00:00Z,80
2022-02-23 11:00:00Z,83
2022-02-24 11:00:00Z,109
2022-02-25 11:00:00Z,85
2022-02-26 11:00:00Z,71
2022-02-27 11:00:00Z,63
2022-02-28 11:00:00Z,58
2022-03-01 11:00:00Z,71
2022-03-02 11:00:00Z,89
2022-03-03 11:00:00Z,86
2022-03-04 11:00:00Z,83
2022-03-05 11:00:00Z,62
2022-03-06 11:00:00Z,44
2022-03-07 11:00:00Z,55
2022-03-08 11:00:00Z,74
2022-03-09 11:00:00Z,64
2022-03-10 11:00:00Z,48
2022-03-11 11:00:00Z,31
2022-03-12 11:00:00Z,36
2022-03-13 11:00:00Z,30
2022-03-14 11:00:00Z,35
2022-03-15 11:00:00Z,52
2022-03-16 11:00:00Z,72
2022-03-17 11:00:00Z,79
2022-03-18 11:00:00Z,91
2022-03-19 11:00:00Z,91
2022-03-20 11:00:00Z,68
2022-03-21 11:00:00Z,37
2022-03-22 11:00:00Z,37
2022-03-23 11:00:00Z,49
2022-03-24 11:00:00Z,42
2022-03-25 11:00:00Z,38
2022-03-26 11:00:00Z,52
2022-03-27 11:00:00Z,54
2022-03-28 11:00:00Z,55
2022-03-29 11:00:00Z,67
2022-03-30 11:00:00Z,84
2022-03-31 11:00:00Z,89
2022-04-01 11:00:00Z,78
2022-04-02 11:00:00Z,42
2022-04-03 11:00:00Z,46
2022-04-04 11:00:00Z,39
2022-04-05 11:00:00Z,37
2022-04-06 11:00:00Z,43
2022-04-07 11:00:00Z,43
2022-04-08 11:00:00Z,44
2022-04-09 11:00:00Z,39
2022-04-10 11:00:00Z,33
2022-04-11 11:00:00Z,30
2022-04-12 11:00:00Z,40
2022-04-13 11:00:00Z,38
2022-04-14 11:00:00Z,39
2022-04-15 11:00:00Z,38
2022-04-16 11:00:00Z,35
2022-04-17 11:00:00Z,29
2022-04-18 11:00:00Z,31
2022-04-19 11:00:00Z,52
2022-04-20 11:00:00Z,67
2022-04-21 11:00:00Z,57
2022-04-22 11:00:00Z,42
2022-04-23 11:00:00Z,33
2022-04-24 11:00:00Z,37
2022-04-25 11:00:00Z,56
2022-04-26 11:00:00Z,60
2022-04-27 11:00:00Z,43
2022-04-28 11:00:00Z,41
2022-04-29 11:00:00Z,39
2022-04-30 11:00:00Z,34
2022-05-01 11:00:00Z,31
2022-05-02 11:00:00Z,28
2022-05-03 11:00:00Z,36
2022-05-04 11:00:00Z,37
2022-05-05 11:00:00Z,36
2022-05-06 11:00:00Z,34
2022-05-07 11:00:00Z,28
2022-05-08 11:00:00Z,26
2022-05-09 11:00:00Z,30
2022-05-10 11:00:00Z,26
2022-05-11 11:00:00Z,27
2022-05-12 11:00:00Z,27
2022-05-13 11:00:00Z,40
2022-05-14 11:00:00Z,30
2022-05-15 11:00:00Z,24
2022-05-16 11:00:00Z,25
2022-05-17 11:00:00Z,26
2022-05-18 11:00:00Z,27
2022-05-19 11:00:00Z,33
2022-05-20 11:00:00Z,41
2022-05-21 11:00:00Z,29
2022-05-22 11:00:00Z,26
2022-05-23 11:00:00Z,26
2022-05-24 11:00:00Z,27
2022-05-25 11:00:00Z,28
2022-05-26 11:00:00Z,32
2022-05-27 11:00:00Z,33
2022-05-28 11:00:00Z,32
2022-05-29 11:00:00Z,31
2022-05-30 11:00:00Z,38
2022-05-31 11:00:00Z,39
2022-06-01 11:00:00Z,33
2022-06-02 11:00:00Z,33
2022-06-03 11:00:00Z,31
2022-06-04 11:00:00Z,30
2022-06-05 11:00:00Z,28
2022-06-06 11:00:00Z,26
2022-06-07 11:00:00Z,26
2022-06-08 11:00:00Z,28
2022-06-09 11:00:00Z,28
2022-06-10 11:00:00Z,26
2022-06-11 11:00:00Z,27
2022-06-12 11:00:00Z,25
2022-06-13 11:00:00Z,25
2022-06-14 11:00:00Z,26
2022-06-15 11:00:00Z,29
2022-06-16 11:00:00Z,26
2022-06-17 11:00:00Z,26
2022-06-18 11:00:00Z,26
2022-06-19 11:00:00Z,26
2022-06-20 11:00:00Z,29
2022-06-21 11:00:00Z,30
2022-06-22 11:00:00Z,28
2022-06-23 11:00:00Z,27
2022-06-24 11:00:00Z,25
2022-06-25 11:00:00Z,25
2022-06-26 11:00:00Z,25
2022-06-27 11:00:00Z,26
2022-06-28 11:00:00Z,26
2022-06-29 11:00:00Z,26
2022-06-30 11:00:00Z,26
2022-07-01 11:00:00Z,25
2022-07-02 11:00:00Z,25
2022-07-03 11:00:00Z,25
2022-07-04 11:00:00Z,25
2022-07-05 11:00:00Z,25
2022-07-06 11:00:00Z,26
2022-07-07 11:00:00Z,25
2022-07-08 11:00:00Z,25
2022-07-09 11:00:00Z,25
2022-07-10 11:00:00Z,24
2022-07-11 11:00:00Z,24
2022-07-12 11:00:00Z,25
2022-07-13 11:00:00Z,25
2022-07-14 11:00:00Z,25
2022-07-15 11:00:00Z,25
2022-07-16 11:00:00Z,25
2022-07-17 11:00:00Z,25
2022-07-18 11:00:00Z,24
2022-07-19 11:00:00Z,25
2022-07-20 11:00:00Z,24
2022-07-21 11:00:00Z,24
2022-07-22 11:00:00Z,24
2022-07-23 11:00:00Z,24
2022-07-24 11:00:00Z,24
2022-07-25 11:00:00Z,25
2022-07-26 11:00:00Z,25
2022-07-27 11:00:00Z,25
2022-07-28 11:00:00Z,24
2022-07-29 11:00:00Z,24
2022-07-30 11:00:00Z,24
2022-07-31 11:00:00Z,24
2022-08-01 11:00:00Z,26
2022-08-02 11:00:00Z,28
2022-08-03 11:00:00Z,29
2022-08-04 11:00:00Z,28
2022-08-05 11:00:00Z,28
2022-08-06 11:00:00Z,27
2022-08-07 11:00:00Z,27
2022-08-08 11:00:00Z,27
2022-08-09 11:00:00Z,25
2022-08-10 11:00:00Z,25
2022-08-11 11:00:00Z,24
2022-08-12 11:00:00Z,24
2022-08-13 11:00:00Z,24
2022-08-14 11:00:00Z,24
2022-08-15 11:00:00Z,24
2022-08-16 11:00:00Z,24
2022-08-17 11:00:00Z,34
2022-08-18 11:00:00Z,27
2022-08-19 11:00:00Z,25
2022-08-20 11:00:00Z,28
2022-08-21 11:00:00Z,30
2022-08-22 11:00:00Z,34
2022-08-23 11:00:00Z,30
2022-08-24 11:00:00Z,29
2022-08-25 11:00:00Z,27
2022-08-26 11:00:00Z,28
2022-08-27 11:00:00Z,29
2022-08-28 11:00:00Z,27
2022-08-29 11:00:00Z,30
2022-08-30 11:00:00Z,32
2022-08-31 11:00:00Z,28
2022-09-01 11:00:00Z,27
2022-09-02 11:00:00Z,26
2022-09-03 11:00:00Z,25
2022-09-04 11:00:00Z,24
2022-09-05 11:00:00Z,24
2022-09-06 11:00:00Z,24
2022-09-07 11:00:00Z,24
2022-09-08 11:00:00Z,25
2022-09-09 11:00:00Z,20
2022-09-10 11:00:00Z,18
2022-09-11 11:00:00Z,16
2022-09-12 11:00:00Z,17
2022-09-13 11:00:00Z,57
2022-09-14 11:00:00Z,48
2022-09-15 11:00:00Z,42
2022-09-16 11:00:00Z,33
2022-09-17 11:00:00Z,29
2022-09-18 11:00:00Z,22
2022-09-19 11:00:00Z,23
2022-09-20 11:00:00Z,22
2022-09-21 11:00:00Z,18
2022-09-22 11:00:00Z,18
2022-09-23 11:00:00Z,19
2022-09-24 11:00:00Z,18
2022-09-25 11:00:00Z,21
2022-09-26 11:00:00Z,32
2022-09-27 11:00:00Z,37
2022-09-28 11:00:00Z,79
2022-09-29 11:00:00Z,104
2022-09-30 11:00:00Z,77
2022-10-01 11:00:00Z,106
2022-10-02 11:00:00Z,151
2022-10-03 11:00:00Z,105
2022-10-04 11:00:00Z,82
2022-10-05 11:00:00Z,81
2022-10-06 11:00:00Z,139
2022-10-07 11:00:00Z,139
2022-10-08 11:00:00Z,214
2022-10-09 11:00:00Z,159
2022-10-10 11:00:00Z,92
2022-10-11 11:00:00Z,73
2022-10-12 11:00:00Z,70
2022-10-13 11:00:00Z,68
2022-10-14 11:00:00Z,69
2022-10-15 11:00:00Z,85
2022-10-16 11:00:00Z,118
2022-10-17 11:00:00Z,125
2022-10-18 11:00:00Z,128
2022-10-19 11:00:00Z,131
2022-10-20 11:00:00Z,97
2022-10-21 11:00:00Z,87
2022-10-22 11:00:00Z,66
2022-10-23 11:00:00Z,51
2022-10-24 11:00:00Z,51
2022-10-25 11:00:00Z,70
2022-10-26 11:00:00Z,67
2022-10-27 11:00:00Z,72
2022-10-28 11:00:00Z,76
2022-10-29 11:00:00Z,82
2022-10-30 11:00:00Z,63
2022-10-31 11:00:00Z,68
2022-11-01 11:00:00Z,96
2022-11-02 11:00:00Z,133
2022-11-03 11:00:00Z,193
2022-11-04 11:00:00Z,289
2022-11-05 11:00:00Z,367
2022-11-06 11:00:00Z,323
2022-11-07 11:00:00Z,319
2022-11-08 11:00:00Z,330
2022-11-09 11:00:00Z,332
2022-11-10 11:00:00Z,307
2022-11-11 11:00:00Z,220
2022-11-12 11:00:00Z,159
2022-11-13 11:00:00Z,130
2022-11-14 11:00:00Z,125
2022-11-15 11:00:00Z,109
2022-11-16 11:00:00Z,110
2022-11-17 11:00:00Z,105
2022-11-18 11:00:00Z,86
2022-11-19 11:00:00Z,86
2022-11-20 11:00:00Z,100
2022-11-21 11:00:00Z,90
2022-11-22 11:00:00Z,87
2022-11-23 11:00:00Z,98
2022-11-24 11:00:00Z,181
2022-11-25 11:00:00Z,266
2022-11-26 11:00:00Z,359
2022-11-27 11:00:00Z,320
2022-11-28 11:00:00Z,324
2022-11-29 11:00:00Z,461
2022-11-30 11:00:00Z,335
2022-12-01 11:00:00Z,198
2022-12-02 11:00:00Z,133
2022-12-03 11:00:00Z,99
2022-12-04 11:00:00Z,69
2022-12-05 11:00:00Z,90
2022-12-06 11:00:00Z,89
2022-12-07 11:00:00Z,67
2022-12-08 11:00:00Z,71
2022-12-09 11:00:00Z,74
2022-12-10 11:00:00Z,72
2022-12-11 11:00:00Z,69
2022-12-12 11:00:00Z,68
2022-12-13 11:00:00Z,69
2022-12-14 11:00:00Z,69
2022-12-15 11:00:00Z,68
2022-12-16 11:00:00Z,68
2022-12-17 11:00:00Z,70
2022-12-18 11:00:00Z,62
2022-12-19 11:00:00Z,43
2022-12-20 11:00:00Z,61
2022-12-21 11:00:00Z,88
2022-12-22 11:00:00Z,125
2022-12-23 11:00:00Z,150
2022-12-24 11:00:00Z,111
2022-12-25 11:00:00Z,99
2022-12-26 11:00:00Z,124
2022-12-27 11:00:00Z,145
2022-12-28 11:00:00Z,120
2022-12-29 11:00:00Z,96
2022-12-30 11:00:00Z,113
2022-12-31 11:00:00Z,225
2023-01-01 11:00:00Z,209
2023-01-02 11:00:00Z,144
2023-01-03 11:00:00Z,116
2023-01-04 11:00:00Z,136
2023-01-05 11:00:00Z,128
2023-01-06 11:00:00Z,120
2023-01-07 11:00:00Z,118
2023-01-08 11:00:00Z,236
2023-01-09 11:00:00Z,338
2023-01-10 11:00:00Z,317
2023-01-11 11:00:00Z,295
2023-01-12 11:00:00Z,244
2023-01-13 11:00:00Z,213
2023-01-14 11:00:00Z,202
2023-01-15 11:00:00Z,183
2023-01-16 11:00:00Z,151
2023-01-17 11:00:00Z,126
2023-01-18 11:00:00Z,114
2023-01-19 11:00:00Z,101
2023-01-20 11:00:00Z,92
2023-01-21 11:00:00Z,85
2023-01-22 11:00:00Z,82
2023-01-23 11:00:00Z,80
2023-01-24 11:00:00Z,80
2023-01-25 11:00:00Z,90
2023-01-26 11:00:00Z,110
2023-01-27 11:00:00Z,104
2023-01-28 11:00:00Z,94
2023-01-29 11:00:00Z,88
2023-01-30 11:00:00Z,99
2023-01-31 11:00:00Z,99
2023-02-01 11:00:00Z,103
2023-02-02 11:00:00Z,106
2023-02-03 11:00:00Z,97
2023-02-04 11:00:00Z,90
2023-02-05 11:00:00Z,90
2023-02-06 11:00:00Z,89
2023-02-07 11:00:00Z,86
2023-02-08 11:00:00Z,90
2023-02-09 11:00:00Z,104
2023-02-10 11:00:00Z,116
2023-02-11 11:00:00Z,123
2023-02-12 11:00:00Z,128
2023-02-13 11:00:00Z,117
2023-02-14 11:00:00Z,110
2023-02-15 11:00:00Z,104
2023-02-16 11:00:00Z,98
2023-02-17 11:00:00Z,110
2023-02-18 11:00:00Z,139
2023-02-19 11:00:00Z,126
2023-02-20 11:00:00Z,133
2023-02-21 11:00:00Z,157
2023-02-22 11:00:00Z,136
2023-02-23 11:00:00Z,136
2023-02-24 11:00:00Z,128
2023-02-25 11:00:00Z,102
2023-02-26 11:00:00Z,98
2023-02-27 11:00:00Z,90
2023-02-28 11:00:00Z,85
2023-03-01 11:00:00Z,82
2023-03-02 11:00:00Z,78
2023-03-03 11:00:00Z,78
2023-03-04 11:00:00Z,75
2023-03-05 11:00:00Z,75
2023-03-06 11:00:00Z,74
2023-03-07 11:00:00Z,73
2023-03-08 11:00:00Z,71
2023-03-09 11:00:00Z,71
2023-03-10 11:00:00Z,70
2023-03-11 11:00:00Z,69
2023-03-12 11:00:00Z,69
2023-03-13 11:00:00Z,70
2023-03-14 11:00:00Z,76
2023-03-15 11:00:00Z,72
2023-03-16 11:00:00Z,73
2023-03-17 11:00:00Z,124
2023-03-18 11:00:00Z,137
2023-03-19 11:00:00Z,128
2023-03-20 11:00:00Z,122
2023-03-21 11:00:00Z,120
2023-03-22 11:00:00Z,135
2023-03-23 11:00:00Z,168
2023-03-24 11:00:00Z,166
2023-03-25 11:00:00Z,188
2023-03-26 11:00:00Z,170
2023-03-27 11:00:00Z,135
2023-03-28 11:00:00Z,114
2023-03-29 11:00:00Z,109
2023-03-30 11:00:00Z,100
2023-03-31 11:00:00Z,92
2023-04-01 11:00:00Z,71
2023-04-02 11:00:00Z,57
2023-04-03 11:00:00Z,69
2023-04-04 11:00:00Z,79
2023-04-05 11:00:00Z,79
2023-04-06 11:00:00Z,79
2023-04-07 11:00:00Z,78
2023-04-08 11:00:00Z,79
2023-04-09 11:00:00Z,81
2023-04-10 11:00:00Z,84
2023-04-11 11:00:00Z,116
2023-04-12 11:00:00Z,159
2023-04-13 11:00:00Z,195
2023-04-14 11:00:00Z,243
2023-04-15 11:00:00Z,210
2023-04-16 11:00:00Z,180
2023-04-17 11:00:00Z,153
2023-04-18 11:00:00Z,132
2023-04-19 11:00:00Z,120
2023-04-20 11:00:00Z,114
2023-04-21 11:00:00Z,109
2023-04-22 11:00:00Z,106
2023-04-23 11:00:00Z,107
2023-04-24 11:00:00Z,119
2023-04-25 11:00:00Z,129
2023-04-26 11:00:00Z,103
2023-04-27 11:00:00Z,94
2023-04-28 11:00:00Z,86
2023-04-29 11:00:00Z,84
2023-04-30 11:00:00Z,80
2023-05-01 11:00:00Z,83
2023-05-02 11:00:00Z,87
2023-05-03 11:00:00Z,83
2023-05-04 11:00:00Z,82
2023-05-05 11:00:00Z,84
2023-05-06 11:00:00Z,89
2023-05-07 11:00:00Z,85
2023-05-08 11:00:00Z,89
2023-05-09 11:00:00Z,103
2023-05-10 11:00:00Z,193
2023-05-11 11:00:00Z,263
2023-05-12 11:00:00Z,233
2023-05-13 11:00:00Z,194
2023-05-14 11:00:00Z,158
2023-05-15 11:00:00Z,119
2023-05-16 11:00:00Z,112
2023-05-17 11:00:00Z,111
2023-05-18 11:00:00Z,95
2023-05-19 11:00:00Z,91
2023-05-20 11:00:00Z,92
2023-05-21 11:00:00Z,90
2023-05-22 11:00:00Z,74
2023-05-23 11:00:00Z,84
2023-05-24 11:00:00Z,89
2023-05-25 11:00:00Z,99
2023-05-26 11:00:00Z,100
2023-05-27 11:00:00Z,94
2023-05-28 11:00:00Z,86
2023-05-29 11:00:00Z,78
2023-05-30 11:00:00Z,77
2023-05-31 11:00:00Z,77
2023-06-01 11:00:00Z,76
2023-06-02 11:00:00Z,84
2023-06-03 11:00:00Z,94
2023-06-04 11:00:00Z,63
2023-06-05 11:00:00Z,39
2023-06-06 11:00:00Z,35
2023-06-07 11:00:00Z,34
2023-06-08 11:00:00Z,27
2023-06-09 11:00:00Z,25
2023-06-10 11:00:00Z,24
2023-06-11 11:00:00Z,24
2023-06-12 11:00:00Z,25
2023-06-13 11:00:00Z,25
2023-06-14 11:00:00Z,24
2023-06-15 11:00:00Z,23
2023-06-16 11:00:00Z,23
2023-06-17 11:00:00Z,25
2023-06-18 11:00:00Z,24
2023-06-19 11:00:00Z,24
2023-06-20 11:00:00Z,24
2023-06-21 11:00:00Z,23
2023-06-22 11:00:00Z,23
2023-06-23 11:00:00Z,23
2023-06-24 11:00:00Z,23
2023-06-25 11:00:00Z,23
2023-06-26 11:00:00Z,25
2023-06-27 11:00:00Z,25
2023-06-28 11:00:00Z,25
2023-06-29 11:00:00Z,25
2023-06-30 11:00:00Z,25
2023-07-01 11:00:00Z,25
2023-07-02 11:00:00Z,26
2023-07-03 11:00:00Z,28
2023-07-04 11:00:00Z,41
2023-07-05 11:00:00Z,63
2023-07-06 11:00:00Z,56
2023-07-07 11:00:00Z,65
2023-07-08 11:00:00Z,66
2023-07-09 11:00:00Z,67
2023-07-10 11:00:00Z,79
2023-07-11 11:00:00Z,107
2023-07-12 11:00:00Z,118
2023-07-13 11:00:00Z,111
2023-07-14 11:00:00Z,104
2023-07-15 11:00:00Z,94
2023-07-16 11:00:00Z,87
2023-07-17 11:00:00Z,134
2023-07-18 11:00:00Z,147
2023-07-19 11:00:00Z,121
2023-07-20 11:00:00Z,95
2023-07-21 11:00:00Z,85
2023-07-22 11:00:00Z,79
2023-07-23 11:00:00Z,71
2023-07-24 11:00:00Z,69
2023-07-25 11:00:00Z,72
2023-07-26 11:00:00Z,71
2023-07-27 11:00:00Z,72
2023-07-28 11:00:00Z,73
2023-07-29 11:00:00Z,62
2023-07-30 11:00:00Z,39
2023-07-31 11:00:00Z,59
2023-08-01 11:00:00Z,69
2023-08-02 11:00:00Z,65
2023-08-03 11:00:00Z,33
2023-08-04 11:00:00Z,46
2023-08-05 11:00:00Z,48
2023-08-06 11:00:00Z,50
2023-08-07 11:00:00Z,28
2023-08-08 11:00:00Z,27
2023-08-09 11:00:00Z,27
2023-08-10 11:00:00Z,25
2023-08-11 11:00:00Z,31
2023-08-12 11:00:00Z,55
2023-08-13 11:00:00Z,60
2023-08-14 11:00:00Z,68
2023-08-15 11:00:00Z,73
2023-08-16 11:00:00Z,111
2023-08-17 11:00:00Z,98
2023-08-18 11:00:00Z,94
2023-08-19 11:00:00Z,80
2023-08-20 11:00:00Z,106
2023-08-21 11:00:00Z,100
2023-08-22 11:00:00Z,90
2023-08-23 11:00:00Z,84
2023-08-24 11:00:00Z,78
2023-08-25 11:00:00Z,86
2023-08-26 11:00:00Z,101
2023-08-27 11:00:00Z,95
2023-08-28 11:00:00Z,90
2023-08-29 11:00:00Z,83
2023-08-30 11:00:00Z,79
2023-08-31 11:00:00Z,86
2023-09-01 11:00:00Z,83
2023-09-02 11:00:00Z,79
2023-09-03 11:00:00Z,77
2023-09-04 11:00:00Z,75
2023-09-05 11:00:00Z,73
2023-09-06 11:00:00Z,71
2023-09-07 11:00:00Z,70
2023-09-08 11:00:00Z,69
2023-09-09 11:00:00Z,68
2023-09-10 11:00:00Z,68
2023-09-11 11:00:00Z,68
2023-09-12 11:00:00Z,68
2023-09-13 11:00:00Z,67
2023-09-14 11:00:00Z,67
2023-09-15 11:00:00Z,67
2023-09-16 11:00:00Z,67
2023-09-17 11:00:00Z,67
2023-09-18 11:00:00Z,90
2023-09-19 11:00:00Z,236
2023-09-20 11:00:00Z,311
2023-09-21 11:00:00Z,354
2023-09-22 11:00:00Z,419
2023-09-23 11:00:00Z,257
2023-09-24 11:00:00Z,162
2023-09-25 11:00:00Z,134
2023-09-26 11:00:00Z,148
2023-09-27 11:00:00Z,134
2023-09-28 11:00:00Z,114
2023-09-29 11:00:00Z,107
2023-09-30 11:00:00Z,58
2023-10-01 11:00:00Z,55
2023-10-02 11:00:00Z,58
2023-10-03 11:00:00Z,82
2023-10-04 11:00:00Z,46
2023-10-05 11:00:00Z,53
2023-10-06 11:00:00Z,69
2023-10-07 11:00:00Z,55
2023-10-08 11:00:00Z,77
2023-10-09 11:00:00Z,80
2023-10-10 11:00:00Z,84
2023-10-11 11:00:00Z,51
2023-10-12 11:00:00Z,43
2023-10-13 11:00:00Z,68
2023-10-14 11:00:00Z,140
2023-10-15 11:00:00Z,133
2023-10-16 11:00:00Z,111
2023-10-17 11:00:00Z,104
2023-10-18 11:00:00Z,95
2023-10-19 11:00:00Z,82
2023-10-20 11:00:00Z,59
2023-10-21 11:00:00Z,42
2023-10-22 11:00:00Z,46
2023-10-23 11:00:00Z,74
2023-10-24 11:00:00Z,73
2023-10-25 11:00:00Z,58
2023-10-26 11:00:00Z,69
2023-10-27 11:00:00Z,80
2023-10-28 11:00:00Z,77
2023-10-29 11:00:00Z,55
2023-10-30 11:00:00Z,51
2023-10-31 11:00:00Z,79
2023-11-01 11:00:00Z,75
2023-11-02 11:00:00Z,67
2023-11-03 11:00:00Z,176
2023-11-04 11:00:00Z,387
2023-11-05 11:00:00Z,503
2023-11-06 11:00:00Z,375
2023-11-07 11:00:00Z,239
2023-11-08 11:00:00Z,166
2023-11-09 11:00:00Z,122
2023-11-10 11:00:00Z,108
2023-11-11 11:00:00Z,104
2023-11-12 11:00:00Z,96
2023-11-13 11:00:00Z,90
2023-11-14 11:00:00Z,82
2023-11-15 11:00:00Z,83
2023-11-16 11:00:00Z,80
2023-11-17 11:00:00Z,75
2023-11-18 11:00:00Z,75
2023-11-19 11:00:00Z,56
2023-11-20 11:00:00Z,59
2023-11-21 11:00:00Z,76
2023-11-22 11:00:00Z,81
2023-11-23 11:00:00Z,111
2023-11-24 11:00:00Z,86
2023-11-25 11:00:00Z,59
2023-11-26 11:00:00Z,52
2023-11-27 11:00:00Z,56
2023-11-28 11:00:00Z,60
2023-11-29 11:00:00Z,70
2023-11-30 11:00:00Z,74
2023-12-01 11:00:00Z,74
2023-12-02 11:00:00Z,71
2023-12-03 11:00:00Z,66
2023-12-04 11:00:00Z,66
2023-12-05 11:00:00Z,66
2023-12-06 11:00:00Z,68
2023-12-07 11:00:00Z,69
2023-12-08 11:00:00Z,69
2023-12-09 11:00:00Z,50
2023-12-10 11:00:00Z,36
2023-12-11 11:00:00Z,46
2023-12-12 11:00:00Z,69
2023-12-13 11:00:00Z,70
2023-12-14 11:00:00Z,72
2023-12-15 11:00:00Z,71
2023-12-16 11:00:00Z,67
2023-12-17 11:00:00Z,84
2023-12-18 11:00:00Z,116
2023-12-19 11:00:00Z,119
2023-12-20 11:00:00Z,113
2023-12-21 11:00:00Z,90
2023-12-22 11:00:00Z,77
2023-12-23 11:00:00Z,54
2023-12-24 11:00:00Z,45
2023-12-25 11:00:00Z,44
2023-12-26 11:00:00Z,42
2023-12-27 11:00:00Z,40
2023-12-28 11:00:00Z,37
2023-12-29 11:00:00Z,47
2023-12-30 11:00:00Z,59
2023-12-31 11:00:00Z,53
2024-01-01 11:00:00Z,58
2024-01-02 11:00:00Z,50
2024-01-03 11:00:00Z,44
2024-01-04 11:00:00Z,43
2024-01-05 11:00:00Z,76
2024-01-06 11:00:00Z,78
2024-01-07 11:00:00Z,80
2024-01-08 11:00:00Z,91
2024-01-09 11:00:00Z,100
2024-01-10 11:00:00Z,103
2024-01-11 11:00:00Z,104
2024-01-12 11:00:00Z,104
2024-01-13 11:00:00Z,83
2024-01-14 11:00:00Z,47
2024-01-15 11:00:00Z,60
2024-01-16 11:00:00Z,77
2024-01-17 11:00:00Z,79
2024-01-18 11:00:00Z,80
2024-01-19 11:00:00Z,79
2024-01-20 11:00:00Z,80
2024-01-21 11:00:00Z,69
2024-01-22 11:00:00Z,202
2024-01-23 11:00:00Z,319
2024-01-24 11:00:00Z,296
2024-01-25 11:00:00Z,269
2024-01-26 11:00:00Z,223
2024-01-27 11:00:00Z,216
2024-01-28 11:00:00Z,171
2024-01-29 11:00:00Z,144
2024-01-30 11:00:00Z,133
2024-01-31 11:00:00Z,137
2024-02-01 11:00:00Z,167
2024-02-02 11:00:00Z,133
2024-02-03 11:00:00Z,129
2024-02-04 11:00:00Z,124
2024-02-05 11:00:00Z,126
2024-02-06 11:00:00Z,112
2024-02-07 11:00:00Z,93
2024-02-08 11:00:00Z,94
2024-02-09 11:00:00Z,86
2024-02-10 11:00:00Z,82
2024-02-11 11:00:00Z,80
2024-02-12 11:00:00Z,78
2024-02-13 11:00:00Z,77
2024-02-14 11:00:00Z,76
2024-02-15 11:00:00Z,76
2024-02-16 11:00:00Z,115
2024-02-17 11:00:00Z,122
2024-02-18 11:00:00Z,107
2024-02-19 11:00:00Z,99
2024-02-20 11:00:00Z,94
2024-02-21 11:00:00Z,99
2024-02-22 11:00:00Z,169
2024-02-23 11:00:00Z,236
2024-02-24 11:00:00Z,241
2024-02-25 11:00:00Z,195
2024-02-26 11:00:00Z,153
2024-02-27 11:00:00Z,118
2024-02-28 11:00:00Z,110
2024-02-29 11:00:00Z,164
2024-03-01 11:00:00Z,253
2024-03-02 11:00:00Z,291
2024-03-03 11:00:00Z,227
2024-03-04 11:00:00Z,182
2024-03-05 11:00:00Z,156
2024-03-06 11:00:00Z,131
2024-03-07 11:00:00Z,108
2024-03-08 11:00:00Z,95
2024-03-09 11:00:00Z,81
2024-03-10 11:00:00Z,54
2024-03-11 11:00:00Z,74
2024-03-12 11:00:00Z,80
2024-03-13 11:00:00Z,81
2024-03-14 11:00:00Z,110
2024-03-15 11:00:00Z,128
2024-03-16 11:00:00Z,156
2024-03-17 11:00:00Z,145
2024-03-18 11:00:00Z,118
2024-03-19 11:00:00Z,103
2024-03-20 11:00:00Z,101
2024-03-21 11:00:00Z,98
2024-03-22 11:00:00Z,96
2024-03-23 11:00:00Z,90
2024-03-24 11:00:00Z,85
2024-03-25 11:00:00Z,109
2024-03-26 11:00:00Z,105
2024-03-27 11:00:00Z,101
2024-03-28 11:00:00Z,100
2024-03-29 11:00:00Z,126
2024-03-30 11:00:00Z,148
2024-03-31 11:00:00Z,177
2024-04-01 11:00:00Z,203
2024-04-02 11:00:00Z,155
2024-04-03 11:00:00Z,123
2024-04-04 11:00:00Z,106
2024-04-05 11:00:00Z,96
2024-04-06 11:00:00Z,94
2024-04-07 11:00:00Z,98
2024-04-08 11:00:00Z,149
2024-04-09 11:00:00Z,169
2024-04-10 11:00:00Z,190
2024-04-11 11:00:00Z,225
2024-04-12 11:00:00Z,215
2024-04-13 11:00:00Z,204
2024-04-14 11:00:00Z,169
2024-04-15 11:00:00Z,174
2024-04-16 11:00:00Z,136
2024-04-17 11:00:00Z,106
2024-04-18 11:00:00Z,102
2024-04-19 11:00:00Z,91
2024-04-20 11:00:00Z,86
2024-04-21 11:00:00Z,83
2024-04-22 11:00:00Z,80
2024-04-23 11:00:00Z,78
2024-04-24 11:00:00Z,75
2024-04-25 11:00:00Z,75
2024-04-26 11:00:00Z,75
2024-04-27 11:00:00Z,79
2024-04-28 11:00:00Z,82
2024-04-29 11:00:00Z,94
2024-04-30 11:00:00Z,109
2024-05-01 11:00:00Z,132
2024-05-02 11:00:00Z,132
2024-05-03 11:00:00Z,127
2024-05-04 11:00:00Z,136
2024-05-05 11:00:00Z,127
2024-05-06 11:00:00Z,109
2024-05-07 11:00:00Z,108
2024-05-08 11:00:00Z,98
2024-05-09 11:00:00Z,87
2024-05-10 11:00:00Z,94
2024-05-11 11:00:00Z,91
2024-05-12 11:00:00Z,83
2024-05-13 11:00:00Z,86
2024-05-14 11:00:00Z,78
2024-05-15 11:00:00Z,74
2024-05-16 11:00:00Z,76
2024-05-17 11:00:00Z,76
2024-05-18 11:00:00Z,76
2024-05-19 11:00:00Z,76
2024-05-20 11:00:00Z,74
2024-05-21 11:00:00Z,75
2024-05-22 11:00:00Z,78
2024-05-23 11:00:00Z,71
2024-05-24 11:00:00Z,74
2024-05-25 11:00:00Z,76
2024-05-26 11:00:00Z,90
2024-05-27 11:00:00Z,109
2024-05-28 11:00:00Z,126
2024-05-29 11:00:00Z,143
2024-05-30 11:00:00Z,157
2024-05-31 11:00:00Z,187
2024-06-01 11:00:00Z,179
2024-06-02 11:00:00Z,136
2024-06-03 11:00:00Z,95
2024-06-04 11:00:00Z,85
2024-06-05 11:00:00Z,99
2024-06-06 11:00:00Z,104
2024-06-07 11:00:00Z,100
2024-06-08 11:00:00Z,90
2024-06-09 11:00:00Z,82
2024-06-10 11:00:00Z,73
2024-06-11 11:00:00Z,60
2024-06-12 11:00:00Z,109
2024-06-13 11:00:00Z,125
2024-06-14 11:00:00Z,111
2024-06-15 11:00:00Z,131
2024-06-16 11:00:00Z,165
2024-06-17 11:00:00Z,180
2024-06-18 11:00:00Z,245
2024-06-19 11:00:00Z,272
2024-06-20 11:00:00Z,227
2024-06-21 11:00:00Z,151
2024-06-22 11:00:00Z,98
2024-06-23 11:00:00Z,87
2024-06-24 11:00:00Z,80
2024-06-25 11:00:00Z,72
2024-06-26 11:00:00Z,64
2024-06-27 11:00:00Z,70
2024-06-28 11:00:00Z,67
2024-06-29 11:00:00Z,68
2024-06-30 11:00:00Z,62
2024-07-01 11:00:00Z,65
2024-07-02 11:00:00Z,66
2024-07-03 11:00:00Z,66
2024-07-04 11:00:00Z,68
2024-07-05 11:00:00Z,73
2024-07-06 11:00:00Z,83
2024-07-07 11:00:00Z,58
2024-07-08 11:00:00Z,85
2024-07-09 11:00:00Z,88
2024-07-10 11:00:00Z,94
2024-07-11 11:00:00Z,120
2024-07-12 11:00:00Z,136
2024-07-13 11:00:00Z,114
2024-07-14 11:00:00Z,104
2024-07-15 11:00:00Z,125
2024-07-16 11:00:00Z,126
2024-07-17 11:00:00Z,120
2024-07-18 11:00:00Z,113
2024-07-19 11:00:00Z,107
2024-07-20 11:00:00Z,98
2024-07-21 11:00:00Z,57
2024-07-22 11:00:00Z,74
2024-07-23 11:00:00Z,72
2024-07-24 11:00:00Z,72
2024-07-25 11:00:00Z,70
2024-07-26 11:00:00Z,74
2024-07-27 11:00:00Z,76
2024-07-28 11:00:00Z,63
2024-07-29 11:00:00Z,63
2024-07-30 11:00:00Z,72
2024-07-31 11:00:00Z,71
2024-08-01 11:00:00Z,68
2024-08-02 11:00:00Z,71
2024-08-03 11:00:00Z,57
2024-08-04 11:00:00Z,35
2024-08-05 11:00:00Z,58
2024-08-06 11:00:00Z,61
2024-08-07 11:00:00Z,58
2024-08-08 11:00:00Z,61
2024-08-09 11:00:00Z,58
2024-08-10 11:00:00Z,48
2024-08-11 11:00:00Z,52
2024-08-12 11:00:00Z,60
2024-08-13 11:00:00Z,74
2024-08-14 11:00:00Z,73
2024-08-15 11:00:00Z,74
2024-08-16 11:00:00Z,90
2024-08-17 11:00:00Z,88
2024-08-18 11:00:00Z,84
2024-08-19 11:00:00Z,70
2024-08-20 11:00:00Z,107
2024-08-21 11:00:00Z,127
2024-08-22 11:00:00Z,125
2024-08-23 11:00:00Z,175
2024-08-24 11:00:00Z,189
2024-08-25 11:00:00Z,187
2024-08-26 11:00:00Z,184
2024-08-27 11:00:00Z,177
2024-08-28 11:00:00Z,132
2024-08-29 11:00:00Z,103
2024-08-30 11:00:00Z,88
2024-08-31 11:00:00Z,55
2024-09-01 11:00:00Z,50
2024-09-02 11:00:00Z,69
2024-09-03 11:00:00Z,82
2024-09-04 11:00:00Z,126
2024-09-05 11:00:00Z,154
2024-09-06 11:00:00Z,131
2024-09-07 11:00:00Z,144
2024-09-08 11:00:00Z,103
2024-09-09 11:00:00Z,94
2024-09-10 11:00:00Z,87
2024-09-11 11:00:00Z,101
2024-09-12 11:00:00Z,116
2024-09-13 11:00:00Z,109
2024-09-14 11:00:00Z,97
2024-09-15 11:00:00Z,87
2024-09-16 11:00:00Z,86
2024-09-17 11:00:00Z,85
2024-09-18 11:00:00Z,81
2024-09-19 11:00:00Z,78
2024-09-20 11:00:00Z,76
2024-09-21 11:00:00Z,73
2024-09-22 11:00:00Z,69
2024-09-23 11:00:00Z,71
2024-09-24 11:00:00Z,73
2024-09-25 11:00:00Z,82
2024-09-26 11:00:00Z,83
2024-09-27 11:00:00Z,67
2024-09-28 11:00:00Z,45
2024-09-29 11:00:00Z,59
2024-09-30 11:00:00Z,63
2024-10-01 11:00:00Z,37
2024-10-02 11:00:00Z,47
2024-10-03 11:00:00Z,67
2024-10-04 11:00:00Z,69
2024-10-05 11:00:00Z,69
2024-10-06 11:00:00Z,74
2024-10-07 11:00:00Z,75
2024-10-08 11:00:00Z,63
2024-10-09 11:00:00Z,93
2024-10-10 11:00:00Z,115
2024-10-11 11:00:00Z,99
2024-10-12 11:00:00Z,99
2024-10-13 11:00:00Z,103
2024-10-14 11:00:00Z,126
2024-10-15 11:00:00Z,114
2024-10-16 11:00:00Z,87
2024-10-17 11:00:00Z,50
2024-10-18 11:00:00Z,77
2024-10-19 11:00:00Z,90
2024-10-20 11:00:00Z,171
2024-10-21 11:00:00Z,251
2024-10-22 11:00:00Z,219
2024-10-23 11:00:00Z,142
2024-10-24 11:00:00Z,81
2024-10-25 11:00:00Z,61
2024-10-26 11:00:00Z,85
2024-10-27 11:00:00Z,138
2024-10-28 11:00:00Z,139
2024-10-29 11:00:00Z,115
2024-10-30 11:00:00Z,100
2024-10-31 11:00:00Z,66
2024-11-01 11:00:00Z,43
2024-11-02 11:00:00Z,47
2024-11-03 11:00:00Z,48
2024-11-04 11:00:00Z,64
2024-11-05 11:00:00Z,74
2024-11-06 11:00:00Z,69
2024-11-07 11:00:00Z,72
2024-11-08 11:00:00Z,69
2024-11-09 11:00:00Z,51
2024-11-10 11:00:00Z,42
2024-11-11 11:00:00Z,65
2024-11-12 11:00:00Z,64
2024-11-13 11:00:00Z,72
2024-11-14 11:00:00Z,57
2024-11-15 11:00:00Z,41
2024-11-16 11:00:00Z,33
2024-11-17 11:00:00Z,33
2024-11-18 11:00:00Z,45
2024-11-19 11:00:00Z,67
2024-11-20 11:00:00Z,70
2024-11-21 11:00:00Z,70
2024-11-22 11:00:00Z,69
2024-11-23 11:00:00Z,66
2024-11-24 11:00:00Z,67
2024-11-25 11:00:00Z,167
2024-11-26 11:00:00Z,178
2024-11-27 11:00:00Z,197
2024-11-28 11:00:00Z,146
2024-11-29 11:00:00Z,107
2024-11-30 11:00:00Z,79
2024-12-01 11:00:00Z,71
2024-12-02 11:00:00Z,121
2024-12-03 11:00:00Z,133
2024-12-04 11:00:00Z,116
2024-12-05 11:00:00Z,121
2024-12-06 11:00:00Z,187
2024-12-07 11:00:00Z,142
2024-12-08 11:00:00Z,137
2024-12-09 11:00:00Z,110
2024-12-10 11:00:00Z,99
2024-12-11 11:00:00Z,94
2024-12-12 11:00:00Z,89
2024-12-13 11:00:00Z,84
2024-12-14 11:00:00Z,70
2024-12-15 11:00:00Z,42
2024-12-16 11:00:00Z,59
2024-12-17 11:00:00Z,105
2024-12-18 11:00:00Z,132
2024-12-19 11:00:00Z,173
2024-12-20 11:00:00Z,149
2024-12-21 11:00:00Z,117
2024-12-22 11:00:00Z,113
2024-12-23 11:00:00Z,115
2024-12-24 11:00:00Z,115
2024-12-25 11:00:00Z,99
2024-12-26 11:00:00Z,84
2024-12-27 11:00:00Z,86
2024-12-28 11:00:00Z,88
2024-12-29 11:00:00Z,86
2024-12-30 11:00:00Z,72
2024-12-31 11:00:00Z,68
2025-01-01 11:00:00Z,89
2025-01-02 11:00:00Z,92
2025-01-03 11:00:00Z,95
2025-01-04 11:00:00Z,88
2025-01-05 11:00:00Z,83
2025-01-06 11:00:00Z,79
2025-01-07 11:00:00Z,64
2025-01-08 11:00:00Z,64
2025-01-09 11:00:00Z,79
2025-01-10 11:00:00Z,80
2025-01-11 11:00:00Z,78
2025-01-12 11:00:00Z,75
2025-01-13 11:00:00Z,75
2025-01-14 11:00:00Z,94
2025-01-15 11:00:00Z,111
2025-01-16 11:00:00Z,109
2025-01-17 11:00:00Z,108
2025-01-18 11:00:00Z,113
2025-01-19 11:00:00Z,119
2025-01-20 11:00:00Z,108
2025-01-21 11:00:00Z,99
2025-01-22 11:00:00Z,91
2025-01-23 11:00:00Z,89
2025-01-24 11:00:00Z,101
2025-01-25 11:00:00Z,174
2025-01-26 11:00:00Z,149
2025-01-27 11:00:00Z,121
2025-01-28 11:00:00Z,131
2025-01-29 11:00:00Z,160
2025-01-30 11:00:00Z,137
2025-01-31 11:00:00Z,119
2025-02-01 11:00:00Z,102
2025-02-02 11:00:00Z,94
2025-02-03 11:00:00Z,88
2025-02-04 11:00:00Z,86
2025-02-05 11:00:00Z,103
2025-02-06 11:00:00Z,108
2025-02-07 11:00:00Z,100
2025-02-08 11:00:00Z,94
2025-02-09 11:00:00Z,89
2025-02-10 11:00:00Z,84
2025-02-11 11:00:00Z,80
2025-02-12 11:00:00Z,79
2025-02-13 11:00:00Z,78
2025-02-14 11:00:00Z,78
2025-02-15 11:00:00Z,76
2025-02-16 11:00:00Z,72
2025-02-17 11:00:00Z,79
2025-02-18 11:00:00Z,81
2025-02-19 11:00:00Z,81
2025-02-20 11:00:00Z,73
2025-02-21 11:00:00Z,81
2025-02-22 11:00:00Z,130
2025-02-23 11:00:00Z,176
2025-02-24 11:00:00Z,251
2025-02-25 11:00:00Z,316
2025-02-26 11:00:00Z,243
2025-02-27 11:00:00Z,178
2025-02-28 11:00:00Z,135
2025-03-01 11:00:00Z,109
2025-03-02 11:00:00Z,104
2025-03-03 11:00:00Z,91
2025-03-04 11:00:00Z,91
2025-03-05 11:00:00Z,99
2025-03-06 11:00:00Z,129
2025-03-07 11:00:00Z,166
2025-03-08 11:00:00Z,133
2025-03-09 11:00:00Z,101
2025-03-10 11:00:00Z,88
2025-03-11 11:00:00Z,83
2025-03-12 11:00:00Z,86
2025-03-13 11:00:00Z,85
2025-03-14 11:00:00Z,82
2025-03-15 11:00:00Z,78
2025-03-16 11:00:00Z,77
2025-03-17 11:00:00Z,74
2025-03-18 11:00:00Z,75
2025-03-19 11:00:00Z,71
2025-03-20 11:00:00Z,71
2025-03-21 11:00:00Z,67
2025-03-22 11:00:00Z,47
2025-03-23 11:00:00Z,36
2025-03-24 11:00:00Z,40
2025-03-25 11:00:00Z,42
2025-03-26 11:00:00Z,39
2025-03-27 11:00:00Z,45
2025-03-28 11:00:00Z,42
2025-03-29 11:00:00Z,69
2025-03-30 11:00:00Z,72
2025-03-31 11:00:00Z,77
2025-04-01 11:00:00Z,79
2025-04-02 11:00:00Z,82
2025-04-03 11:00:00Z,73
2025-04-04 11:00:00Z,62
2025-04-05 11:00:00Z,65
2025-04-06 11:00:00Z,62
2025-04-07 11:00:00Z,62
2025-04-08 11:00:00Z,70
2025-04-09 11:00:00Z,70
2025-04-10 11:00:00Z,58
2025-04-11 11:00:00Z,28
2025-04-12 11:00:00Z,33
2025-04-13 11:00:00Z,34
2025-04-14 11:00:00Z,60
2025-04-15 11:00:00Z,65
2025-04-16 11:00:00Z,64
2025-04-17 11:00:00Z,59
2025-04-18 11:00:00Z,53
2025-04-19 11:00:00Z,46
2025-04-20 11:00:00Z,43
2025-04-21 11:00:00Z,53
2025-04-22 11:00:00Z,67
2025-04-23 11:00:00Z,66
2025-04-24 11:00:00Z,71
2025-04-25 11:00:00Z,69
2025-04-26 11:00:00Z,55
2025-04-27 11:00:00Z,36
2025-04-28 11:00:00Z,38
2025-04-29 11:00:00Z,37
2025-04-30 11:00:00Z,38
2025-05-01 11:00:00Z,37
2025-05-02 11:00:00Z,37
2025-05-03 11:00:00Z,28
2025-05-04 11:00:00Z,22
2025-05-05 11:00:00Z,30
2025-05-06 11:00:00Z,38
2025-05-07 11:00:00Z,31
2025-05-08 11:00:00Z,39
2025-05-09 11:00:00Z,36
2025-05-10 11:00:00Z,35
2025-05-11 11:00:00Z,25
2025-05-12 11:00:00Z,22
2025-05-13 11:00:00Z,32
2025-05-14 11:00:00Z,34
2025-05-15 11:00:00Z,31
2025-05-16 11:00:00Z,30
2025-05-17 11:00:00Z,24
2025-05-18 11:00:00Z,21
2025-05-19 11:00:00Z,28
2025-05-20 11:00:00Z,35
2025-05-21 11:00:00Z,32
2025-05-22 11:00:00Z,24
2025-05-23 11:00:00Z,30
2025-05-24 11:00:00Z,34
2025-05-25 11:00:00Z,23
2025-05-26 11:00:00Z,23
2025-05-27 11:00:00Z,39
2025-05-28 11:00:00Z,56
2025-05-29 11:00:00Z,45
2025-05-30 11:00:00Z,36
2025-05-31 11:00:00Z,37
2025-06-01 11:00:00Z,36
2025-06-02 11:00:00Z,39
2025-06-03 11:00:00Z,38
2025-06-04 11:00:00Z,44
2025-06-05 11:00:00Z,46
2025-06-06 11:00:00Z,52
2025-06-07 11:00:00Z,67
2025-06-08 11:00:00Z,58
2025-06-09 11:00:00Z,49
2025-06-10 11:00:00Z,48
2025-06-11 11:00:00Z,64
2025-06-12 11:00:00Z,56
2025-06-13 11:00:00Z,36
2025-06-14 11:00:00Z,30
2025-06-15 11:00:00Z,30
2025-06-16 11:00:00Z,30
2025-06-17 11:00:00Z,25
2025-06-18 11:00:00Z,25
2025-06-19 11:00:00Z,25
2025-06-20 11:00:00Z,24
2025-06-21 11:00:00Z,35
2025-06-22 11:00:00Z,34
2025-06-23 11:00:00Z,32
2025-06-24 11:00:00Z,26
2025-06-25 11:00:00Z,28
2025-06-26 11:00:00Z,35
2025-06-27 11:00:00Z,35
2025-06-28 11:00:00Z,25
2025-06-29 11:00:00Z,26
2025-06-30 11:00:00Z,26
2025-07-01 11:00:00Z,33
2025-07-02 11:00:00Z,34
2025-07-03 11:00:00Z,31
2025-07-04 11:00:00Z,34
2025-07-05 11:00:00Z,32
2025-07-06 11:00:00Z,27
2025-07-07 11:00:00Z,30
2025-07-08 11:00:00Z,32
2025-07-09 11:00:00Z,35
2025-07-10 11:00:00Z,34
2025-07-11 11:00:00Z,34
2025-07-12 11:00:00Z,31
2025-07-13 11:00:00Z,27
2025-07-14 11:00:00Z,28
2025-07-15 11:00:00Z,31
2025-07-16 11:00:00Z,29
2025-07-17 11:00:00Z,25
2025-07-18 11:00:00Z,25
2025-07-19 11:00:00Z,24
2025-07-20 11:00:00Z,24
2025-07-21 11:00:00Z,24
2025-07-22 11:00:00Z,29
2025-07-23 11:00:00Z,31
2025-07-24 11:00:00Z,32
2025-07-25 11:00:00Z,36
2025-07-26 11:00:00Z,30
2025-07-27 11:00:00Z,29
2025-07-28 11:00:00Z,27
2025-07-29 11:00:00Z,26
2025-07-30 11:00:00Z,27
2025-07-31 11:00:00Z,27
2025-08-01 11:00:00Z,26
2025-08-02 11:00:00Z,25
2025-08-03 11:00:00Z,25
2025-08-04 11:00:00Z,32
2025-08-05 11:00:00Z,65
2025-08-06 11:00:00Z,93
2025-08-07 11:00:00Z,88
2025-08-08 11:00:00Z,52
2025-08-09 11:00:00Z,41
2025-08-10 11:00:00Z,45
2025-08-11 11:00:00Z,46
2025-08-12 11:00:00Z,35
2025-08-13 11:00:00Z,31
2025-08-14 11:00:00Z,29
2025-08-15 11:00:00Z,30
2025-08-16 11:00:00Z,28
2025-08-17 11:00:00Z,24
2025-08-18 11:00:00Z,24
2025-08-19 11:00:00Z,25
2025-08-20 11:00:00Z,24
2025-08-21 11:00:00Z,22
2025-08-22 11:00:00Z,19
2025-08-23 11:00:00Z,20
2025-08-24 11:00:00Z,20
2025-08-25 11:00:00Z,26
2025-08-26 11:00:00Z,24
2025-08-27 11:00:00Z,23
2025-08-28 11:00:00Z,23
2025-08-29 11:00:00Z,29
2025-08-30 11:00:00Z,43
2025-08-31 11:00:00Z,50
2025-09-01 11:00:00Z,88
2025-09-02 11:00:00Z,136
2025-09-03 11:00:00Z,198
2025-09-04 11:00:00Z,408
2025-09-05 11:00:00Z,376
2025-09-06 11:00:00Z,227
2025-09-07 11:00:00Z,137
2025-09-08 11:00:00Z,90
2025-09-09 11:00:00Z,77
2025-09-10 11:00:00Z,98
2025-09-11 11:00:00Z,149
2025-09-12 11:00:00Z,142
2025-09-13 11:00:00Z,184
2025-09-14 11:00:00Z,294
2025-09-15 11:00:00Z,372
2025-09-16 11:00:00Z,361
2025-09-17 11:00:00Z,258
2025-09-18 11:00:00Z,160
2025-09-19 11:00:00Z,111
2025-09-20 11:00:00Z,102
2025-09-21 11:00:00Z,98
2025-09-22 11:00:00Z,89
2025-09-23 11:00:00Z,84
2025-09-24 11:00:00Z,81
2025-09-25 11:00:00Z,80
2025-09-26 11:00:00Z,77
2025-09-27 11:00:00Z,76
2025-09-28 11:00:00Z,74
2025-09-29 11:00:00Z,70
2025-09-30 11:00:00Z,74
2025-10-01 11:00:00Z,76
2025-10-02 11:00:00Z,74
2025-10-03 11:00:00Z,79
2025-10-04 11:00:00Z,231
2025-10-05 11:00:00Z,329
2025-10-06 11:00:00Z,281
2025-10-07 11:00:00Z,177
2025-10-08 11:00:00Z,119
2025-10-09 11:00:00Z,106
2025-10-10 11:00:00Z,90
2025-10-11 11:00:00Z,81
2025-10-12 11:00:00Z,80
2025-10-13 11:00:00Z,63
2025-10-14 11:00:00Z,93
2025-10-15 11:00:00Z,77
2025-10-16 11:00:00Z,75
2025-10-17 11:00:00Z,74
2025-10-18 11:00:00Z,74
2025-10-19 11:00:00Z,70
2025-10-20 11:00:00Z,72
2025-10-21 11:00:00Z,76
2025-10-22 11:00:00Z,125
2025-10-23 11:00:00Z,142
2025-10-24 11:00:00Z,169
2025-10-25 11:00:00Z,192
2025-10-26 11:00:00Z,168
2025-10-27 11:00:00Z,133
2025-10-28 11:00:00Z,98
2025-10-29 11:00:00Z,100
2025-10-30 11:00:00Z,91
2025-10-31 11:00:00Z,88
2025-11-01 11:00:00Z,139
2025-11-02 11:00:00Z,240
2025-11-03 11:00:00Z,189
2025-11-04 11:00:00Z,192
2025-11-05 11:00:00Z,200
2025-11-06 11:00:00Z,167
2025-11-07 11:00:00Z,129
2025-11-08 11:00:00Z,114
2025-11-09 11:00:00Z,99
2025-11-10 11:00:00Z,90
2025-11-11 11:00:00Z,89
2025-11-12 11:00:00Z,151
2025-11-13 11:00:00Z,182
2025-11-14 11:00:00Z,147
2025-11-15 11:00:00Z,115
2025-11-16 11:00:00Z,98
2025-11-17 11:00:00Z,91
2025-11-18 11:00:00Z,83
2025-11-19 11:00:00Z,82
2025-11-20 11:00:00Z,77
2025-11-21 11:00:00Z,74
2025-11-22 11:00:00Z,74
2025-11-23 11:00:00Z,83
2025-11-24 11:00:00Z,104
2025-11-25 11:00:00Z,95
2025-11-26 11:00:00Z,88
2025-11-27 11:00:00Z,93
2025-11-28 11:00:00Z,117
2025-11-29 11:00:00Z,136
2025-11-30 11:00:00Z,158
2025-12-01 11:00:00Z,207
2025-12-02 11:00:00Z,351
2025-12-03 11:00:00Z,345
2025-12-04 11:00:00Z,234
2025-12-05 11:00:00Z,193
2025-12-06 11:00:00Z,153
2025-12-07 11:00:00Z,137
2025-12-08 11:00:00Z,157
2025-12-09 11:00:00Z,188
2025-12-10 11:00:00Z,218
2025-12-11 11:00:00Z,231
2025-12-12 11:00:00Z,234
2025-12-13 11:00:00Z,201
2025-12-14 11:00:00Z,177
2025-12-15 11:00:00Z,205
2025-12-16 11:00:00Z,232
2025-12-17 11:00:00Z,256
2025-12-18 11:00:00Z,265
2025-12-19 11:00:00Z,389
2025-12-20 11:00:00Z,388
2025-12-21 11:00:00Z,324
2025-12-22 11:00:00Z,237
2025-12-23 11:00:00Z,172
2025-12-24 11:00:00Z,110
2025-12-25 11:00:00Z,89
2025-12-26 11:00:00Z,85
2025-12-27 11:00:00Z,82
2025-12-28 11:00:00Z,80
2025-12-29 11:00:00Z,77
2025-12-30 11:00:00Z,77
2025-12-31 11:00:00Z,77
2026-01-01 11:00:00Z,75
2026-01-02 11:00:00Z,66
2026-01-03 11:00:00Z,71
2026-01-04 11:00:00Z,73
2026-01-05 11:00:00Z,71
2026-01-06 11:00:00Z,71
2026-01-07 11:00:00Z,73
2026-01-08 11:00:00Z,71
2026-01-09 11:00:00Z,69
2026-01-10 11:00:00Z,71
2026-01-11 11:00:00Z,69
2026-01-12 11:00:00Z,73
2026-01-13 11:00:00Z,69
2026-01-14 11:00:00Z,73
2026-01-15 11:00:00Z,72
2026-01-16 11:00:00Z,97
2026-01-17 11:00:00Z,134
2026-01-18 11:00:00Z,126
2026-01-19 11:00:00Z,122
2026-01-20 11:00:00Z,110
2026-01-21 11:00:00Z,98
2026-01-22 11:00:00Z,84
2026-01-23 11:00:00Z,67
2026-01-24 11:00:00Z,63
2026-01-25 11:00:00Z,62
2026-01-26 11:00:00Z,72
2026-01-27 11:00:00Z,74
2026-01-28 11:00:00Z,72
2026-01-29 11:00:00Z,72
2026-01-30 11:00:00Z,72
2026-01-31 11:00:00Z,56
2026-02-01 11:00:00Z,40
2026-02-02 11:00:00Z,46
2026-02-03 11:00:00Z,63
2026-02-04 11:00:00Z,62
2026-02-05 11:00:00Z,62
2026-02-06 11:00:00Z,65
2026-02-07 11:00:00Z,57
2026-02-08 11:00:00Z,47
2026-02-09 11:00:00Z,55
2026-02-10 11:00:00Z,62
2026-02-11 11:00:00Z,64
2026-02-12 11:00:00Z,62
2026-02-13 11:00:00Z,61
2026-02-14 11:00:00Z,54
2026-02-15 11:00:00Z,35
2026-02-16 11:00:00Z,41
2026-02-17 11:00:00Z,57
2026-02-18 11:00:00Z,66
2026-02-19 11:00:00Z,69
2026-02-20 11:00:00Z,68
2026-02-21 11:00:00Z,50
2026-02-22 11:00:00Z,41
2026-02-23 11:00:00Z,50
2026-02-24 11:00:00Z,65
2026-02-25 11:00:00Z,69
2026-02-26 11:00:00Z,71
2026-02-27 11:00:00Z,92
2026-02-28 11:00:00Z,70
2026-03-01 11:00:00Z,62
2026-03-02 11:00:00Z,60
2026-03-03 11:00:00Z,84
2026-03-04 11:00:00Z,106
2026-03-05 11:00:00Z,101
2026-03-06 11:00:00Z,94
2026-03-07 11:00:00Z,84
2026-03-08 11:00:00Z,102
2026-03-09 11:00:00Z,109
2026-03-10 11:00:00Z,120
2026-03-11 11:00:00Z,113
2026-03-12 11:00:00Z,152
2026-03-13 11:00:00Z,374
2026-03-14 11:00:00Z,349
2026-03-15 11:00:00Z,218
2026-03-16 11:00:00Z,201
2026-03-17 11:00:00Z,179
2026-03-18 11:00:00Z,147
2026-03-19 11:00:00Z,145
2026-03-20 11:00:00Z,136
2026-03-21 11:00:00Z,120
2026-03-22 11:00:00Z,100
2026-03-23 11:00:00Z,89
2026-03-24 11:00:00Z,80
2026-03-25 11:00:00Z,70
2026-03-26 11:00:00Z,70
2026-03-27 11:00:00Z,94
2026-03-28 11:00:00Z,85
2026-03-29 11:00:00Z,59
2026-03-30 11:00:00Z,62
2026-03-31 11:00:00Z,81
2026-04-01 11:00:00Z,94
2026-04-02 11:00:00Z,95
2026-04-03 11:00:00Z,90
2026-04-04 11:00:00Z,76
2026-04-05 11:00:00Z,118
2026-04-06 11:00:00Z,169
2026-04-07 11:00:00Z,130
2026-04-08 11:00:00Z,113
2026-04-09 11:00:00Z,89
2026-04-10 11:00:00Z,83
2026-04-11 11:00:00Z,68
2026-04-12 11:00:00Z,79
2026-04-13 11:00:00Z,116
2026-04-14 11:00:00Z,147
2026-04-15 11:00:00Z,170
2026-04-16 11:00:00Z,150
2026-04-17 11:00:00Z,125
2026-04-18 11:00:00Z,109
2026-04-19 11:00:00Z,129
2026-04-20 11:00:00Z,138
2026-04-21 11:00:00Z,134
2026-04-22 11:00:00Z,108
2026-04-23 11:00:00Z,98
2026-04-24 11:00:00Z,74
2026-04-25 11:00:00Z,57
2026-04-26 11:00:00Z,42
2026-04-27 11:00:00Z,76
2026-04-28 11:00:00Z,80
2026-04-29 11:00:00Z,70
2026-04-30 11:00:00Z,59
2026-05-01 11:00:00Z,30
2026-05-02 11:00:00Z,30
2026-05-03 11:00:00Z,32
2026-05-04 11:00:00Z,32
2026-05-05 11:00:00Z,43
2026-05-06 11:00:00Z,44
2026-05-07 11:00:00Z,49
2026-05-08 11:00:00Z,58
2026-05-09 11:00:00Z,66
2026-05-10 11:00:00Z,64
2026-05-11 11:00:00Z,60
2026-05-12 11:00:00Z,65
2026-05-13 11:00:00Z,67
2026-05-14 11:00:00Z,66
2026-05-15 11:00:00Z,67
2026-05-16 11:00:00Z,95
2026-05-17 11:00:00Z,121
2026-05-18 11:00:00Z,135
2026-05-19 11:00:00Z,150
2026-05-20 11:00:00Z,144
2026-05-21 11:00:00Z,140
2026-05-22 11:00:00Z,120
2026-05-23 11:00:00Z,99
2026-05-24 11:00:00Z,81
2026-05-25 11:00:00Z,73
2026-05-26 11:00:00Z,68
2026-05-27 11:00:00Z,62
2026-05-28 11:00:00Z,65
2026-05-29 11:00:00Z,63
2026-05-30 11:00:00Z,61
2026-05-31 11:00:00Z,60
2026-06-01 11:00:00Z,70
2026-06-02 11:00:00Z,62
2026-06-03 11:00:00Z,66
2026-06-04 11:00:00Z,104
2026-06-05 11:00:00Z,152
2026-06-06 11:00:00Z,174
2026-06-07 11:00:00Z,128
2026-06-08 11:00:00Z,95
2026-06-09 11:00:00Z,133
2026-06-10 11:00:00Z,199
2026-06-11 11:00:00Z,172
2026-06-12 11:00:00Z,135
2026-06-13 11:00:00Z,98
2026-06-14 11:00:00Z,73
2026-06-15 11:00:00Z,59
2026-06-16 11:00:00Z,55
2026-06-17 11:00:00Z,55
2026-06-18 11:00:00Z,49
2026-06-19 11:00:00Z,48
2026-06-20 11:00:00Z,41
2026-06-21 11:00:00Z,44
2026-06-22 11:00:00Z,41
2026-06-23 11:00:00Z,43
2026-06-24 11:00:00Z,43
2026-06-25 11:00:00Z,55
2026-06-26 11:00:00Z,68
2026-06-27 11:00:00Z,54
2026-06-28 11:00:00Z,55
2026-06-29 11:00:00Z,63
2026-06-30 11:00:00Z,70
2026-07-01 11:00:00Z,73
2026-07-02 11:00:00Z,54
2026-07-03 11:00:00Z,36
2026-07-04 11:00:00Z,30
2026-07-05 11:00:00Z,31
2026-07-06 11:00:00Z,33
2026-07-07 11:00:00Z,49
2026-07-08 11:00:00Z,35
2026-07-09 11:00:00Z,51
2026-07-10 11:00:00Z,57
2026-07-11 11:00:00Z,48
2026-07-12 11:00:00Z,46
2026-07-13 11:00:00Z,56
2026-07-14 11:00:00Z,57
2026-07-15 11:00:00Z,61
2026-07-16 11:00:00Z,63
2026-07-17 11:00:00Z,48
2026-07-18 11:00:00Z,33
2026-07-19 11:00:00Z,31
2026-07-20 11:00:00Z,34
2026-07-21 11:00:00Z,53
2026-07-22 11:00:00Z,47
2026-07-23 11:00:00Z,36
2026-07-24 11:00:00Z,37
2026-07-25 11:00:00Z,33
2026-07-26 11:00:00Z,32
2026-07-27 11:00:00Z,32
2026-07-28 11:00:00Z,27
2026-07-29 11:00:00Z,26
2026-07-30 11:00:00Z,31
2026-07-31 11:00:00Z,34
2026-08-01 11:00:00Z,33
2026-08-02 11:00:00Z,31
2026-08-03 11:00:00Z,33
2026-08-04 11:00:00Z,35
2026-08-05 11:00:00Z,38
2026-08-06 11:00:00Z,34
2026-08-07 11:00:00Z,29
2026-08-08 11:00:00Z,27
2026-08-09 11:00:00Z,27
2026-08-10 11:00:00Z,29
2026-08-11 11:00:00Z,27
2026-08-12 11:00:00Z,26
2026-08-13 11:00:00Z,30
2026-08-14 11:00:00Z,22
2026-08-15 11:00:00Z,18
2026-08-16 11:00:00Z,18
2026-08-17 11:00:00Z,18
2026-08-18 11:00:00Z,18
2026-08-19 11:00:00Z,18
2026-08-20 11:00:00Z,18
2026-08-21 11:00:00Z,18
2026-08-22 11:00:00Z,19
2026-08-23 11:00:00Z,20
2026-08-24 11:00:00Z,20
2026-08-25 11:00:00Z,20
2026-08-26 11:00:00Z,20
2026-08-27 11:00:00Z,20
2026-08-28 11:00:00Z,21
2026-08-29 11:00:00Z,21
2026-08-30 11:00:00Z,21
2026-08-31 11:00:00Z,21
2026-09-01 11:00:00Z,21
2026-09-02 11:00:00Z,20
2026-09-03 11:00:00Z,20
2026-09-04 11:00:00Z,20
2026-09-05 11:00:00Z,22
2026-09-06 11:00:00Z,22
2026-09-07 11:00:00Z,21
2026-09-08 11:00:00Z,22
2026-09-09 11:00:00Z,23
2026-09-10 11:00:00Z,24
2026-09-11 11:00:00Z,24
2026-09-12 11:00:00Z,24
2026-09-13 11:00:00Z,25
2026-09-14 11:00:00Z,24
2026-09-15 11:00:00Z,40
