Dato;Vekt;Fisk;Redskap;Sone
2016-06-19;0.3;Sjøørret;Sluk;Alle åpne soner
2016-06-21;0.7;Sjøørret;Flue;Alle åpne soner
2016-06-22;0.4;Sjøørret;Sluk;Alle åpne soner
2016-06-22;0.6;Sjøørret;Flue;Alle åpne soner
2016-06-29;0.5;Sjøørret;Sluk;Alle åpne soner
2016-06-30;1.35;Sjøørret;Flue;Alle åpne soner
2016-07-01;0.4;Sjøørret;Sluk;Alle åpne soner
2016-07-01;4.2;Laks;Flue;Alle åpne soner
2016-07-01;0.4;Sjøørret;Sluk;Alle åpne soner
2016-07-01;0.8;Sjøørret;Flue;Alle åpne soner
2016-07-01;2.75;Laks;Sluk;Alle åpne soner
2016-07-01;3.6;Laks;Sluk;Alle åpne soner
2016-07-02;0.7;Sjøørret;Flue;Alle åpne soner
2016-07-02;3.3;Laks;Sluk;Alle åpne soner
2016-07-02;1.4;Laks;Sluk;Alle åpne soner
2016-07-02;0.6;Sjøørret;Sluk;Alle åpne soner
2016-07-03;1.1;Sjøørret;Flue;Alle åpne soner
2016-07-03;0.9;Sjøørret;Flue;Alle åpne soner
2016-07-03;1.6;Sjøørret;Flue;Alle åpne soner
2016-07-04;2;Laks;Sluk;Alle åpne soner
2016-07-04;1.2;Sjøørret;Flue;Alle åpne soner
2016-07-04;1.1;Laks;Flue;Alle åpne soner
2016-07-04;1.2;Laks;Flue;Alle åpne soner
2016-07-04;5;Laks;Flue;Alle åpne soner
2016-07-04;1;Sjøørret;Flue;Alle åpne soner
2016-07-04;1.4;Laks;Flue;Alle åpne soner
2016-07-04;0.6;Sjøørret;Meitemark;Alle åpne soner
2016-07-04;3.1;Laks;Meitemark;Alle åpne soner
2016-07-04;0.7;Sjøørret;Flue;Alle åpne soner
2016-07-05;0.8;Laks;Flue;Alle åpne soner
2016-07-05;1;Sjøørret;Sluk;Alle åpne soner
2016-07-05;1.6;Laks;Flue;Alle åpne soner
2016-07-09;5;Laks;Sluk;Alle åpne soner
2016-07-09;1.8;Laks;Flue;Alle åpne soner
2016-07-23;3;Laks;Sluk;Alle åpne soner
2016-07-24;4.7;Laks;Sluk;Alle åpne soner
2016-07-26;0.8;Sjøørret;Sluk;Alle åpne soner
2016-07-29;2.8;Laks;Sluk;Alle åpne soner
2016-08-04;0.7;Sjøørret;Sluk;Alle åpne soner
2016-08-04;1;Sjøørret;Flue;Alle åpne soner
2016-08-04;0.8;Sjøørret;Sluk;Alle åpne soner
2016-08-04;5.2;Laks;Sluk;Alle åpne soner
2016-08-05;0.9;Laks;Sluk;Alle åpne soner
2016-08-05;1;Sjøørret;Flue;Alle åpne soner
2016-08-05;0.8;Sjøørret;Flue;Alle åpne soner
2016-08-05;1.3;Laks;Sluk;Alle åpne soner
2016-08-05;0.6;Sjøørret;Flue;Alle åpne soner
2016-08-05;0.7;Sjøørret;Flue;Alle åpne soner
2016-08-05;0.6;Sjøørret;Sluk;Alle åpne soner
2016-08-05;1;Laks;Sluk;Alle åpne soner
2016-08-05;1.2;Laks;Sluk;Alle åpne soner
2016-08-05;1.2;Laks;Sluk;Alle åpne soner
2016-08-06;1.1;Laks;Sluk;Alle åpne soner
2016-08-06;1;Sjøørret;Flue;Alle åpne soner
2016-08-06;0.8;Sjøørret;Flue;Alle åpne soner
2016-08-06;2;Laks;Flue;Alle åpne soner
2016-08-07;0.9;Sjøørret;Sluk;Alle åpne soner
2016-08-08;1.4;Laks;Sluk;Alle åpne soner
2016-08-08;1;Laks;Sluk;Alle åpne soner
2016-08-08;0.6;Laks;Flue;Alle åpne soner
2016-08-08;1;Sjøørret;Sluk;Alle åpne soner
2016-08-08;2;Laks;Sluk;Alle åpne soner
2016-08-08;0.4;Sjøørret;Sluk;Alle åpne soner
2016-08-08;1;Sjøørret;Sluk;Alle åpne soner
2016-08-08;0.6;Sjøørret;Flue;Alle åpne soner
2016-08-09;0.8;Sjøørret;Sluk;Alle åpne soner
2016-08-09;0.7;Sjøørret;Sluk;Alle åpne soner
2016-08-09;0.6;Sjøørret;Sluk;Alle åpne soner
2016-08-09;1.3;Laks;Sluk;Alle åpne soner
2016-08-09;1.1;Laks;Sluk;Alle åpne soner
2016-08-09;3.7;Laks;Sluk;Alle åpne soner
2016-08-09;1.9;Laks;Flue;Alle åpne soner
2016-08-09;3.6;Laks;Sluk;Alle åpne soner
2016-08-09;2.1;Laks;Sluk;Alle åpne soner
2016-08-12;3;Laks;Sluk;Alle åpne soner
2016-08-13;1;Sjøørret;Sluk;Alle åpne soner
2016-08-13;1;Laks;Sluk;Alle åpne soner
2016-08-13;0.8;Sjøørret;Flue;Alle åpne soner
2016-08-13;1;Sjøørret;Sluk;Alle åpne soner
2016-08-13;1.5;Laks;Sluk;Alle åpne soner
2016-08-13;1.3;Sjøørret;Flue;Alle åpne soner
2016-08-15;0.9;Sjøørret;Sluk;Alle åpne soner
2016-08-15;0.8;Sjøørret;Flue;Alle åpne soner
2016-08-15;0.6;Sjøørret;Flue;Alle åpne soner
2016-08-17;1.5;Sjøørret;Sluk;Alle åpne soner
2016-08-20;0.7;Sjøørret;Sluk;Alle åpne soner
2016-08-21;0.5;Sjøørret;Sluk;Alle åpne soner
2016-08-22;0.8;Sjøørret;Flue;Alle åpne soner
2016-08-22;1.5;Laks;Sluk;Alle åpne soner
2016-08-23;2.4;Laks;Sluk;Alle åpne soner
2016-08-24;1.5;Sjøørret;Sluk;Alle åpne soner
2016-08-26;0.8;Sjøørret;Sluk;Alle åpne soner
2016-08-26;0.5;Sjøørret;Sluk;Alle åpne soner
2016-08-26;0.7;Laks;Sluk;Alle åpne soner
2016-08-28;0.5;Sjøørret;Flue;Alle åpne soner
2016-08-28;1.2;Sjøørret;Flue;Alle åpne soner
2016-08-28;0.6;Sjøørret;Flue;Alle åpne soner
2016-08-29;0.5;Sjøørret;Flue;Alle åpne soner
2016-08-29;1;Laks;Flue;Alle åpne soner
2016-09-08;0.8;Sjøørret;Sluk;Alle åpne soner
2016-09-11;0.8;Sjøørret;Sluk;Alle åpne soner
2016-09-11;0.8;Sjøørret;Sluk;Alle åpne soner
2016-09-11;1;Sjøørret;Sluk;Alle åpne soner
2016-09-11;1;Sjøørret;Sluk;Alle åpne soner
2016-09-11;1.2;Sjøørret;Sluk;Alle åpne soner
2016-09-11;1;Sjøørret;Sluk;Alle åpne soner
2016-09-11;1.5;Sjøørret;Sluk;Alle åpne soner
2016-09-11;1.5;Sjøørret;Sluk;Alle åpne soner
2016-09-11;1.7;Sjøørret;Sluk;Alle åpne soner
2016-09-11;2;Sjøørret;Sluk;Alle åpne soner
2016-09-11;2.1;Sjøørret;Sluk;Alle åpne soner
2016-09-11;2.2;Sjøørret;Sluk;Alle åpne soner
2016-09-11;2.2;Sjøørret;Sluk;Alle åpne soner
2016-09-11;3.3;Sjøørret;Sluk;Alle åpne soner
2016-09-11;1;Laks;Sluk;Alle åpne soner
2016-09-11;1;Laks;Sluk;Alle åpne soner
2016-09-11;2;Laks;Sluk;Alle åpne soner
2016-09-11;4;Laks;Sluk;Alle åpne soner
2016-09-11;4.3;Laks;Sluk;Alle åpne soner
2016-09-11;4.5;Laks;Sluk;Alle åpne soner
2016-09-11;4.7;Laks;Sluk;Alle åpne soner
2016-09-11;5;Laks;Sluk;Alle åpne soner
2016-09-12;0.5;Sjøørret;Flue;Alle åpne soner
2016-09-12;1;Sjøørret;Flue;Alle åpne soner
2016-09-12;1.1;Sjøørret;Flue;Alle åpne soner
2016-09-12;0.7;Sjøørret;Flue;Alle åpne soner
2016-09-13;0.5;Sjøørret;Flue;Alle åpne soner
2016-09-13;0.3;Sjøørret;Flue;Alle åpne soner
2016-09-14;0.5;Sjøørret;Flue;Alle åpne soner
2016-09-26;1.5;Laks;Flue;Alle åpne soner
2016-09-26;1.5;Sjøørret;Flue;Alle åpne soner
2016-09-26;1;Sjøørret;Flue;Alle åpne soner
2016-09-26;0.8;Sjøørret;Flue;Alle åpne soner
2016-09-28;2;Laks;Sluk;Alle åpne soner
2016-09-28;0.6;Sjøørret;Flue;Alle åpne soner
2016-09-28;0.6;Sjøørret;Flue;Alle åpne soner
2016-09-28;0.5;Sjøørret;Flue;Alle åpne soner
2016-09-28;0.6;Sjøørret;Flue;Alle åpne soner
2016-09-28;0.9;Sjøørret;Sluk;Alle åpne soner
2016-09-28;0.7;Sjøørret;Flue;Alle åpne soner
2016-09-28;0.4;Sjøørret;Flue;Alle åpne soner
2016-09-28;1.5;Laks;Flue;Alle åpne soner
2016-09-29;0.4;Sjøørret;Sluk;Alle åpne soner
2016-09-29;1;Sjøørret;Flue;Alle åpne soner
2016-09-29;0.5;Sjøørret;Sluk;Alle åpne soner
2016-09-29;0.7;Sjøørret;Sluk;Alle åpne soner
2016-09-29;1;Sjøørret;Sluk;Alle åpne soner
2016-09-29;3;Laks;Sluk;Alle åpne soner
2016-09-29;0.8;Sjøørret;Flue;Alle åpne soner
2016-09-29;0.5;Sjøørret;Flue;Alle åpne soner
2016-09-29;0.6;Sjøørret;Flue;Alle åpne soner
2016-09-29;0.5;Sjøørret;Flue;Alle åpne soner
2016-09-30;0.5;Sjøørret;Flue;Alle åpne soner
2016-09-30;0.6;Sjøørret;Flue;Alle åpne soner
2016-09-30;0.7;Sjøørret;Flue;Alle åpne soner
2016-09-30;1.5;Laks;Flue;Alle åpne soner
2016-09-30;0.8;Sjøørret;Sluk;Alle åpne soner
2016-09-30;0.7;Sjøørret;Sluk;Alle åpne soner
2016-09-30;1.4;Sjøørret;Sluk;Alle åpne soner
2016-09-30;0.6;Sjøørret;Flue;Alle åpne soner
2016-09-30;1.9;Sjøørret;Flue;Alle åpne soner
2016-09-30;0.5;Sjøørret;Flue;Alle åpne soner
2016-09-30;2;Laks;Flue;Alle åpne soner
2016-09-30;0.4;Sjøørret;Flue;Alle åpne soner
2016-09-30;0.9;Sjøørret;Flue;Alle åpne soner
2016-09-30;1.8;Sjøørret;Flue;Alle åpne soner
2016-09-30;1;Sjøørret;Flue;Alle åpne soner
2016-09-30;1.5;Sjøørret;Flue;Alle åpne soner
2016-09-30;2.5;Sjøørret;Flue;Alle åpne soner
2016-09-30;2;Sjøørret;Flue;Alle åpne soner
2016-09-30;0.5;Sjøørret;Flue;Alle åpne soner
2016-09-30;0.8;Sjøørret;Flue;Alle åpne soner
2016-09-30;1.2;Laks;Flue;Alle åpne soner
2016-09-30;1;Sjøørret;Flue;Alle åpne soner
2016-09-30;0.9;Sjøørret;Flue;Alle åpne soner
2016-09-30;0.8;Sjøørret;Flue;Alle åpne soner
2016-09-30;1;Sjøørret;Flue;Alle åpne soner
2016-09-30;1.5;Laks;Flue;Alle åpne soner
2017-06-16;0.4;Sjøørret;Sluk;Alle åpne soner
2017-07-01;2;Laks;Flue;Alle åpne soner
2017-07-09;0.3;Sjøørret;Sluk;Alle åpne soner
2017-07-20;1.4;Laks;Sluk;Alle åpne soner
2017-07-21;9.5;Laks;Sluk;Alle åpne soner
2017-07-23;1;Sjøørret;Sluk;Alle åpne soner
2017-07-24;0.8;Sjøørret;Flue;Alle åpne soner
2017-07-28;2;Laks;Flue;Alle åpne soner
2017-07-29;5.35;Laks;Sluk;Alle åpne soner
2017-07-30;2.7;Laks;Sluk;Alle åpne soner
2017-07-30;1.3;Sjøørret;Sluk;Alle åpne soner
2017-07-31;1.5;Sjøørret;Flue;Alle åpne soner
2017-07-31;1.6;Laks;Flue;Alle åpne soner
2017-07-31;1.9;Laks;Sluk;Alle åpne soner
2017-07-31;1.1;Sjøørret;Sluk;Alle åpne soner
2017-08-01;1;Sjøørret;Sluk;Alle åpne soner
2017-08-01;0.7;Sjøørret;Sluk;Alle åpne soner
2017-08-01;4.7;Laks;Sluk;Alle åpne soner
2017-08-02;1.2;Sjøørret;Flue;Alle åpne soner
2017-08-02;2.5;Laks;Flue;Alle åpne soner
2017-08-02;3.8;Laks;Meitemark;Alle åpne soner
2017-08-02;3.45;Laks;Sluk;Alle åpne soner
2017-08-03;1.2;Sjøørret;Flue;Alle åpne soner
2017-08-03;1.1;Sjøørret;Flue;Alle åpne soner
2017-08-03;0.8;Sjøørret;Flue;Alle åpne soner
2017-08-03;0.7;Sjøørret;Sluk;Alle åpne soner
2017-08-03;0.5;Sjøørret;Sluk;Alle åpne soner
2017-08-03;1;Sjøørret;Sluk;Alle åpne soner
2017-08-03;0.9;Laks;Flue;Alle åpne soner
2017-08-04;1;Sjøørret;Sluk;Alle åpne soner
2017-08-04;1.8;Laks;Sluk;Alle åpne soner
2017-08-04;0.5;Sjøørret;Flue;Alle åpne soner
2017-08-04;7;Laks;Sluk;Alle åpne soner
2017-08-04;2.6;Sjøørret;Sluk;Alle åpne soner
2017-08-05;1.9;Laks;Flue;Alle åpne soner
2017-08-05;0.3;Sjøørret;Flue;Alle åpne soner
2017-08-05;0.5;Sjøørret;Sluk;Alle åpne soner
2017-08-05;0.4;Sjøørret;Sluk;Alle åpne soner
2017-08-05;0.8;Sjøørret;Sluk;Alle åpne soner
2017-08-05;1.7;Laks;Sluk;Alle åpne soner
2017-08-05;1.5;Laks;Sluk;Alle åpne soner
2017-08-05;1.4;Laks;Sluk;Alle åpne soner
2017-08-05;2;Laks;Flue;Alle åpne soner
2017-08-05;3.5;Laks;Sluk;Alle åpne soner
2017-08-05;0.95;Laks;Sluk;Alle åpne soner
2017-08-05;1.75;Laks;Sluk;Alle åpne soner
2017-08-05;0.5;Sjøørret;Sluk;Alle åpne soner
2017-08-05;2.1;Laks;Sluk;Alle åpne soner
2017-08-06;3.5;Laks;Sluk;Alle åpne soner
2017-08-06;2.6;Laks;Flue;Alle åpne soner
2017-08-06;1.6;Sjøørret;Sluk;Alle åpne soner
2017-08-06;1;Laks;Sluk;Alle åpne soner
2017-08-06;1;Sjøørret;Flue;Alle åpne soner
2017-08-06;0.5;Sjøørret;Flue;Alle åpne soner
2017-08-06;1;Laks;Sluk;Alle åpne soner
2017-08-06;1.9;Laks;Sluk;Alle åpne soner
2017-08-06;1.4;Laks;Flue;Alle åpne soner
2017-08-06;2.6;Laks;Flue;Alle åpne soner
2017-08-06;7.4;Laks;Flue;Alle åpne soner
2017-08-07;2;Laks;Flue;Alle åpne soner
2017-08-07;0.8;Sjøørret;Sluk;Alle åpne soner
2017-08-07;1.1;Sjøørret;Flue;Alle åpne soner
2017-08-07;0.5;Sjøørret;Flue;Alle åpne soner
2017-08-07;1;Sjøørret;Flue;Alle åpne soner
2017-08-07;1.5;Sjøørret;Flue;Alle åpne soner
2017-08-07;1.8;Laks;Flue;Alle åpne soner
2017-08-07;2;Laks;Flue;Alle åpne soner
2017-08-07;0.5;Sjøørret;Flue;Alle åpne soner
2017-08-08;2.3;Laks;Sluk;Alle åpne soner
2017-08-08;3.2;Laks;Sluk;Alle åpne soner
2017-08-08;2.9;Laks;Sluk;Alle åpne soner
2017-08-08;1.6;Laks;Flue;Alle åpne soner
2017-08-08;3.8;Sjøørret;Flue;Alle åpne soner
2017-08-08;0.8;Sjøørret;Flue;Alle åpne soner
2017-08-08;2.1;Laks;Sluk;Alle åpne soner
2017-08-08;1;Laks;Flue;Alle åpne soner
2017-08-08;1.5;Laks;Flue;Alle åpne soner
2017-08-08;1.7;Laks;Flue;Alle åpne soner
2017-08-08;1.5;Laks;Flue;Alle åpne soner
2017-08-08;1.8;Laks;Sluk;Alle åpne soner
2017-08-09;1.4;Laks;Sluk;Alle åpne soner
2017-08-09;1.9;Laks;Flue;Alle åpne soner
2017-08-09;2.5;Laks;Flue;Alle åpne soner
2017-08-09;1.8;Laks;Sluk;Alle åpne soner
2017-08-09;1;Laks;Sluk;Alle åpne soner
2017-08-09;2;Sjøørret;Flue;Alle åpne soner
2017-08-09;2;Laks;Flue;Alle åpne soner
2017-08-09;1;Laks;Flue;Alle åpne soner
2017-08-09;0.9;Laks;Sluk;Alle åpne soner
2017-08-09;1.4;Laks;Flue;Alle åpne soner
2017-08-10;1.7;Sjøørret;Sluk;Alle åpne soner
2017-08-10;1.8;Laks;Sluk;Alle åpne soner
2017-08-10;1.7;Sjøørret;Flue;Alle åpne soner
2017-08-10;0.9;Sjøørret;Flue;Alle åpne soner
2017-08-10;2.5;Laks;Flue;Alle åpne soner
2017-08-10;1;Laks;Flue;Alle åpne soner
2017-08-10;0.5;Sjøørret;Sluk;Alle åpne soner
2017-08-10;0.6;Laks;Sluk;Alle åpne soner
2017-08-10;0.2;Sjøørret;Flue;Alle åpne soner
2017-08-10;1.2;Sjøørret;Flue;Alle åpne soner
2017-08-10;2;Laks;Sluk;Alle åpne soner
2017-08-10;1.5;Laks;Sluk;Alle åpne soner
2017-08-10;1;Sjøørret;Flue;Alle åpne soner
2017-08-10;1;Sjøørret;Flue;Alle åpne soner
2017-08-11;0.1;Regnbueørret;Sluk;Alle åpne soner
2017-08-11;5;Laks;Sluk;Alle åpne soner
2017-08-12;0.6;Sjøørret;Flue;Alle åpne soner
2017-08-12;0.5;Sjøørret;Flue;Alle åpne soner
2017-08-12;0.8;Sjøørret;Flue;Alle åpne soner
2017-08-12;2;Sjøørret;Flue;Alle åpne soner
2017-08-12;1;Sjøørret;Flue;Alle åpne soner
2017-08-14;1.3;Laks;Sluk;Alle åpne soner
2017-08-15;2;Laks;Sluk;Alle åpne soner
2017-08-15;1;Sjøørret;Flue;Alle åpne soner
2017-08-15;1.5;Sjøørret;Flue;Alle åpne soner
2017-08-17;1.5;Laks;Sluk;Alle åpne soner
2017-08-17;1.3;Laks;Sluk;Alle åpne soner
2017-08-17;1.4;Sjøørret;Flue;Alle åpne soner
2017-08-18;1.5;Sjøørret;Sluk;Alle åpne soner
2017-08-18;1.5;Sjøørret;Flue;Alle åpne soner
2017-08-18;1.1;Laks;Flue;Alle åpne soner
2017-08-18;1.3;Sjøørret;Flue;Alle åpne soner
2017-08-18;2;Laks;Flue;Alle åpne soner
2017-08-18;0.3;Sjøørret;Sluk;Alle åpne soner
2017-08-18;1.4;Sjøørret;Sluk;Alle åpne soner
2017-08-18;1;Sjøørret;Flue;Alle åpne soner
2017-08-18;1.5;Laks;Flue;Alle åpne soner
2017-08-18;4.5;Laks;Sluk;Alle åpne soner
2017-08-19;0.5;Sjøørret;Sluk;Alle åpne soner
2017-08-19;0.5;Sjøørret;Sluk;Alle åpne soner
2017-08-19;4;Laks;Flue;Alle åpne soner
2017-08-19;2;Laks;Flue;Alle åpne soner
2017-08-19;1.5;Laks;Flue;Alle åpne soner
2017-08-19;1;Laks;Sluk;Alle åpne soner
2017-08-19;1.8;Laks;Sluk;Alle åpne soner
2017-08-19;2.3;Laks;Flue;Alle åpne soner
2017-08-20;2;Laks;Sluk;Alle åpne soner
2017-08-20;1.2;Laks;Sluk;Alle åpne soner
2017-08-20;2;Laks;Flue;Alle åpne soner
2017-08-21;0.7;Laks;Sluk;Alle åpne soner
2017-08-21;1.3;Laks;Flue;Alle åpne soner
2017-08-22;2.2;Laks;Meitemark;Alle åpne soner
2017-08-23;2;Laks;Sluk;Alle åpne soner
2017-08-23;1;Sjøørret;Sluk;Alle åpne soner
2017-08-23;0.6;Sjøørret;Sluk;Alle åpne soner
2017-08-23;0.6;Sjøørret;Sluk;Alle åpne soner
2017-08-23;0.8;Sjøørret;Sluk;Alle åpne soner
2017-08-24;1;Laks;Flue;Alle åpne soner
2017-08-25;2;Laks;Sluk;Alle åpne soner
2017-08-25;2.5;Laks;Sluk;Alle åpne soner
2017-08-25;0.8;Sjøørret;Flue;Alle åpne soner
2017-08-27;1.7;Laks;Sluk;Alle åpne soner
2017-08-28;1.5;Laks;Flue;Alle åpne soner
2017-08-29;2.5;Laks;Flue;Alle åpne soner
2017-08-29;1;Laks;Flue;Alle åpne soner
2017-08-30;1.6;Sjøørret;Sluk;Alle åpne soner
2017-08-30;2;Laks;Flue;Alle åpne soner
2017-09-01;1.3;Sjøørret;Sluk;Alle åpne soner
2017-09-01;1.5;Laks;Flue;Alle åpne soner
2017-09-06;1.5;Laks;Sluk;Alle åpne soner
2017-09-06;1;Sjøørret;Flue;Alle åpne soner
2017-09-06;3;Laks;Sluk;Alle åpne soner
2017-09-06;0.5;Sjøørret;Flue;Alle åpne soner
2017-09-06;0.5;Sjøørret;Flue;Alle åpne soner
2017-09-06;4;Laks;Sluk;Alle åpne soner
2017-09-06;1.7;Laks;Sluk;Alle åpne soner
2017-09-07;0.7;Sjøørret;Sluk;Alle åpne soner
2017-09-07;0.8;Sjøørret;Sluk;Alle åpne soner
2017-09-07;1.2;Sjøørret;Sluk;Alle åpne soner
2017-09-07;0.7;Laks;Flue;Alle åpne soner
2017-09-07;0.8;Sjøørret;Flue;Alle åpne soner
2017-09-07;0.5;Sjøørret;Flue;Alle åpne soner
2017-09-07;2.7;Sjøørret;Flue;Alle åpne soner
2017-09-07;3.6;Sjøørret;Flue;Alle åpne soner
2017-09-07;1;Sjøørret;Flue;Alle åpne soner
2017-09-07;2.1;Sjøørret;Flue;Alle åpne soner
2017-09-07;3.2;Sjøørret;Flue;Alle åpne soner
2017-09-08;2;Laks;Flue;Alle åpne soner
2017-09-08;0.6;Sjøørret;Flue;Alle åpne soner
2017-09-08;2.6;Sjøørret;Sluk;Alle åpne soner
2017-09-08;0.7;Sjøørret;Flue;Alle åpne soner
2017-09-08;0.7;Sjøørret;Flue;Alle åpne soner
2017-09-08;0.8;Sjøørret;Flue;Alle åpne soner
2017-09-08;1.1;Sjøørret;Flue;Alle åpne soner
2017-09-08;1.2;Sjøørret;Flue;Alle åpne soner
2017-09-08;1.6;Sjøørret;Flue;Alle åpne soner
2017-09-08;1.1;Sjøørret;Flue;Alle åpne soner
2017-09-09;3.6;Sjøørret;Flue;Alle åpne soner
2017-09-09;1.5;Laks;Flue;Alle åpne soner
2017-09-09;0.8;Sjøørret;Flue;Alle åpne soner
2017-09-09;0.5;Sjøørret;Sluk;Alle åpne soner
2017-09-09;1.3;Sjøørret;Sluk;Alle åpne soner
2017-09-09;3;Laks;Sluk;Alle åpne soner
2017-09-09;1.1;Laks;Sluk;Alle åpne soner
2017-09-10;0.5;Sjøørret;Sluk;Alle åpne soner
2017-09-10;2.1;Laks;Sluk;Alle åpne soner
2017-09-10;1.4;Sjøørret;Sluk;Alle åpne soner
2017-09-10;0.4;Sjøørret;Sluk;Alle åpne soner
2017-09-10;0.6;Sjøørret;Flue;Alle åpne soner
2017-09-10;0.7;Sjøørret;Flue;Alle åpne soner
2017-09-10;4;Laks;Flue;Alle åpne soner
2017-09-10;1.3;Sjøørret;Flue;Alle åpne soner
2017-09-10;5;Laks;Flue;Alle åpne soner
2017-09-10;0.5;Sjøørret;Sluk;Alle åpne soner
2017-09-10;0.8;Sjøørret;Flue;Alle åpne soner
2017-09-10;1.2;Laks;Sluk;Alle åpne soner
2017-09-10;2;Sjøørret;Flue;Alle åpne soner
2017-09-10;2;Laks;Flue;Alle åpne soner
2017-09-10;2.5;Laks;Flue;Alle åpne soner
2017-09-10;1.5;Sjøørret;Flue;Alle åpne soner
2017-09-10;2;Sjøørret;Flue;Alle åpne soner
2017-09-10;1.5;Laks;Flue;Alle åpne soner
2017-09-13;0.4;Sjøørret;Flue;Alle åpne soner
2017-09-13;0.5;Sjøørret;Flue;Alle åpne soner
2017-09-13;0.4;Sjøørret;Flue;Alle åpne soner
2017-09-13;0.3;Sjøørret;Flue;Alle åpne soner
2017-09-13;0.5;Sjøørret;Flue;Alle åpne soner
2017-09-13;1;Sjøørret;Flue;Alle åpne soner
2017-09-13;4.7;Laks;Sluk;Alle åpne soner
2017-09-13;1.4;Sjøørret;Flue;Alle åpne soner
2017-09-13;1;Sjøørret;Flue;Alle åpne soner
2017-09-13;2.5;Laks;Sluk;Alle åpne soner
2017-09-13;1.5;Laks;Sluk;Alle åpne soner
2017-09-13;2;Sjøørret;Sluk;Alle åpne soner
2017-09-14;0.6;Sjøørret;Sluk;Alle åpne soner
2017-09-14;1.1;Sjøørret;Sluk;Alle åpne soner
2017-09-14;0.9;Sjøørret;Sluk;Alle åpne soner
2017-09-14;1;Sjøørret;Flue;Alle åpne soner
2017-09-14;1;Sjøørret;Flue;Alle åpne soner
2017-09-14;0.6;Laks;Sluk;Alle åpne soner
2017-09-14;3.1;Laks;Flue;Alle åpne soner
2017-09-14;1.2;Sjøørret;Flue;Alle åpne soner
2017-09-14;1;Sjøørret;Flue;Alle åpne soner
2017-09-14;0.5;Sjøørret;Flue;Alle åpne soner
2017-09-14;6.5;Laks;Flue;Alle åpne soner
2017-09-14;1.5;Laks;Sluk;Alle åpne soner
2017-09-14;3;Laks;Sluk;Alle åpne soner
2017-09-14;2;Laks;Sluk;Alle åpne soner
2017-09-14;0.7;Sjøørret;Sluk;Alle åpne soner
2017-09-14;0.7;Sjøørret;Flue;Alle åpne soner
2017-09-15;0.6;Sjøørret;Flue;Alle åpne soner
2017-09-15;0.8;Sjøørret;Flue;Alle åpne soner
2017-09-15;0.8;Sjøørret;Flue;Alle åpne soner
2017-09-15;0.7;Sjøørret;Flue;Alle åpne soner
2017-09-15;2;Laks;Flue;Alle åpne soner
2017-09-15;1.5;Laks;Flue;Alle åpne soner
2017-09-15;3;Laks;Flue;Alle åpne soner
2017-09-15;0.7;Sjøørret;Flue;Alle åpne soner
2017-09-15;0.5;Sjøørret;Flue;Alle åpne soner
2017-09-15;1.1;Sjøørret;Flue;Alle åpne soner
2017-09-15;1.3;Sjøørret;Flue;Alle åpne soner
2017-09-15;2.5;Sjøørret;Flue;Alle åpne soner
2017-09-15;4.3;Sjøørret;Flue;Alle åpne soner
2017-09-15;1.2;Sjøørret;Flue;Alle åpne soner
2017-09-15;1.9;Laks;Flue;Alle åpne soner
2017-09-15;2;Laks;Flue;Alle åpne soner
2017-09-15;2.5;Laks;Flue;Alle åpne soner
2017-09-15;2.5;Laks;Sluk;Alle åpne soner
2017-09-15;1;Laks;Flue;Alle åpne soner
2017-09-15;1.5;Laks;Sluk;Alle åpne soner
2017-09-15;1.2;Sjøørret;Flue;Alle åpne soner
2017-09-15;1;Sjøørret;Flue;Alle åpne soner
2017-09-16;1;Laks;Sluk;Alle åpne soner
2017-09-16;1;Sjøørret;Flue;Alle åpne soner
2017-09-16;0.8;Sjøørret;Flue;Alle åpne soner
2017-09-16;0.6;Sjøørret;Flue;Alle åpne soner
2017-09-16;2.7;Sjøørret;Flue;Alle åpne soner
2017-09-16;1;Sjøørret;Flue;Alle åpne soner
2017-09-16;0.9;Sjøørret;Flue;Alle åpne soner
2017-09-16;4.3;Laks;Flue;Alle åpne soner
2017-09-16;2.5;Sjøørret;Flue;Alle åpne soner
2017-09-16;0.7;Sjøørret;Flue;Alle åpne soner
2017-09-16;1.1;Sjøørret;Flue;Alle åpne soner
2017-09-16;2.4;Sjøørret;Flue;Alle åpne soner
2017-09-16;2;Laks;Flue;Alle åpne soner
2017-09-16;1.4;Sjøørret;Flue;Alle åpne soner
2017-09-16;0.9;Sjøørret;Flue;Alle åpne soner
2017-09-17;1.5;Laks;Flue;Alle åpne soner
2017-09-17;0.5;Sjøørret;Flue;Alle åpne soner
2017-09-17;0.9;Sjøørret;Flue;Alle åpne soner
2017-09-17;0.3;Sjøørret;Flue;Alle åpne soner
2017-09-17;0.55;Sjøørret;Flue;Alle åpne soner
2017-09-17;0.8;Sjøørret;Flue;Alle åpne soner
2017-09-17;0.7;Sjøørret;Flue;Alle åpne soner
2017-09-17;0.6;Sjøørret;Flue;Alle åpne soner
2017-09-17;0.4;Sjøørret;Sluk;Alle åpne soner
2017-09-17;0.5;Sjøørret;Flue;Alle åpne soner
2017-09-18;2;Laks;Flue;Alle åpne soner
2017-09-18;1.3;Sjøørret;Flue;Alle åpne soner
2017-09-19;1.1;Sjøørret;Flue;Alle åpne soner
2017-09-19;4.5;Laks;Flue;Alle åpne soner
2017-09-19;1;Sjøørret;Flue;Alle åpne soner
2017-09-20;1.5;Sjøørret;Flue;Alle åpne soner
2017-09-21;0.4;Sjøørret;Flue;Alle åpne soner
2017-09-21;0.08;Sjøørret;Flue;Alle åpne soner
2017-09-21;1.2;Sjøørret;Flue;Alle åpne soner
2017-09-21;1.1;Sjøørret;Flue;Alle åpne soner
2017-09-21;1;Sjøørret;Flue;Alle åpne soner
2017-09-21;1.7;Sjøørret;Flue;Alle åpne soner
2017-09-21;0.6;Sjøørret;Flue;Alle åpne soner
2017-09-21;0.5;Sjøørret;Flue;Alle åpne soner
2017-09-21;1.5;Sjøørret;Flue;Alle åpne soner
2017-09-21;4.6;Laks;Sluk;Alle åpne soner
2017-09-22;0.5;Sjøørret;Flue;Alle åpne soner
2017-09-22;0.5;Sjøørret;Flue;Alle åpne soner
2017-09-22;0.5;Sjøørret;Flue;Alle åpne soner
2017-09-22;0.5;Sjøørret;Flue;Alle åpne soner
2017-09-22;2;Laks;Flue;Alle åpne soner
2017-09-22;1;Sjøørret;Flue;Alle åpne soner
2017-09-22;4.6;Laks;Flue;Alle åpne soner
2017-09-22;1.5;Laks;Flue;Alle åpne soner
2017-09-22;4.5;Laks;Flue;Alle åpne soner
2017-09-22;2.3;Sjøørret;Flue;Alle åpne soner
2017-09-22;1.4;Sjøørret;Flue;Alle åpne soner
2017-09-22;1.6;Sjøørret;Flue;Alle åpne soner
2017-09-23;1;Sjøørret;Sluk;Alle åpne soner
2017-09-23;1;Sjøørret;Flue;Alle åpne soner
2017-09-23;0.8;Sjøørret;Flue;Alle åpne soner
2017-09-23;0.5;Sjøørret;Flue;Alle åpne soner
2017-09-23;2.5;Laks;Flue;Alle åpne soner
2017-09-23;0.8;Sjøørret;Flue;Alle åpne soner
2017-09-23;0.5;Sjøørret;Flue;Alle åpne soner
2017-09-23;0.5;Sjøørret;Flue;Alle åpne soner
2017-09-23;0.8;Sjøørret;Flue;Alle åpne soner
2017-09-23;1;Sjøørret;Flue;Alle åpne soner
2017-09-23;1.2;Sjøørret;Flue;Alle åpne soner
2017-09-23;3;Laks;Flue;Alle åpne soner
2017-09-23;1;Sjøørret;Flue;Alle åpne soner
2017-09-23;1.4;Laks;Flue;Alle åpne soner
2017-09-23;1.1;Sjøørret;Flue;Alle åpne soner
2017-09-23;0.8;Sjøørret;Flue;Alle åpne soner
2017-09-23;0.8;Sjøørret;Flue;Alle åpne soner
2017-09-23;0.6;Sjøørret;Flue;Alle åpne soner
2017-09-23;1;Sjøørret;Flue;Alle åpne soner
2017-09-23;0.9;Sjøørret;Flue;Alle åpne soner
2017-09-23;0.8;Sjøørret;Flue;Alle åpne soner
2017-09-23;0.8;Sjøørret;Flue;Alle åpne soner
2017-09-23;0.6;Sjøørret;Flue;Alle åpne soner
2017-09-23;0.5;Sjøørret;Flue;Alle åpne soner
2017-09-23;0.5;Sjøørret;Flue;Alle åpne soner
2017-09-23;0.4;Sjøørret;Flue;Alle åpne soner
2017-09-23;0.3;Sjøørret;Flue;Alle åpne soner
2017-09-23;1;Sjøørret;Flue;Alle åpne soner
2017-09-24;1;Sjøørret;Flue;Alle åpne soner
2017-09-24;0.8;Sjøørret;Flue;Alle åpne soner
2017-09-24;1;Sjøørret;Flue;Alle åpne soner
2017-09-24;0.7;Sjøørret;Flue;Alle åpne soner
2017-09-24;1.5;Sjøørret;Flue;Alle åpne soner
2017-09-24;1.3;Sjøørret;Flue;Alle åpne soner
2017-09-24;0.8;Sjøørret;Flue;Alle åpne soner
2017-09-24;0.5;Sjøørret;Flue;Alle åpne soner
2017-09-24;1.3;Sjøørret;Flue;Alle åpne soner
2017-09-24;1;Sjøørret;Flue;Alle åpne soner
2017-09-24;0.5;Sjøørret;Flue;Alle åpne soner
2017-09-24;1.6;Laks;Flue;Alle åpne soner
2017-09-24;1.5;Laks;Sluk;Alle åpne soner
2017-09-24;0.5;Sjøørret;Flue;Alle åpne soner
2017-09-24;1.8;Sjøørret;Flue;Alle åpne soner
2017-09-25;2.5;Laks;Flue;Alle åpne soner
2017-09-25;1;Sjøørret;Flue;Alle åpne soner
2017-09-25;0.7;Sjøørret;Sluk;Alle åpne soner
2017-09-25;0.8;Sjøørret;Meitemark;Alle åpne soner
2017-09-25;0.95;Sjøørret;Sluk;Alle åpne soner
2017-09-25;0.7;Laks;Sluk;Alle åpne soner
2017-09-25;0.7;Sjøørret;Flue;Alle åpne soner
2017-09-25;0.9;Sjøørret;Flue;Alle åpne soner
2017-09-26;0.5;Sjøørret;Flue;Alle åpne soner
2017-09-26;0.7;Sjøørret;Flue;Alle åpne soner
2017-09-26;1;Sjøørret;Flue;Alle åpne soner
2017-09-26;1;Sjøørret;Flue;Alle åpne soner
2017-09-26;0.5;Sjøørret;Flue;Alle åpne soner
2017-09-26;1;Sjøørret;Flue;Alle åpne soner
2017-09-26;0.8;Sjøørret;Flue;Alle åpne soner
2017-09-26;0.6;Sjøørret;Flue;Alle åpne soner
2017-09-26;1.5;Sjøørret;Flue;Alle åpne soner
2017-09-26;1.2;Sjøørret;Flue;Alle åpne soner
2017-09-26;1;Sjøørret;Flue;Alle åpne soner
2017-09-26;1.1;Sjøørret;Flue;Alle åpne soner
2017-09-27;1.5;Sjøørret;Flue;Alle åpne soner
2017-09-27;0.4;Sjøørret;Flue;Alle åpne soner
2017-09-27;1.2;Sjøørret;Flue;Alle åpne soner
2017-09-27;0.5;Sjøørret;Flue;Alle åpne soner
2017-09-27;1.5;Sjøørret;Flue;Alle åpne soner
2017-09-27;0.3;Sjøørret;Flue;Alle åpne soner
2017-09-27;0.7;Sjøørret;Flue;Alle åpne soner
2017-09-27;0.6;Sjøørret;Flue;Alle åpne soner
2017-09-27;0.6;Sjøørret;Flue;Alle åpne soner
2017-09-27;0.6;Sjøørret;Flue;Alle åpne soner
2017-09-27;0.7;Sjøørret;Flue;Alle åpne soner
2017-09-27;0.7;Sjøørret;Flue;Alle åpne soner
2017-09-27;0.4;Sjøørret;Flue;Alle åpne soner
2017-09-28;2;Laks;Flue;Alle åpne soner
2017-09-28;0.6;Sjøørret;Flue;Alle åpne soner
2017-09-28;0.5;Sjøørret;Sluk;Alle åpne soner
2017-09-28;6.2;Laks;Sluk;Alle åpne soner
2017-09-28;0.8;Sjøørret;Sluk;Alle åpne soner
2017-09-28;2.9;Laks;Sluk;Alle åpne soner
2017-09-28;0.9;Sjøørret;Sluk;Alle åpne soner
2017-09-28;1;Sjøørret;Flue;Alle åpne soner
2017-09-28;2.5;Laks;Flue;Alle åpne soner
2017-09-28;1.5;Sjøørret;Flue;Alle åpne soner
2017-09-28;1;Sjøørret;Flue;Alle åpne soner
2017-09-28;0.9;Sjøørret;Flue;Alle åpne soner
2017-09-28;0.4;Sjøørret;Flue;Alle åpne soner
2017-09-28;2;Laks;Flue;Alle åpne soner
2017-09-28;1.6;Laks;Flue;Alle åpne soner
2017-09-28;1;Laks;Flue;Alle åpne soner
2017-09-29;0.8;Sjøørret;Flue;Alle åpne soner
2017-09-29;0.6;Sjøørret;Flue;Alle åpne soner
2017-09-29;0.3;Sjøørret;Flue;Alle åpne soner
2017-09-29;3.5;Laks;Flue;Alle åpne soner
2017-09-29;0.4;Sjøørret;Flue;Alle åpne soner
2017-09-29;0.6;Sjøørret;Flue;Alle åpne soner
2017-09-29;2.5;Sjøørret;Flue;Alle åpne soner
2017-09-30;2;Laks;Flue;Alle åpne soner
2017-09-30;1.3;Sjøørret;Sluk;Alle åpne soner
2018-08-11;1.3;Laks;Flue;Alle åpne soner
2018-08-18;0.8;Sjøørret;Flue;Alle åpne soner
2018-08-28;4;Laks;Flue;Alle åpne soner
2018-08-29;0.8;Sjøørret;Sluk;Alle åpne soner
2018-08-29;0.6;Sjøørret;Sluk;Alle åpne soner
2018-08-29;0.6;Sjøørret;Sluk;Alle åpne soner
2018-09-08;2;Laks;Flue;Alle åpne soner
2018-09-09;2;Laks;Sluk;Alle åpne soner
2018-09-09;0.6;Laks;Flue;Alle åpne soner
2018-09-09;0.4;Sjøørret;Flue;Alle åpne soner
2018-09-09;0.6;Sjøørret;Flue;Alle åpne soner
2018-09-09;1;Laks;Flue;Alle åpne soner
2018-09-09;0.5;Sjøørret;Flue;Alle åpne soner
2018-09-09;2.3;Sjøørret;Sluk;Alle åpne soner
2018-09-10;1.8;Laks;Flue;Alle åpne soner
2018-09-10;2.2;Laks;Flue;Alle åpne soner
2018-09-10;1;Sjøørret;Flue;Alle åpne soner
2018-09-10;3.8;Sjøørret;Flue;Alle åpne soner
2018-09-10;1.2;Laks;Sluk;Alle åpne soner
2018-09-10;3;Laks;Sluk;Alle åpne soner
2018-09-10;2.5;Laks;Flue;Alle åpne soner
2018-09-10;2;Sjøørret;Flue;Alle åpne soner
2018-09-10;1.3;Laks;Flue;Alle åpne soner
2018-09-10;2;Laks;Flue;Alle åpne soner
2018-09-11;1;Sjøørret;Flue;Alle åpne soner
2018-09-11;2.3;Laks;Flue;Alle åpne soner
2018-09-11;2.5;Sjøørret;Sluk;Alle åpne soner
2018-09-11;0.5;Sjøørret;Flue;Alle åpne soner
2018-09-11;2.5;Laks;Flue;Alle åpne soner
2018-09-11;2;Laks;Flue;Alle åpne soner
2018-09-11;1.2;Sjøørret;Flue;Alle åpne soner
2018-09-11;0.5;Sjøørret;Flue;Alle åpne soner
2018-09-12;2.2;Laks;Sluk;Alle åpne soner
2018-09-12;1.1;Sjøørret;Flue;Alle åpne soner
2018-09-12;0.5;Sjøørret;Flue;Alle åpne soner
2018-09-12;0.7;Sjøørret;Flue;Alle åpne soner
2018-09-12;0.9;Sjøørret;Flue;Alle åpne soner
2018-09-12;4;Laks;Flue;Alle åpne soner
2018-09-12;6;Laks;Flue;Alle åpne soner
2018-09-12;1;Laks;Sluk;Alle åpne soner
2018-09-12;1.4;Sjøørret;Sluk;Alle åpne soner
2018-09-12;3.2;Laks;Flue;Alle åpne soner
2018-09-12;3.5;Laks;Sluk;Alle åpne soner
2018-09-13;2;Laks;Flue;Alle åpne soner
2018-09-13;1.2;Laks;Sluk;Alle åpne soner
2018-09-13;1.8;Sjøørret;Flue;Alle åpne soner
2018-09-13;1.2;Sjøørret;Flue;Alle åpne soner
2018-09-13;0.5;Sjøørret;Flue;Alle åpne soner
2018-09-13;0.6;Sjøørret;Flue;Alle åpne soner
2018-09-13;0.6;Sjøørret;Flue;Alle åpne soner
2018-09-13;2.5;Laks;Flue;Alle åpne soner
2018-09-13;1.5;Laks;Flue;Alle åpne soner
2018-09-13;1;Sjøørret;Flue;Alle åpne soner
2018-09-13;2.5;Sjøørret;Flue;Alle åpne soner
2018-09-13;0.2;Sjøørret;Flue;Alle åpne soner
2018-09-13;3;Laks;Flue;Alle åpne soner
2018-09-13;1.1;Sjøørret;Flue;Alle åpne soner
2018-09-14;1.3;Laks;Sluk;Alle åpne soner
2018-09-14;2.2;Sjøørret;Flue;Alle åpne soner
2018-09-14;1;Laks;Flue;Alle åpne soner
2018-09-14;2.7;Laks;Flue;Alle åpne soner
2018-09-14;0.3;Sjøørret;Flue;Alle åpne soner
2018-09-14;0.4;Sjøørret;Flue;Alle åpne soner
2018-09-14;1.5;Sjøørret;Flue;Alle åpne soner
2018-09-14;1.8;Sjøørret;Flue;Alle åpne soner
2018-09-14;1.5;Laks;Flue;Alle åpne soner
2018-09-14;2.8;Laks;Flue;Alle åpne soner
2018-09-14;1.8;Laks;Flue;Alle åpne soner
2018-09-15;0.8;Sjøørret;Flue;Alle åpne soner
2018-09-15;1.5;Laks;Flue;Alle åpne soner
2018-09-15;4;Laks;Flue;Alle åpne soner
2018-09-15;0.8;Sjøørret;Sluk;Alle åpne soner
2018-09-15;0.7;Sjøørret;Sluk;Alle åpne soner
2018-09-15;2.5;Sjøørret;Sluk;Alle åpne soner
2018-09-15;0.6;Sjøørret;Flue;Alle åpne soner
2018-09-15;0.8;Sjøørret;Sluk;Alle åpne soner
2018-09-15;0.5;Sjøørret;Sluk;Alle åpne soner
2018-09-16;0.7;Sjøørret;Flue;Alle åpne soner
2018-09-16;0.8;Sjøørret;Flue;Alle åpne soner
2018-09-16;1.2;Sjøørret;Flue;Alle åpne soner
2018-09-16;3.2;Sjøørret;Sluk;Alle åpne soner
2018-09-16;1.7;Laks;Sluk;Alle åpne soner
2018-09-16;0.8;Laks;Sluk;Alle åpne soner
2018-09-16;1.5;Laks;Sluk;Alle åpne soner
2018-09-16;0.7;Sjøørret;Sluk;Alle åpne soner
2018-09-16;0.8;Sjøørret;Flue;Alle åpne soner
2018-09-16;1.8;Laks;Flue;Alle åpne soner
2018-09-16;1.5;Laks;Flue;Alle åpne soner
2018-09-17;0.7;Sjøørret;Flue;Alle åpne soner
2018-09-17;0.7;Sjøørret;Flue;Alle åpne soner
2018-09-17;1.5;Laks;Flue;Alle åpne soner
2018-09-17;1.1;Sjøørret;Sluk;Alle åpne soner
2018-09-17;0.7;Sjøørret;Flue;Alle åpne soner
2018-09-17;1.8;Laks;Sluk;Alle åpne soner
2018-09-17;0.5;Sjøørret;Flue;Alle åpne soner
2018-09-17;1.6;Sjøørret;Flue;Alle åpne soner
2018-09-17;5.5;Laks;Sluk;Alle åpne soner
2018-09-17;1.5;Laks;Flue;Alle åpne soner
2018-09-17;0.6;Sjøørret;Flue;Alle åpne soner
2018-09-17;0.5;Sjøørret;Flue;Alle åpne soner
2018-09-17;3.9;Laks;Flue;Alle åpne soner
2018-09-17;0.8;Sjøørret;Sluk;Alle åpne soner
2018-09-17;0.5;Sjøørret;Flue;Alle åpne soner
2018-09-17;0.4;Sjøørret;Flue;Alle åpne soner
2018-09-17;3;Laks;Flue;Alle åpne soner
2018-09-17;1.3;Laks;Flue;Alle åpne soner
2018-09-17;1.5;Laks;Flue;Alle åpne soner
2018-09-17;1.5;Laks;Flue;Alle åpne soner
2018-09-17;2;Laks;Flue;Alle åpne soner
2018-09-17;4;Laks;Flue;Alle åpne soner
2018-09-17;1.4;Sjøørret;Sluk;Alle åpne soner
2018-09-18;0.5;Sjøørret;Flue;Alle åpne soner
2018-09-18;2.4;Sjøørret;Flue;Alle åpne soner
2018-09-18;0.5;Sjøørret;Flue;Alle åpne soner
2018-09-18;0.7;Sjøørret;Sluk;Alle åpne soner
2018-09-18;3.1;Laks;Sluk;Alle åpne soner
2018-09-18;0.6;Sjøørret;Sluk;Alle åpne soner
2018-09-18;2;Laks;Flue;Alle åpne soner
2018-09-18;1.7;Laks;Sluk;Alle åpne soner
2018-09-18;2.3;Laks;Sluk;Alle åpne soner
2018-09-18;3.3;Laks;Flue;Alle åpne soner
2018-09-18;4.3;Laks;Flue;Alle åpne soner
2018-09-18;2.5;Laks;Flue;Alle åpne soner
2018-09-18;0.4;Sjøørret;Flue;Alle åpne soner
2018-09-18;4;Laks;Flue;Alle åpne soner
2018-09-19;0.4;Sjøørret;Flue;Alle åpne soner
2018-09-19;4.5;Sjøørret;Flue;Alle åpne soner
2018-09-19;1.7;Laks;Sluk;Alle åpne soner
2018-09-19;0.6;Sjøørret;Flue;Alle åpne soner
2018-09-19;0.9;Sjøørret;Flue;Alle åpne soner
2018-09-19;2;Laks;Flue;Alle åpne soner
2018-09-20;2;Laks;Flue;Alle åpne soner
2018-09-20;0.7;Sjøørret;Flue;Alle åpne soner
2018-09-20;2;Laks;Flue;Alle åpne soner
2018-09-20;0.6;Sjøørret;Flue;Alle åpne soner
2018-09-20;0.3;Sjøørret;Flue;Alle åpne soner
2018-09-20;2.5;Laks;Flue;Alle åpne soner
2018-09-20;3.6;Laks;Flue;Alle åpne soner
2018-09-20;1.4;Sjøørret;Flue;Alle åpne soner
2018-09-20;0.6;Sjøørret;Flue;Alle åpne soner
2018-09-20;0.7;Sjøørret;Flue;Alle åpne soner
2018-09-20;4.7;Laks;Flue;Alle åpne soner
2018-09-21;2;Sjøørret;Flue;Alle åpne soner
2018-09-21;1;Sjøørret;Flue;Alle åpne soner
2018-09-22;1.4;Sjøørret;Sluk;Alle åpne soner
2018-09-22;1.1;Laks;Flue;Alle åpne soner
2018-09-22;4.4;Laks;Flue;Alle åpne soner
2018-09-22;0.6;Sjøørret;Flue;Alle åpne soner
2018-09-22;1.8;Laks;Flue;Alle åpne soner
2018-09-22;2.3;Sjøørret;Flue;Alle åpne soner
2018-09-22;0.4;Sjøørret;Flue;Alle åpne soner
2018-09-22;2.3;Sjøørret;Flue;Alle åpne soner
2018-09-22;1;Laks;Flue;Alle åpne soner
2018-09-22;3.2;Laks;Flue;Alle åpne soner
2018-09-22;4;Laks;Flue;Alle åpne soner
2018-09-22;1.1;Sjøørret;Sluk;Alle åpne soner
2018-09-22;1.4;Laks;Sluk;Alle åpne soner
2018-09-22;1.5;Laks;Sluk;Alle åpne soner
2018-09-23;1.2;Laks;Flue;Alle åpne soner
2018-09-23;0.4;Sjøørret;Sluk;Alle åpne soner
2018-09-23;1.8;Laks;Sluk;Alle åpne soner
2018-09-23;1.5;Laks;Sluk;Alle åpne soner
2018-09-23;3;Laks;Flue;Alle åpne soner
2018-09-23;0.4;Sjøørret;Flue;Alle åpne soner
2018-09-23;0.5;Sjøørret;Flue;Alle åpne soner
2018-09-23;1.6;Laks;Sluk;Alle åpne soner
2018-09-23;1.3;Laks;Sluk;Alle åpne soner
2018-09-23;0.8;Sjøørret;Sluk;Alle åpne soner
2018-09-23;1.4;Sjøørret;Flue;Alle åpne soner
2018-09-23;2.1;Laks;Flue;Alle åpne soner
2018-09-23;2.9;Laks;Flue;Alle åpne soner
2018-09-23;0.7;Sjøørret;Flue;Alle åpne soner
2018-09-23;1;Sjøørret;Flue;Alle åpne soner
2018-09-23;0.5;Sjøørret;Flue;Alle åpne soner
2018-09-23;0.5;Sjøørret;Flue;Alle åpne soner
2018-09-23;2.2;Laks;Flue;Alle åpne soner
2018-09-23;2;Laks;Flue;Alle åpne soner
2018-09-24;1.7;Sjøørret;Flue;Alle åpne soner
2018-09-24;0.5;Sjøørret;Sluk;Alle åpne soner
2018-09-24;0.7;Sjøørret;Sluk;Alle åpne soner
2018-09-24;0.7;Sjøørret;Sluk;Alle åpne soner
2018-09-24;1.6;Sjøørret;Flue;Alle åpne soner
2018-09-24;0.4;Sjøørret;Flue;Alle åpne soner
2018-09-24;4;Laks;Flue;Alle åpne soner
2018-09-24;1.9;Sjøørret;Flue;Alle åpne soner
2018-09-24;1.2;Laks;Flue;Alle åpne soner
2018-09-24;2.1;Laks;Flue;Alle åpne soner
2018-09-25;1;Sjøørret;Sluk;Alle åpne soner
2018-09-25;1;Sjøørret;Flue;Alle åpne soner
2018-09-25;1.5;Laks;Flue;Alle åpne soner
2018-09-25;1.7;Laks;Flue;Alle åpne soner
2018-09-25;1.5;Laks;Sluk;Alle åpne soner
2018-09-25;0.5;Sjøørret;Flue;Alle åpne soner
2018-09-25;0.6;Sjøørret;Flue;Alle åpne soner
2018-09-25;1.5;Laks;Flue;Alle åpne soner
2018-09-25;0.6;Sjøørret;Flue;Alle åpne soner
2018-09-26;1.5;Sjøørret;Flue;Alle åpne soner
2018-09-26;1.2;Sjøørret;Flue;Alle åpne soner
2018-09-26;5;Laks;Flue;Alle åpne soner
2018-09-27;2.1;Sjøørret;Flue;Alle åpne soner
2018-09-27;3.2;Laks;Flue;Alle åpne soner
2018-09-27;0.5;Sjøørret;Flue;Alle åpne soner
2018-09-27;0.5;Sjøørret;Flue;Alle åpne soner
2018-09-27;0.5;Sjøørret;Sluk;Alle åpne soner
2018-09-27;1.5;Sjøørret;Sluk;Alle åpne soner
2018-09-28;0.4;Sjøørret;Flue;Alle åpne soner
2018-09-28;0.5;Sjøørret;Flue;Alle åpne soner
2018-09-28;1.2;Sjøørret;Flue;Alle åpne soner
2018-09-30;0.6;Sjøørret;Sluk;Alle åpne soner
2018-09-30;2.8;Sjøørret;Flue;Alle åpne soner
2018-09-30;1.3;Laks;Flue;Alle åpne soner
2018-09-30;1.5;Laks;Flue;Alle åpne soner
2019-06-15;0.5;Sjøørret;Sluk;Alle åpne soner
2019-06-15;0.5;Sjøørret;Sluk;Alle åpne soner
2019-06-15;0.4;Sjøørret;Sluk;Alle åpne soner
2019-06-15;0.4;Sjøørret;Sluk;Alle åpne soner
2019-06-15;3.5;Laks;Sluk;Alle åpne soner
2019-06-16;2;Laks;Flue;Alle åpne soner
2019-06-16;8;Laks;Flue;Alle åpne soner
2019-06-16;2.2;Laks;Sluk;Alle åpne soner
2019-07-07;2.4;Laks;Sluk;Alle åpne soner
2019-07-21;0.6;Sjøørret;Sluk;Alle åpne soner
2019-07-21;1.3;Sjøørret;Flue;Alle åpne soner
2019-07-21;1;Sjøørret;Flue;Alle åpne soner
2019-07-21;1.4;Sjøørret;Flue;Alle åpne soner
2019-07-22;1.7;Laks;Flue;Alle åpne soner
2019-07-23;0.5;Sjøørret;Flue;Alle åpne soner
2019-07-31;1.6;Laks;Sluk;Alle åpne soner
2019-07-31;0.8;Sjøørret;Flue;Alle åpne soner
2019-08-01;1;Sjøørret;Sluk;Alle åpne soner
2019-08-10;1;Sjøørret;Flue;Alle åpne soner
2019-08-11;0.6;Sjøørret;Sluk;Alle åpne soner
2019-08-11;0.8;Sjøørret;Flue;Alle åpne soner
2019-08-11;0.7;Sjøørret;Sluk;Alle åpne soner
2019-08-11;1.5;Laks;Sluk;Alle åpne soner
2019-08-11;1.5;Sjøørret;Sluk;Alle åpne soner
2019-08-11;3.8;Laks;Sluk;Alle åpne soner
2019-08-11;0.5;Sjøørret;Sluk;Alle åpne soner
2019-08-11;0.8;Sjøørret;Flue;Alle åpne soner
2019-08-11;0.5;Sjøørret;Flue;Alle åpne soner
2019-08-12;3;Sjøørret;Sluk;Alle åpne soner
2019-08-12;0.7;Sjøørret;Sluk;Alle åpne soner
2019-08-12;1.6;Sjøørret;Sluk;Alle åpne soner
2019-08-12;0.8;Sjøørret;Flue;Alle åpne soner
2019-08-13;2;Laks;Sluk;Alle åpne soner
2019-08-13;0.5;Sjøørret;Flue;Alle åpne soner
2019-08-13;0.5;Sjøørret;Flue;Alle åpne soner
2019-08-13;1;Sjøørret;Flue;Alle åpne soner
2019-08-13;1.2;Sjøørret;Flue;Alle åpne soner
2019-08-13;1.4;Laks;Sluk;Alle åpne soner
2019-08-13;0.5;Sjøørret;Flue;Alle åpne soner
2019-08-13;2;Laks;Sluk;Alle åpne soner
2019-08-13;4.6;Laks;Sluk;Alle åpne soner
2019-08-13;0.7;Sjøørret;Sluk;Alle åpne soner
2019-08-13;1.3;Sjøørret;Flue;Alle åpne soner
2019-08-13;0.5;Sjøørret;Flue;Alle åpne soner
2019-08-14;0.8;Sjøørret;Flue;Alle åpne soner
2019-08-14;0.75;Sjøørret;Sluk;Alle åpne soner
2019-08-14;5.5;Laks;Sluk;Alle åpne soner
2019-08-14;0.5;Sjøørret;Sluk;Alle åpne soner
2019-08-14;3;Laks;Flue;Alle åpne soner
2019-08-14;1.5;Sjøørret;Flue;Alle åpne soner
2019-08-14;3.1;Laks;Flue;Alle åpne soner
2019-08-14;1.7;Laks;Sluk;Alle åpne soner
2019-08-14;1.8;Laks;Flue;Alle åpne soner
2019-08-14;0.6;Sjøørret;Sluk;Alle åpne soner
2019-08-14;1.5;Laks;Flue;Alle åpne soner
2019-08-14;2.6;Sjøørret;Flue;Alle åpne soner
2019-08-14;0.9;Sjøørret;Sluk;Alle åpne soner
2019-08-14;2.2;Sjøørret;Sluk;Alle åpne soner
2019-08-14;0.5;Sjøørret;Flue;Alle åpne soner
2019-08-14;1;Sjøørret;Flue;Alle åpne soner
2019-08-14;1;Sjøørret;Flue;Alle åpne soner
2019-08-14;1.4;Laks;Flue;Alle åpne soner
2019-08-14;1.5;Sjøørret;Flue;Alle åpne soner
2019-08-14;1;Sjøørret;Flue;Alle åpne soner
2019-08-15;1;Sjøørret;Flue;Alle åpne soner
2019-08-15;0.9;Sjøørret;Flue;Alle åpne soner
2019-08-15;0.6;Sjøørret;Sluk;Alle åpne soner
2019-08-15;0.7;Sjøørret;Sluk;Alle åpne soner
2019-08-15;4;Laks;Sluk;Alle åpne soner
2019-08-15;0.7;Sjøørret;Flue;Alle åpne soner
2019-08-15;1;Sjøørret;Sluk;Alle åpne soner
2019-08-15;1.5;Sjøørret;Flue;Alle åpne soner
2019-08-15;1.5;Laks;Sluk;Alle åpne soner
2019-08-15;3;Laks;Flue;Alle åpne soner
2019-08-15;0.6;Sjøørret;Flue;Alle åpne soner
2019-08-15;1.1;Sjøørret;Sluk;Alle åpne soner
2019-08-16;0.8;Sjøørret;Sluk;Alle åpne soner
2019-08-16;0.7;Sjøørret;Sluk;Alle åpne soner
2019-08-16;1.5;Laks;Sluk;Alle åpne soner
2019-08-16;2.5;Laks;Sluk;Alle åpne soner
2019-08-16;3.5;Laks;Sluk;Alle åpne soner
2019-08-16;1.5;Laks;Sluk;Alle åpne soner
2019-08-16;1;Sjøørret;Flue;Alle åpne soner
2019-08-16;0.7;Laks;Sluk;Alle åpne soner
2019-08-16;0.8;Sjøørret;Sluk;Alle åpne soner
2019-08-16;0.6;Sjøørret;Meitemark;Alle åpne soner
2019-08-16;0.7;Sjøørret;Sluk;Alle åpne soner
2019-08-16;1.2;Laks;Meitemark;Alle åpne soner
2019-08-16;0.3;Sjøørret;Flue;Alle åpne soner
2019-08-16;0.5;Sjøørret;Flue;Alle åpne soner
2019-08-16;1.5;Sjøørret;Flue;Alle åpne soner
2019-08-16;2;Sjøørret;Flue;Alle åpne soner
2019-08-16;3;Laks;Flue;Alle åpne soner
2019-08-17;1;Laks;Sluk;Alle åpne soner
2019-08-17;0.5;Sjøørret;Sluk;Alle åpne soner
2019-08-18;1;Sjøørret;Sluk;Alle åpne soner
2019-08-18;1.3;Laks;Sluk;Alle åpne soner
2019-08-18;0.7;Sjøørret;Flue;Alle åpne soner
2019-08-18;1;Laks;Sluk;Alle åpne soner
2019-08-18;0.8;Sjøørret;Flue;Alle åpne soner
2019-08-19;2.5;Laks;Flue;Alle åpne soner
2019-08-19;0.6;Sjøørret;Sluk;Alle åpne soner
2019-08-19;1.5;Laks;Sluk;Alle åpne soner
2019-08-19;1.5;Laks;Sluk;Alle åpne soner
2019-08-19;0.7;Sjøørret;Sluk;Alle åpne soner
2019-08-19;0.5;Sjøørret;Sluk;Alle åpne soner
2019-08-19;0.7;Sjøørret;Flue;Alle åpne soner
2019-08-19;1.3;Sjøørret;Flue;Alle åpne soner
2019-08-19;0.5;Sjøørret;Sluk;Alle åpne soner
2019-08-19;0.7;Sjøørret;Flue;Alle åpne soner
2019-08-20;2;Laks;Flue;Alle åpne soner
2019-08-20;1;Sjøørret;Flue;Alle åpne soner
2019-08-20;2;Laks;Flue;Alle åpne soner
2019-08-20;3.6;Laks;Flue;Alle åpne soner
2019-08-20;0.9;Sjøørret;Sluk;Alle åpne soner
2019-08-20;1.1;Laks;Sluk;Alle åpne soner
2019-08-20;1.4;Sjøørret;Flue;Alle åpne soner
2019-08-20;1;Sjøørret;Flue;Alle åpne soner
2019-08-20;1;Laks;Flue;Alle åpne soner
2019-08-20;2;Laks;Flue;Alle åpne soner
2019-08-20;1.5;Laks;Flue;Alle åpne soner
2019-08-21;1.2;Laks;Sluk;Alle åpne soner
2019-08-21;0.9;Laks;Flue;Alle åpne soner
2019-08-21;2.4;Laks;Flue;Alle åpne soner
2019-08-21;0.8;Sjøørret;Sluk;Alle åpne soner
2019-08-21;1;Laks;Sluk;Alle åpne soner
2019-08-21;0.6;Sjøørret;Sluk;Alle åpne soner
2019-08-21;1.1;Sjøørret;Flue;Alle åpne soner
2019-08-21;1.2;Sjøørret;Flue;Alle åpne soner
2019-08-21;1.5;Sjøørret;Flue;Alle åpne soner
2019-08-21;1.2;Sjøørret;Flue;Alle åpne soner
2019-08-21;1;Laks;Flue;Alle åpne soner
2019-08-21;0.9;Sjøørret;Flue;Alle åpne soner
2019-08-21;0.6;Sjøørret;Flue;Alle åpne soner
2019-08-21;1.3;Laks;Flue;Alle åpne soner
2019-08-21;0.5;Sjøørret;Flue;Alle åpne soner
2019-08-21;1;Sjøørret;Flue;Alle åpne soner
2019-08-21;2.7;Laks;Flue;Alle åpne soner
2019-08-22;1.5;Sjøørret;Sluk;Alle åpne soner
2019-08-22;2.1;Laks;Flue;Alle åpne soner
2019-08-23;1.1;Laks;Sluk;Alle åpne soner
2019-08-23;1.4;Sjøørret;Sluk;Alle åpne soner
2019-08-23;3.5;Sjøørret;Sluk;Alle åpne soner
2019-08-23;4.1;Laks;Sluk;Alle åpne soner
2019-08-23;0.4;Sjøørret;Sluk;Alle åpne soner
2019-08-24;0.5;Sjøørret;Sluk;Alle åpne soner
2019-08-24;0.5;Sjøørret;Sluk;Alle åpne soner
2019-08-24;1;Sjøørret;Sluk;Alle åpne soner
2019-08-24;0.7;Sjøørret;Sluk;Alle åpne soner
2019-08-24;1.4;Laks;Flue;Alle åpne soner
2019-08-25;2.2;Sjøørret;Flue;Alle åpne soner
2019-08-25;0.9;Sjøørret;Sluk;Alle åpne soner
2019-08-25;0.5;Sjøørret;Sluk;Alle åpne soner
2019-08-25;0.6;Laks;Sluk;Alle åpne soner
2019-08-25;1.2;Laks;Sluk;Alle åpne soner
2019-08-25;0.7;Sjøørret;Sluk;Alle åpne soner
2019-08-25;4;Laks;Sluk;Alle åpne soner
2019-08-25;1.8;Laks;Flue;Alle åpne soner
2019-08-25;2.3;Sjøørret;Flue;Alle åpne soner
2019-08-25;1.2;Sjøørret;Flue;Alle åpne soner
2019-08-25;1;Sjøørret;Flue;Alle åpne soner
2019-08-25;0.7;Sjøørret;Flue;Alle åpne soner
2019-08-25;0.5;Sjøørret;Flue;Alle åpne soner
2019-08-27;1.1;Sjøørret;Flue;Alle åpne soner
2019-08-27;0.6;Sjøørret;Flue;Alle åpne soner
2019-08-27;0.7;Sjøørret;Sluk;Alle åpne soner
2019-08-28;0.4;Sjøørret;Sluk;Alle åpne soner
2019-08-28;1;Sjøørret;Flue;Alle åpne soner
2019-08-29;0.3;Sjøørret;Sluk;Alle åpne soner
2019-08-29;0.7;Sjøørret;Flue;Alle åpne soner
2019-08-29;0.7;Sjøørret;Flue;Alle åpne soner
2019-08-29;1;Sjøørret;Flue;Alle åpne soner
2019-08-29;1;Sjøørret;Flue;Alle åpne soner
2019-08-29;0.8;Sjøørret;Flue;Alle åpne soner
2019-08-29;0.8;Sjøørret;Flue;Alle åpne soner
2019-08-29;0.7;Sjøørret;Flue;Alle åpne soner
2019-08-29;0.5;Sjøørret;Flue;Alle åpne soner
2019-08-30;0.5;Sjøørret;Flue;Alle åpne soner
2019-08-31;0.8;Sjøørret;Flue;Alle åpne soner
2019-08-31;0.7;Sjøørret;Flue;Alle åpne soner
2019-08-31;1.4;Sjøørret;Flue;Alle åpne soner
2019-09-05;0.8;Sjøørret;Flue;Alle åpne soner
2019-09-05;0.7;Sjøørret;Flue;Alle åpne soner
2019-09-05;1.2;Regnbueørret;Flue;Alle åpne soner
2019-09-05;2;Laks;Flue;Alle åpne soner
2019-09-05;1.4;Sjøørret;Flue;Alle åpne soner
2019-09-05;0.9;Sjøørret;Flue;Alle åpne soner
2019-09-05;1.2;Sjøørret;Flue;Alle åpne soner
2019-09-05;4.5;Sjøørret;Flue;Alle åpne soner
2019-09-05;1;Laks;Flue;Alle åpne soner
2019-09-06;2;Laks;Flue;Alle åpne soner
2019-09-06;1;Sjøørret;Flue;Alle åpne soner
2019-09-06;1.6;Laks;Flue;Alle åpne soner
2019-09-07;1;Sjøørret;Flue;Alle åpne soner
2019-09-08;1;Sjøørret;Flue;Alle åpne soner
2019-09-08;0.4;Sjøørret;Flue;Alle åpne soner
2019-09-08;0.6;Sjøørret;Sluk;Alle åpne soner
2019-09-08;1.3;Sjøørret;Flue;Alle åpne soner
2019-09-08;0.4;Sjøørret;Flue;Alle åpne soner
2019-09-09;4;Laks;Flue;Alle åpne soner
2019-09-09;1.5;Laks;Flue;Alle åpne soner
2019-09-10;0.7;Sjøørret;Sluk;Alle åpne soner
2019-09-10;0.6;Sjøørret;Sluk;Alle åpne soner
2019-09-10;1;Sjøørret;Flue;Alle åpne soner
2019-09-10;2.5;Sjøørret;Flue;Alle åpne soner
2019-09-10;1;Sjøørret;Flue;Alle åpne soner
2019-09-10;1.2;Laks;Flue;Alle åpne soner
2019-09-10;1;Sjøørret;Flue;Alle åpne soner
2019-09-10;0.6;Sjøørret;Flue;Alle åpne soner
2019-09-11;0.8;Sjøørret;Flue;Alle åpne soner
2019-09-11;2.9;Sjøørret;Flue;Alle åpne soner
2019-09-11;0.65;Sjøørret;Sluk;Alle åpne soner
2019-09-11;1.2;Sjøørret;Flue;Alle åpne soner
2019-09-11;0.9;Sjøørret;Flue;Alle åpne soner
2019-09-12;0.8;Sjøørret;Flue;Alle åpne soner
2019-09-12;0.8;Sjøørret;Sluk;Alle åpne soner
2019-09-12;0.5;Sjøørret;Sluk;Alle åpne soner
2019-09-12;2.5;Sjøørret;Sluk;Alle åpne soner
2019-09-12;0.8;Laks;Sluk;Alle åpne soner
2019-09-12;0.7;Sjøørret;Sluk;Alle åpne soner
2019-09-12;1.5;Sjøørret;Flue;Alle åpne soner
2019-09-12;0.6;Sjøørret;Flue;Alle åpne soner
2019-09-12;1;Laks;Flue;Alle åpne soner
2019-09-12;1.5;Sjøørret;Flue;Alle åpne soner
2019-09-12;1.2;Sjøørret;Sluk;Alle åpne soner
2019-09-13;0.6;Sjøørret;Flue;Alle åpne soner
2019-09-13;0.7;Sjøørret;Flue;Alle åpne soner
2019-09-14;0.5;Sjøørret;Flue;Alle åpne soner
2019-09-14;1.5;Laks;Sluk;Alle åpne soner
2019-09-14;2;Sjøørret;Flue;Alle åpne soner
2019-09-15;0.6;Sjøørret;Sluk;Alle åpne soner
2019-09-15;1;Sjøørret;Flue;Alle åpne soner
2019-09-15;0.7;Sjøørret;Flue;Alle åpne soner
2019-09-15;2.1;Laks;Flue;Alle åpne soner
2019-09-15;3;Laks;Sluk;Alle åpne soner
2019-09-16;1.2;Sjøørret;Flue;Alle åpne soner
2019-09-16;0.6;Sjøørret;Flue;Alle åpne soner
2019-09-16;1;Sjøørret;Flue;Alle åpne soner
2019-09-16;2;Sjøørret;Flue;Alle åpne soner
2019-09-16;0.5;Sjøørret;Flue;Alle åpne soner
2019-09-16;0.8;Sjøørret;Flue;Alle åpne soner
2019-09-16;6;Laks;Flue;Alle åpne soner
2019-09-16;2.5;Sjøørret;Flue;Alle åpne soner
2019-09-16;0.8;Sjøørret;Flue;Alle åpne soner
2019-09-16;1.2;Sjøørret;Flue;Alle åpne soner
2019-09-16;0.5;Sjøørret;Flue;Alle åpne soner
2019-09-16;1.4;Sjøørret;Flue;Alle åpne soner
2019-09-16;1.7;Laks;Flue;Alle åpne soner
2019-09-16;1;Sjøørret;Flue;Alle åpne soner
2019-09-16;0.6;Sjøørret;Flue;Alle åpne soner
2019-09-16;1;Sjøørret;Flue;Alle åpne soner
2019-09-16;1.5;Sjøørret;Flue;Alle åpne soner
2019-09-17;1.5;Sjøørret;Flue;Alle åpne soner
2019-09-17;0.8;Sjøørret;Flue;Alle åpne soner
2019-09-17;1.3;Laks;Flue;Alle åpne soner
2019-09-17;2;Laks;Flue;Alle åpne soner
2019-09-17;0.7;Sjøørret;Flue;Alle åpne soner
2019-09-17;0.7;Sjøørret;Flue;Alle åpne soner
2019-09-17;1;Sjøørret;Flue;Alle åpne soner
2019-09-17;0.9;Sjøørret;Flue;Alle åpne soner
2019-09-17;1;Sjøørret;Flue;Alle åpne soner
2019-09-17;1.4;Sjøørret;Flue;Alle åpne soner
2019-09-18;0.5;Sjøørret;Flue;Alle åpne soner
2019-09-18;0.5;Sjøørret;Flue;Alle åpne soner
2019-09-18;1.3;Sjøørret;Flue;Alle åpne soner
2019-09-19;0.7;Sjøørret;Flue;Alle åpne soner
2019-09-19;1.1;Sjøørret;Flue;Alle åpne soner
2019-09-19;7;Laks;Flue;Alle åpne soner
2019-09-19;2;Sjøørret;Flue;Alle åpne soner
2019-09-19;1.5;Sjøørret;Flue;Alle åpne soner
2019-09-19;1;Sjøørret;Flue;Alle åpne soner
2019-09-19;0.5;Sjøørret;Flue;Alle åpne soner
2019-09-19;1.6;Sjøørret;Flue;Alle åpne soner
2019-09-19;1;Sjøørret;Flue;Alle åpne soner
2019-09-19;1;Sjøørret;Flue;Alle åpne soner
2019-09-20;0.7;Sjøørret;Flue;Alle åpne soner
2019-09-20;0.2;Sjøørret;Sluk;Alle åpne soner
2019-09-20;0.7;Sjøørret;Sluk;Alle åpne soner
2019-09-20;0.8;Sjøørret;Flue;Alle åpne soner
2019-09-24;0.6;Sjøørret;Flue;Alle åpne soner
2019-09-24;0.8;Sjøørret;Flue;Alle åpne soner
2019-09-24;1.2;Sjøørret;Flue;Alle åpne soner
2019-09-24;1.1;Sjøørret;Flue;Alle åpne soner
2019-09-25;1;Sjøørret;Flue;Alle åpne soner
2019-09-26;0.8;Sjøørret;Flue;Alle åpne soner
2019-09-26;0.6;Sjøørret;Flue;Alle åpne soner
2019-09-26;1;Sjøørret;Flue;Alle åpne soner
2019-09-26;1;Sjøørret;Flue;Alle åpne soner
2019-09-27;0.6;Sjøørret;Flue;Alle åpne soner
2019-09-28;0.8;Sjøørret;Sluk;Alle åpne soner
2019-09-28;0.5;Sjøørret;Flue;Alle åpne soner
2019-09-28;1.2;Laks;Sluk;Alle åpne soner
2019-09-29;0.7;Sjøørret;Sluk;Alle åpne soner
2019-09-29;1.3;Sjøørret;Sluk;Alle åpne soner
2019-09-29;7.7;Laks;Sluk;Alle åpne soner
2019-09-29;1.2;Sjøørret;Sluk;Alle åpne soner
2019-09-29;2;Laks;Sluk;Alle åpne soner
2019-09-29;7;Laks;Sluk;Alle åpne soner
2019-09-30;2.3;Sjøørret;Flue;Alle åpne soner
2019-09-30;1;Sjøørret;Flue;Alle åpne soner
2019-09-30;1.6;Sjøørret;Sluk;Alle åpne soner
2019-09-30;0.8;Sjøørret;Flue;Alle åpne soner
2019-09-30;1.5;Laks;Flue;Alle åpne soner
2019-09-30;0.5;Sjøørret;Sluk;Alle åpne soner
2019-09-30;0.6;Sjøørret;Sluk;Alle åpne soner
2019-09-30;0.9;Sjøørret;Sluk;Alle åpne soner
2019-09-30;2.1;Laks;Sluk;Alle åpne soner
2019-09-30;0.6;Sjøørret;Flue;Alle åpne soner
2019-09-30;0.5;Sjøørret;Flue;Alle åpne soner
2019-09-30;1.2;Laks;Sluk;Alle åpne soner
2019-09-30;4.5;Laks;Sluk;Alle åpne soner
2019-09-30;2.2;Laks;Sluk;Alle åpne soner
2019-09-30;1.2;Sjøørret;Flue;Alle åpne soner
2019-09-30;0.9;Sjøørret;Flue;Alle åpne soner
2019-09-30;1;Sjøørret;Flue;Alle åpne soner
2019-09-30;1;Sjøørret;Flue;Alle åpne soner
2019-09-30;0.5;Sjøørret;Flue;Alle åpne soner
2019-09-30;4;Laks;Flue;Alle åpne soner
2019-09-30;1;Laks;Sluk;Alle åpne soner
2019-09-30;0.6;Sjøørret;Sluk;Alle åpne soner
2019-09-30;1.5;Sjøørret;Flue;Alle åpne soner
2019-09-30;1.2;Sjøørret;Flue;Alle åpne soner
2019-09-30;2.2;Laks;Flue;Alle åpne soner
2019-09-30;8;Laks;Flue;Alle åpne soner
2019-09-30;1.6;Sjøørret;Sluk;Alle åpne soner
2019-09-30;0.9;Sjøørret;Flue;Alle åpne soner
2019-09-30;0.9;Sjøørret;Flue;Alle åpne soner
2019-09-30;0.7;Sjøørret;Flue;Alle åpne soner
2019-09-30;0.6;Sjøørret;Flue;Alle åpne soner
2019-09-30;0.4;Sjøørret;Flue;Alle åpne soner
2019-09-30;1.1;Sjøørret;Flue;Alle åpne soner
2019-09-30;5.4;Laks;Flue;Alle åpne soner
2019-09-30;1.5;Sjøørret;Flue;Alle åpne soner
2019-09-30;1.2;Sjøørret;Flue;Alle åpne soner
2019-09-30;1;Sjøørret;Flue;Alle åpne soner
2019-09-30;5.5;Laks;Flue;Alle åpne soner
2019-09-30;1.3;Sjøørret;Flue;Alle åpne soner
2019-09-30;1;Sjøørret;Flue;Alle åpne soner
2019-09-30;1.4;Laks;Flue;Alle åpne soner
2019-09-30;4.8;Laks;Flue;Alle åpne soner
2019-09-30;1;Sjøørret;Flue;Alle åpne soner
2020-06-30;0.95;Sjøørret;Sluk;Alle åpne soner
2020-06-30;1.6;Laks;Flue;Alle åpne soner
2020-07-01;0.9;Sjøørret;Sluk;Alle åpne soner
2020-07-04;1.5;Sjøørret;Flue;Alle åpne soner
2020-07-04;0.75;Sjøørret;Sluk;Alle åpne soner
2020-07-04;0.9;Sjøørret;Sluk;Alle åpne soner
2020-07-05;4.6;Laks;Sluk;Alle åpne soner
2020-07-05;1.3;Laks;Flue;Alle åpne soner
2020-07-05;0.6;Sjøørret;Sluk;Alle åpne soner
2020-07-06;0.5;Sjøørret;Flue;Alle åpne soner
2020-07-06;2.5;Laks;Flue;Alle åpne soner
2020-07-06;1;Sjøørret;Flue;Alle åpne soner
2020-07-06;0.5;Sjøørret;Sluk;Alle åpne soner
2020-07-06;1.3;Sjøørret;Sluk;Alle åpne soner
2020-07-06;0.75;Sjøørret;Flue;Alle åpne soner
2020-07-06;0.8;Sjøørret;Flue;Alle åpne soner
2020-07-06;0.83;Laks;Sluk;Alle åpne soner
2020-07-08;2.4;Laks;Sluk;Alle åpne soner
2020-07-11;0.8;Sjøørret;Sluk;Alle åpne soner
2020-07-11;0.9;Sjøørret;Sluk;Alle åpne soner
2020-07-12;1.1;Laks;Flue;Alle åpne soner
2020-07-12;0.8;Laks;Sluk;Alle åpne soner
2020-07-12;3.1;Laks;Sluk;Alle åpne soner
2020-07-16;1.2;Laks;Sluk;Alle åpne soner
2020-07-19;1.5;Sjøørret;Sluk;Alle åpne soner
2020-07-19;0.6;Sjøørret;Sluk;Alle åpne soner
2020-07-19;1.5;Laks;Sluk;Alle åpne soner
2020-07-19;1.9;Laks;Sluk;Alle åpne soner
2020-07-19;1.5;Sjøørret;Flue;Alle åpne soner
2020-07-19;2;Laks;Flue;Alle åpne soner
2020-07-19;0.9;Laks;Flue;Alle åpne soner
2020-07-19;0.8;Sjøørret;Flue;Alle åpne soner
2020-07-19;1.9;Laks;Flue;Alle åpne soner
2020-07-19;1.5;Laks;Flue;Alle åpne soner
2020-07-19;1.9;Laks;Sluk;Alle åpne soner
2020-07-20;1.4;Laks;Sluk;Alle åpne soner
2020-07-20;1.5;Laks;Sluk;Alle åpne soner
2020-07-20;1.2;Laks;Sluk;Alle åpne soner
2020-07-20;1;Sjøørret;Sluk;Alle åpne soner
2020-07-20;2.3;Laks;Flue;Alle åpne soner
2020-07-21;3;Laks;Sluk;Alle åpne soner
2020-07-22;1.6;Laks;Sluk;Alle åpne soner
2020-07-22;2.3;Laks;Sluk;Alle åpne soner
2020-07-23;1.2;Laks;Sluk;Alle åpne soner
2020-07-25;1.6;Laks;Flue;Alle åpne soner
2020-07-25;2.2;Laks;Flue;Alle åpne soner
2020-07-25;1.6;Laks;Flue;Alle åpne soner
2020-07-25;1.4;Laks;Flue;Alle åpne soner
2020-07-25;0.8;Sjøørret;Flue;Alle åpne soner
2020-07-27;1.5;Laks;Sluk;Alle åpne soner
2020-07-27;1.6;Laks;Sluk;Alle åpne soner
2020-07-27;0.7;Sjøørret;Sluk;Alle åpne soner
2020-07-27;1.9;Laks;Sluk;Alle åpne soner
2020-07-28;1.4;Laks;Sluk;Alle åpne soner
2020-07-29;0.7;Sjøørret;Flue;Alle åpne soner
2020-07-29;1.1;Sjøørret;Sluk;Alle åpne soner
2020-07-29;1.2;Laks;Sluk;Alle åpne soner
2020-07-29;4.2;Sjøørret;Sluk;Alle åpne soner
2020-07-29;1.7;Laks;Sluk;Alle åpne soner
2020-07-29;1.5;Laks;Sluk;Alle åpne soner
2020-07-30;1.5;Laks;Flue;Alle åpne soner
2020-07-30;0.8;Sjøørret;Flue;Alle åpne soner
2020-07-30;0.7;Sjøørret;Flue;Alle åpne soner
2020-07-30;1.6;Laks;Sluk;Alle åpne soner
2020-07-30;1.5;Laks;Sluk;Alle åpne soner
2020-07-30;2;Laks;Flue;Alle åpne soner
2020-07-30;1;Sjøørret;Sluk;Alle åpne soner
2020-07-30;1.6;Laks;Flue;Alle åpne soner
2020-07-30;2.1;Laks;Sluk;Alle åpne soner
2020-07-30;1.8;Laks;Sluk;Alle åpne soner
2020-07-30;0.5;Sjøørret;Sluk;Alle åpne soner
2020-07-30;1.4;Laks;Sluk;Alle åpne soner
2020-07-30;1.8;Sjøørret;Flue;Alle åpne soner
2020-07-30;0.6;Sjøørret;Flue;Alle åpne soner
2020-07-30;1.5;Laks;Flue;Alle åpne soner
2020-07-30;2.8;Laks;Flue;Alle åpne soner
2020-07-31;1.7;Laks;Flue;Alle åpne soner
2020-07-31;0.5;Sjøørret;Sluk;Alle åpne soner
2020-07-31;1.7;Sjøørret;Sluk;Alle åpne soner
2020-07-31;1.2;Sjøørret;Flue;Alle åpne soner
2020-07-31;1.4;Laks;Flue;Alle åpne soner
2020-07-31;1.2;Laks;Flue;Alle åpne soner
2020-07-31;1.4;Laks;Flue;Alle åpne soner
2020-07-31;2;Laks;Flue;Alle åpne soner
2020-07-31;0.8;Sjøørret;Flue;Alle åpne soner
2020-07-31;1.7;Laks;Sluk;Alle åpne soner
2020-07-31;1.8;Laks;Flue;Alle åpne soner
2020-08-01;1.3;Laks;Sluk;Alle åpne soner
2020-08-01;1.7;Laks;Flue;Alle åpne soner
2020-08-01;2.3;Laks;Sluk;Alle åpne soner
2020-08-01;2.5;Laks;Flue;Alle åpne soner
2020-08-02;1.6;Laks;Flue;Alle åpne soner
2020-08-03;1.5;Laks;Sluk;Alle åpne soner
2020-08-05;1.1;Sjøørret;Sluk;Alle åpne soner
2020-08-05;1.2;Laks;Sluk;Alle åpne soner
2020-08-05;1;Laks;Sluk;Alle åpne soner
2020-08-05;1.3;Laks;Sluk;Alle åpne soner
2020-08-06;0.8;Sjøørret;Sluk;Alle åpne soner
2020-08-06;1.32;Laks;Sluk;Alle åpne soner
2020-08-06;1.5;Laks;Meitemark;Alle åpne soner
2020-08-06;1.5;Laks;Sluk;Alle åpne soner
2020-08-06;1.9;Laks;Sluk;Alle åpne soner
2020-08-06;2;Laks;Flue;Alle åpne soner
2020-08-06;1.5;Sjøørret;Sluk;Alle åpne soner
2020-08-06;1.2;Laks;Flue;Alle åpne soner
2020-08-06;1;Sjøørret;Flue;Alle åpne soner
2020-08-07;0.8;Sjøørret;Flue;Alle åpne soner
2020-08-08;0.9;Laks;Sluk;Alle åpne soner
2020-08-09;1.6;Laks;Sluk;Alle åpne soner
2020-08-21;5;Sjøørret;Flue;Alle åpne soner
2020-08-21;1.3;Laks;Sluk;Alle åpne soner
2020-08-21;0.8;Sjøørret;Sluk;Alle åpne soner
2020-08-22;0.5;Sjøørret;Flue;Alle åpne soner
2020-08-22;1;Laks;Sluk;Alle åpne soner
2020-08-22;0.7;Sjøørret;Flue;Alle åpne soner
2020-08-22;0.7;Sjøørret;Sluk;Alle åpne soner
2020-08-22;1.5;Sjøørret;Sluk;Alle åpne soner
2020-08-22;1;Sjøørret;Flue;Alle åpne soner
2020-08-22;1;Laks;Flue;Alle åpne soner
2020-08-22;1;Sjøørret;Sluk;Alle åpne soner
2020-08-22;1.1;Laks;Flue;Alle åpne soner
2020-08-23;1;Sjøørret;Sluk;Alle åpne soner
2020-08-23;0.7;Sjøørret;Flue;Alle åpne soner
2020-08-23;2.2;Laks;Sluk;Alle åpne soner
2020-08-26;1.4;Laks;Flue;Alle åpne soner
2020-08-27;0.6;Sjøørret;Flue;Alle åpne soner
2020-08-27;6.5;Laks;Sluk;Alle åpne soner
2020-08-27;0.6;Sjøørret;Sluk;Alle åpne soner
2020-08-29;1.5;Laks;Sluk;Alle åpne soner
2020-09-04;1.4;Laks;Sluk;Alle åpne soner
2020-09-04;1.3;Sjøørret;Flue;Alle åpne soner
2020-09-04;1;Sjøørret;Flue;Alle åpne soner
2020-09-04;1.1;Laks;Flue;Alle åpne soner
2020-09-04;1.2;Sjøørret;Flue;Alle åpne soner
2020-09-04;1.2;Laks;Flue;Alle åpne soner
2020-09-04;3.5;Laks;Flue;Alle åpne soner
2020-09-04;0.9;Sjøørret;Flue;Alle åpne soner
2020-09-04;0.8;Sjøørret;Flue;Alle åpne soner
2020-09-04;1.2;Laks;Flue;Alle åpne soner
2020-09-04;1;Sjøørret;Flue;Alle åpne soner
2020-09-04;4;Laks;Flue;Alle åpne soner
2020-09-04;1.3;Laks;Flue;Alle åpne soner
2020-09-04;1.2;Sjøørret;Flue;Alle åpne soner
2020-09-04;1.6;Sjøørret;Flue;Alle åpne soner
2020-09-05;0.8;Sjøørret;Flue;Alle åpne soner
2020-09-05;1;Sjøørret;Flue;Alle åpne soner
2020-09-05;1.2;Sjøørret;Flue;Alle åpne soner
2020-09-05;1.2;Laks;Sluk;Alle åpne soner
2020-09-05;0.6;Sjøørret;Flue;Alle åpne soner
2020-09-05;0.8;Sjøørret;Flue;Alle åpne soner
2020-09-05;2.5;Laks;Flue;Alle åpne soner
2020-09-06;0.7;Sjøørret;Flue;Alle åpne soner
2020-09-08;0.8;Sjøørret;Flue;Alle åpne soner
2020-09-09;1.1;Sjøørret;Flue;Alle åpne soner
2020-09-10;0.8;Sjøørret;Flue;Alle åpne soner
2020-09-10;1.4;Sjøørret;Flue;Alle åpne soner
2020-09-10;1.2;Sjøørret;Flue;Alle åpne soner
2020-09-11;0.7;Sjøørret;Flue;Alle åpne soner
2020-09-11;1.3;Sjøørret;Flue;Alle åpne soner
2020-09-12;1.1;Sjøørret;Flue;Alle åpne soner
2020-09-13;0.9;Sjøørret;Flue;Alle åpne soner
2020-09-16;0.8;Sjøørret;Flue;Alle åpne soner
2020-09-18;0.9;Sjøørret;Flue;Alle åpne soner
2020-09-25;2;Laks;Flue;Alle åpne soner
2020-09-25;5;Laks;Flue;Alle åpne soner
2020-09-25;0.7;Sjøørret;Sluk;Alle åpne soner
2020-09-25;0.9;Sjøørret;Sluk;Alle åpne soner
2020-09-25;1;Sjøørret;Flue;Alle åpne soner
2020-09-25;1.1;Sjøørret;Flue;Alle åpne soner
2020-09-25;0.9;Laks;Flue;Alle åpne soner
2020-09-25;1.1;Laks;Flue;Alle åpne soner
2020-09-25;1;Laks;Flue;Alle åpne soner
2020-09-25;1;Sjøørret;Flue;Alle åpne soner
2020-09-25;5.5;Laks;Flue;Alle åpne soner
2020-09-25;1.2;Laks;Flue;Alle åpne soner
2020-09-25;1.2;Laks;Flue;Alle åpne soner
2020-09-25;0.5;Sjøørret;Flue;Alle åpne soner
2020-09-25;0.5;Sjøørret;Flue;Alle åpne soner
2020-09-25;1.5;Laks;Flue;Alle åpne soner
2020-09-25;0.7;Sjøørret;Flue;Alle åpne soner
2020-09-25;2.8;Laks;Flue;Alle åpne soner
2020-09-25;1.1;Sjøørret;Flue;Alle åpne soner
2020-09-25;1.8;Laks;Flue;Alle åpne soner
2020-09-25;1.2;Laks;Flue;Alle åpne soner
2020-09-25;6;Laks;Flue;Alle åpne soner
2020-09-25;0.5;Sjøørret;Flue;Alle åpne soner
2020-09-25;3.3;Laks;Flue;Alle åpne soner
2020-09-25;2.1;Laks;Flue;Alle åpne soner
2020-09-25;1.8;Laks;Flue;Alle åpne soner
2020-09-25;0.9;Sjøørret;Flue;Alle åpne soner
2020-09-25;0.8;Sjøørret;Flue;Alle åpne soner
2020-09-25;0.7;Sjøørret;Flue;Alle åpne soner
2020-09-25;2.3;Laks;Flue;Alle åpne soner
2020-09-25;1.5;Laks;Flue;Alle åpne soner
2020-09-25;1.6;Laks;Flue;Alle åpne soner
2020-09-25;1.5;Laks;Flue;Alle åpne soner
2020-09-25;0.9;Sjøørret;Flue;Alle åpne soner
2020-09-25;1.5;Laks;Flue;Alle åpne soner
2020-09-25;1.8;Laks;Flue;Alle åpne soner
2020-09-25;2;Laks;Flue;Alle åpne soner
2020-09-25;2.5;Laks;Flue;Alle åpne soner
2020-09-25;1;Sjøørret;Flue;Alle åpne soner
2020-09-25;1;Sjøørret;Flue;Alle åpne soner
2020-09-25;1.2;Sjøørret;Flue;Alle åpne soner
2020-09-25;1;Sjøørret;Flue;Alle åpne soner
2020-09-25;1.1;Sjøørret;Flue;Alle åpne soner
2020-09-25;1;Sjøørret;Flue;Alle åpne soner
2020-09-25;1;Laks;Flue;Alle åpne soner
2020-09-25;0.6;Sjøørret;Flue;Alle åpne soner
2020-09-25;2.4;Laks;Flue;Alle åpne soner
2020-09-25;3;Laks;Flue;Alle åpne soner
2020-09-25;0.8;Sjøørret;Flue;Alle åpne soner
2020-09-26;0.6;Sjøørret;Flue;Alle åpne soner
2020-09-26;0.8;Sjøørret;Flue;Alle åpne soner
2020-09-26;1;Sjøørret;Flue;Alle åpne soner
2020-09-26;2;Laks;Flue;Alle åpne soner
2020-09-26;2;Laks;Flue;Alle åpne soner
2020-09-26;0.5;Sjøørret;Sluk;Alle åpne soner
2020-09-26;0.6;Sjøørret;Sluk;Alle åpne soner
2020-09-26;0.6;Sjøørret;Sluk;Alle åpne soner
2020-09-26;1.3;Laks;Sluk;Alle åpne soner
2020-09-26;2.2;Laks;Sluk;Alle åpne soner
2020-09-26;0.8;Sjøørret;Flue;Alle åpne soner
2020-09-26;0.8;Sjøørret;Flue;Alle åpne soner
2020-09-26;1.2;Laks;Sluk;Alle åpne soner
2020-09-26;2.5;Laks;Flue;Alle åpne soner
2020-09-26;1;Sjøørret;Flue;Alle åpne soner
2020-09-26;0.6;Sjøørret;Flue;Alle åpne soner
2020-09-26;1.9;Sjøørret;Flue;Alle åpne soner
2020-09-26;2.9;Laks;Sluk;Alle åpne soner
2020-09-26;0.5;Sjøørret;Flue;Alle åpne soner
2020-09-26;0.4;Sjøørret;Flue;Alle åpne soner
2020-09-26;0.4;Sjøørret;Flue;Alle åpne soner
2020-09-26;0.5;Sjøørret;Flue;Alle åpne soner
2020-09-26;0.8;Sjøørret;Flue;Alle åpne soner
2020-09-26;1.01;Sjøørret;Flue;Alle åpne soner
2020-09-26;4.5;Laks;Flue;Alle åpne soner
2020-09-26;2;Laks;Flue;Alle åpne soner
2020-09-26;1;Sjøørret;Flue;Alle åpne soner
2020-09-26;0.8;Sjøørret;Flue;Alle åpne soner
2020-09-26;1.1;Sjøørret;Flue;Alle åpne soner
2020-09-26;1.2;Sjøørret;Flue;Alle åpne soner
2020-09-26;2;Laks;Flue;Alle åpne soner
2020-09-26;1.5;Laks;Flue;Alle åpne soner
2020-09-26;0.7;Sjøørret;Flue;Alle åpne soner
2020-09-26;0.7;Sjøørret;Flue;Alle åpne soner
2020-09-26;0.8;Sjøørret;Flue;Alle åpne soner
2020-09-26;0.8;Sjøørret;Flue;Alle åpne soner
2020-09-26;1;Sjøørret;Flue;Alle åpne soner
2020-09-26;1.3;Sjøørret;Flue;Alle åpne soner
2020-09-26;1;Sjøørret;Flue;Alle åpne soner
2020-09-26;0.9;Sjøørret;Flue;Alle åpne soner
2020-09-26;1;Sjøørret;Flue;Alle åpne soner
2020-09-26;1.2;Sjøørret;Flue;Alle åpne soner
2020-09-26;0.8;Sjøørret;Flue;Alle åpne soner
2020-09-26;1;Sjøørret;Flue;Alle åpne soner
2020-09-26;1.8;Sjøørret;Flue;Alle åpne soner
2020-09-26;2.1;Sjøørret;Flue;Alle åpne soner
2020-09-26;0.7;Sjøørret;Flue;Alle åpne soner
2020-09-26;0.4;Sjøørret;Flue;Alle åpne soner
2020-09-26;0.5;Sjøørret;Flue;Alle åpne soner
2020-09-26;4;Laks;Flue;Alle åpne soner
2020-09-26;0.5;Sjøørret;Flue;Alle åpne soner
2020-09-26;0.8;Sjøørret;Flue;Alle åpne soner
2020-09-26;1.2;Sjøørret;Flue;Alle åpne soner
2020-09-26;1.3;Sjøørret;Flue;Alle åpne soner
2020-09-26;0.5;Sjøørret;Flue;Alle åpne soner
2020-09-26;2;Laks;Flue;Alle åpne soner
2020-09-26;2.8;Laks;Flue;Alle åpne soner
2020-09-27;0.6;Sjøørret;Flue;Alle åpne soner
2020-09-27;0.5;Sjøørret;Sluk;Alle åpne soner
2020-09-27;2.4;Sjøørret;Flue;Alle åpne soner
2020-09-27;1.2;Laks;Flue;Alle åpne soner
2020-09-27;1;Sjøørret;Flue;Alle åpne soner
2020-09-27;0.8;Sjøørret;Flue;Alle åpne soner
2020-09-27;0.5;Sjøørret;Flue;Alle åpne soner
2020-09-27;0.9;Sjøørret;Flue;Alle åpne soner
2020-09-27;0.6;Sjøørret;Flue;Alle åpne soner
2020-09-27;1;Sjøørret;Flue;Alle åpne soner
2020-09-27;1;Laks;Sluk;Alle åpne soner
2020-09-27;3.6;Laks;Sluk;Alle åpne soner
2020-09-27;1;Sjøørret;Flue;Alle åpne soner
2020-09-27;1.6;Laks;Flue;Alle åpne soner
2020-09-27;1.5;Sjøørret;Sluk;Alle åpne soner
2020-09-27;2.5;Laks;Sluk;Alle åpne soner
2020-09-27;1.5;Sjøørret;Flue;Alle åpne soner
2020-09-27;0.5;Sjøørret;Flue;Alle åpne soner
2020-09-27;1.2;Laks;Flue;Alle åpne soner
2020-09-27;1.6;Sjøørret;Flue;Alle åpne soner
2020-09-27;0.5;Sjøørret;Flue;Alle åpne soner
2020-09-27;0.6;Sjøørret;Flue;Alle åpne soner
2020-09-27;0.8;Sjøørret;Flue;Alle åpne soner
2020-09-27;0.8;Sjøørret;Flue;Alle åpne soner
2020-09-27;0.6;Sjøørret;Flue;Alle åpne soner
2020-09-27;0.5;Sjøørret;Flue;Alle åpne soner
2020-09-27;2.5;Laks;Flue;Alle åpne soner
2020-09-27;0.5;Sjøørret;Flue;Alle åpne soner
2020-09-27;0.8;Sjøørret;Flue;Alle åpne soner
2020-09-27;1;Sjøørret;Flue;Alle åpne soner
2020-09-27;1;Sjøørret;Flue;Alle åpne soner
2020-09-28;0.8;Sjøørret;Sluk;Alle åpne soner
2020-09-28;0.8;Sjøørret;Sluk;Alle åpne soner
2020-09-28;1.6;Laks;Sluk;Alle åpne soner
2020-09-28;0.4;Sjøørret;Flue;Alle åpne soner
2020-09-28;1;Sjøørret;Flue;Alle åpne soner
2020-09-28;2;Sjøørret;Flue;Alle åpne soner
2020-09-28;1;Sjøørret;Flue;Alle åpne soner
2020-09-28;2;Laks;Flue;Alle åpne soner
2020-09-28;1;Sjøørret;Flue;Alle åpne soner
2020-09-28;0.7;Sjøørret;Flue;Alle åpne soner
2020-09-28;2;Sjøørret;Flue;Alle åpne soner
2020-09-28;1;Sjøørret;Flue;Alle åpne soner
2020-09-28;0.8;Sjøørret;Flue;Alle åpne soner
2020-09-28;1;Sjøørret;Flue;Alle åpne soner
2020-09-28;0.6;Sjøørret;Flue;Alle åpne soner
2020-09-28;1.1;Sjøørret;Flue;Alle åpne soner
2020-09-28;0.5;Sjøørret;Flue;Alle åpne soner
2020-09-28;0.6;Sjøørret;Flue;Alle åpne soner
2020-09-28;1.3;Laks;Flue;Alle åpne soner
2020-09-29;1.2;Sjøørret;Sluk;Alle åpne soner
2020-09-29;0.35;Sjøørret;Flue;Alle åpne soner
2020-09-29;0.7;Sjøørret;Flue;Alle åpne soner
2020-09-29;1;Sjøørret;Flue;Alle åpne soner
2020-09-29;2;Sjøørret;Flue;Alle åpne soner
2020-09-29;0.6;Sjøørret;Flue;Alle åpne soner
2020-09-29;0.2;Sjøørret;Flue;Alle åpne soner
2020-09-29;0.5;Sjøørret;Flue;Alle åpne soner
2020-09-30;1;Sjøørret;Sluk;Alle åpne soner
2020-09-30;0.8;Sjøørret;Sluk;Alle åpne soner
2020-09-30;0.4;Sjøørret;Flue;Alle åpne soner
2020-09-30;0.6;Sjøørret;Sluk;Alle åpne soner
2020-09-30;0.8;Sjøørret;Flue;Alle åpne soner
2020-09-30;1;Sjøørret;Flue;Alle åpne soner
2020-09-30;1.5;Sjøørret;Flue;Alle åpne soner
2020-09-30;2.5;Sjøørret;Flue;Alle åpne soner
2020-09-30;1.2;Laks;Flue;Alle åpne soner
2020-09-30;2;Laks;Flue;Alle åpne soner
2020-09-30;3;Laks;Flue;Alle åpne soner
2020-09-30;0.5;Sjøørret;Flue;Alle åpne soner
2020-09-30;0.8;Sjøørret;Flue;Alle åpne soner
2020-09-30;1;Sjøørret;Flue;Alle åpne soner
2020-09-30;1;Sjøørret;Flue;Alle åpne soner
2020-09-30;1.6;Laks;Flue;Alle åpne soner
2020-09-30;1.8;Laks;Sluk;Alle åpne soner
2020-09-30;1.3;Laks;Sluk;Alle åpne soner
2020-09-30;1.2;Laks;Sluk;Alle åpne soner
2020-09-30;0.8;Sjøørret;Flue;Alle åpne soner
2020-09-30;1;Sjøørret;Flue;Alle åpne soner
2020-09-30;0.5;Sjøørret;Flue;Alle åpne soner
2020-09-30;0.8;Sjøørret;Flue;Alle åpne soner
2020-09-30;0.5;Sjøørret;Flue;Alle åpne soner
2020-09-30;0.5;Sjøørret;Flue;Alle åpne soner
2020-09-30;0.8;Sjøørret;Flue;Alle åpne soner
2020-09-30;1.2;Sjøørret;Flue;Alle åpne soner
2020-09-30;1.5;Laks;Flue;Alle åpne soner
2020-09-30;0.3;Sjøørret;Flue;Alle åpne soner
2020-09-30;0.4;Sjøørret;Flue;Alle åpne soner
2020-09-30;0.5;Sjøørret;Flue;Alle åpne soner
2020-09-30;1;Sjøørret;Flue;Alle åpne soner
2020-09-30;1.3;Sjøørret;Flue;Alle åpne soner
2020-09-30;1.2;Laks;Flue;Alle åpne soner
2020-09-30;2;Sjøørret;Flue;Alle åpne soner
2020-09-30;0.5;Sjøørret;Flue;Alle åpne soner
2020-09-30;0.5;Sjøørret;Flue;Alle åpne soner
2020-09-30;0.5;Sjøørret;Flue;Alle åpne soner
2020-09-30;1;Sjøørret;Flue;Alle åpne soner
2020-09-30;2.3;Sjøørret;Flue;Alle åpne soner
2020-09-30;0.4;Sjøørret;Flue;Alle åpne soner
2020-09-30;0.5;Sjøørret;Flue;Alle åpne soner
2020-09-30;0.5;Sjøørret;Flue;Alle åpne soner
2021-06-06;0.4;Sjøørret;Sluk;Alle åpne soner
2021-06-12;0.6;Laks;Sluk;Alle åpne soner
2021-06-20;0.5;Sjøørret;Sluk;Alle åpne soner
2021-06-20;0.4;Sjøørret;Sluk;Alle åpne soner
2021-07-08;1;Sjøørret;Flue;Alle åpne soner
2021-07-09;0.5;Laks;Sluk;Alle åpne soner
2021-07-10;1.6;Laks;Sluk;Alle åpne soner
2021-07-10;2.5;Laks;Sluk;Alle åpne soner
2021-07-11;2;Laks;Sluk;Alle åpne soner
2021-07-11;0.9;Sjøørret;Flue;Alle åpne soner
2021-07-11;0.9;Sjøørret;Sluk;Alle åpne soner
2021-07-12;0.7;Sjøørret;Flue;Alle åpne soner
2021-07-12;3.5;Laks;Sluk;Alle åpne soner
2021-07-12;1.8;Laks;Sluk;Alle åpne soner
2021-07-17;4.1;Laks;Sluk;Alle åpne soner
2021-07-23;1.5;Sjøørret;Flue;Alle åpne soner
2021-07-27;1.1;Laks;Sluk;Alle åpne soner
2021-07-29;4.3;Laks;Sluk;Alle åpne soner
2021-07-29;1.1;Sjøørret;Flue;Alle åpne soner
2021-07-30;0.05;Laks;Flue;Alle åpne soner
2021-07-30;4.3;Laks;Flue;Alle åpne soner
2021-07-31;1;Sjøørret;Flue;Alle åpne soner
2021-08-05;3.9;Laks;Sluk;Alle åpne soner
2021-08-07;0.8;Sjøørret;Sluk;Alle åpne soner
2021-08-08;0.6;Sjøørret;Flue;Alle åpne soner
2021-08-09;1.3;Laks;Sluk;Alle åpne soner
2021-08-10;0.5;Laks;Sluk;Alle åpne soner
2021-08-10;1.6;Sjøørret;Flue;Alle åpne soner
2021-08-10;1.3;Sjøørret;Flue;Alle åpne soner
2021-08-10;1;Sjøørret;Flue;Alle åpne soner
2021-08-10;1.7;Laks;Flue;Alle åpne soner
2021-08-10;1.2;Sjøørret;Flue;Alle åpne soner
2021-08-10;1;Sjøørret;Flue;Alle åpne soner
2021-08-10;1;Sjøørret;Sluk;Alle åpne soner
2021-08-10;1.9;Laks;Sluk;Alle åpne soner
2021-08-10;1.5;Laks;Flue;Alle åpne soner
2021-08-11;1.5;Laks;Sluk;Alle åpne soner
2021-08-13;0.6;Sjøørret;Flue;Alle åpne soner
2021-08-14;2.6;Laks;Sluk;Alle åpne soner
2021-08-14;1.1;Laks;Sluk;Alle åpne soner
2021-08-15;0.8;Sjøørret;Flue;Alle åpne soner
2021-08-15;1.1;Laks;Sluk;Alle åpne soner
2021-08-15;2;Sjøørret;Sluk;Alle åpne soner
2021-08-15;1.3;Laks;Sluk;Alle åpne soner
2021-08-19;0.9;Sjøørret;Flue;Alle åpne soner
2021-09-02;0.9;Sjøørret;Flue;Alle åpne soner
2021-09-02;0.8;Sjøørret;Flue;Alle åpne soner
2021-09-15;0.8;Sjøørret;Flue;Alle åpne soner
2022-07-12;1;Sjøørret;Flue;Alle åpne soner
2022-08-01;1.5;Sjøørret;Flue;Alle åpne soner
2022-08-02;0.5;Sjøørret;Sluk;Alle åpne soner
2022-08-03;0.5;Sjøørret;Sluk;Alle åpne soner
2022-08-03;4;Laks;Flue;Alle åpne soner
2022-08-03;1;Laks;Sluk;Alle åpne soner
2022-08-05;0.8;Sjøørret;Flue;Alle åpne soner
2022-08-05;0.5;Sjøørret;Flue;Alle åpne soner
2022-08-05;0.7;Sjøørret;Flue;Alle åpne soner
2022-08-27;1.3;Laks;Flue;Alle åpne soner
2022-08-28;0.8;Sjøørret;Flue;Alle åpne soner
2022-08-28;1;Sjøørret;Flue;Alle åpne soner
2022-08-28;1;Laks;Flue;Alle åpne soner
2022-08-29;0.8;Sjøørret;Flue;Alle åpne soner
2022-08-29;0.4;Sjøørret;Flue;Alle åpne soner
2022-09-14;0.65;Sjøørret;Flue;Alle åpne soner
2022-09-14;0.6;Sjøørret;Flue;Alle åpne soner
2022-09-14;0.5;Sjøørret;Flue;Alle åpne soner
2022-09-14;0.5;Sjøørret;Flue;Alle åpne soner
2022-09-14;1.2;Sjøørret;Flue;Alle åpne soner
2022-09-14;0.3;Sjøørret;Flue;Alle åpne soner
2022-09-14;1;Sjøørret;Flue;Alle åpne soner
2022-09-14;0.6;Sjøørret;Flue;Alle åpne soner
2022-09-14;0.5;Sjøørret;Flue;Alle åpne soner
2022-09-14;0.4;Sjøørret;Flue;Alle åpne soner
2022-09-14;0.8;Sjøørret;Flue;Alle åpne soner
2022-09-15;1.2;Sjøørret;Flue;Alle åpne soner
2022-09-15;1.6;Sjøørret;Flue;Alle åpne soner
2022-09-15;0.8;Sjøørret;Flue;Alle åpne soner
2022-09-15;1.4;Sjøørret;Flue;Alle åpne soner
2023-06-01;0.3;Sjøørret;Flue;Alle åpne soner
2023-07-12;0.5;Sjøørret;Flue;Alle åpne soner
2023-07-13;0.3;Sjøørret;Flue;Alle åpne soner
2023-07-15;2.5;Laks;Sluk;Alle åpne soner
2023-07-15;5.3;Laks;Flue;Alle åpne soner
2023-07-16;0.8;Sjøørret;Flue;Alle åpne soner
2023-07-16;3.8;Laks;Sluk;Alle åpne soner
2023-07-17;2.1;Laks;Flue;Alle åpne soner
2023-07-17;1.9;Laks;Flue;Alle åpne soner
2023-07-17;3.6;Laks;Flue;Alle åpne soner
2023-07-17;0.5;Sjøørret;Flue;Alle åpne soner
2023-07-17;1;Sjøørret;Flue;Alle åpne soner
2023-07-17;5;Laks;Sluk;Alle åpne soner
2023-08-01;0.6;Sjøørret;Sluk;Alle åpne soner
2023-08-16;1.1;Sjøørret;Flue;Alle åpne soner
2023-08-20;1.5;Laks;Flue;Alle åpne soner
2023-08-20;1.7;Laks;Flue;Alle åpne soner
2023-08-21;1.2;Laks;Flue;Alle åpne soner
2023-08-21;2.7;Laks;Flue;Alle åpne soner
2023-08-23;2;Laks;Flue;Alle åpne soner
2023-08-24;3;Laks;Flue;Alle åpne soner
2023-08-26;3.8;Laks;Flue;Alle åpne soner
2023-08-27;1.6;Laks;Flue;Alle åpne soner
2023-09-15;0.95;Sjøørret;Flue;Alle åpne soner
2024-06-16;4.5;Laks;Sluk;Alle åpne soner
2024-06-17;1.6;Sjøørret;Flue;Alle åpne soner
2024-06-19;2.5;Laks;Flue;Alle åpne soner
2024-06-20;0.8;Sjøørret;Flue;Alle åpne soner
2024-07-06;1;Sjøørret;Sluk;Alle åpne soner
2024-07-06;0.8;Sjøørret;Flue;Alle åpne soner
2024-07-08;1.2;Sjøørret;Flue;Alle åpne soner
2024-07-11;0.8;Sjøørret;Flue;Alle åpne soner
2024-07-12;0.4;Sjøørret;Flue;Alle åpne soner
2024-07-15;1;Sjøørret;Flue;Alle åpne soner
2024-07-17;0.7;Sjøørret;Flue;Alle åpne soner
2024-07-27;1.1;Laks;Flue;Alle åpne soner
2024-07-27;1.6;Laks;Flue;Alle åpne soner
2024-08-10;0.8;Sjøørret;Sluk;Alle åpne soner
2024-08-16;1.3;Laks;Sluk;Alle åpne soner
2024-08-16;0.5;Sjøørret;Sluk;Alle åpne soner
2024-08-16;0.7;Laks;Sluk;Alle åpne soner
2024-08-16;2.1;Laks;Sluk;Alle åpne soner
2024-08-16;1;Sjøørret;Flue;Alle åpne soner
2024-08-16;0.6;Sjøørret;Flue;Alle åpne soner
2024-08-16;1.4;Laks;Flue;Alle åpne soner
2024-08-17;1.6;Laks;Sluk;Alle åpne soner
2024-08-17;2;Laks;Sluk;Alle åpne soner
2024-08-19;1.6;Laks;Sluk;Alle åpne soner
2024-08-20;2.1;Laks;Sluk;Alle åpne soner
2024-08-20;1;Laks;Meitemark;Alle åpne soner
2024-08-21;2;Laks;Flue;Alle åpne soner
2024-08-22;1.9;Laks;Sluk;Alle åpne soner
2024-08-22;1.7;Laks;Sluk;Alle åpne soner
2024-08-22;1.3;Laks;Sluk;Alle åpne soner
2024-08-22;1.9;Laks;Flue;Alle åpne soner
2024-08-22;0.6;Sjøørret;Flue;Alle åpne soner
2024-08-22;1.3;Laks;Sluk;Alle åpne soner
2024-08-24;1.9;Laks;Flue;Alle åpne soner
2024-08-25;1.1;Sjøørret;Sluk;Alle åpne soner
2024-08-25;1.3;Sjøørret;Sluk;Alle åpne soner
2024-08-25;1.8;Laks;Sluk;Alle åpne soner
2024-08-26;2.2;Laks;Sluk;Alle åpne soner
2024-08-26;1.8;Laks;Sluk;Alle åpne soner
2024-08-26;2;Laks;Sluk;Alle åpne soner
2024-08-26;1.1;Sjøørret;Sluk;Alle åpne soner
2024-08-26;1.6;Sjøørret;Sluk;Alle åpne soner
2024-08-26;0.7;Sjøørret;Flue;Alle åpne soner
2024-08-26;1;Sjøørret;Flue;Alle åpne soner
2024-08-26;3.2;Laks;Flue;Alle åpne soner
2024-08-27;0.8;Sjøørret;Sluk;Alle åpne soner
2024-08-27;1.2;Laks;Flue;Alle åpne soner
2024-08-27;0.5;Sjøørret;Flue;Alle åpne soner
2024-08-27;1.6;Laks;Flue;Alle åpne soner
2024-08-28;1.3;Sjøørret;Flue;Alle åpne soner
2024-08-28;1.2;Laks;Flue;Alle åpne soner
2024-08-28;1;Laks;Flue;Alle åpne soner
2024-08-28;2.9;Laks;Sluk;Alle åpne soner
2024-08-28;0.5;Sjøørret;Flue;Alle åpne soner
2024-08-28;0.9;Sjøørret;Flue;Alle åpne soner
2024-08-28;0.8;Sjøørret;Flue;Alle åpne soner
2024-08-29;1.2;Sjøørret;Flue;Alle åpne soner
2024-08-29;1;Sjøørret;Flue;Alle åpne soner
2024-08-29;0.9;Sjøørret;Flue;Alle åpne soner
2024-09-01;0.3;Sjøørret;Sluk;Alle åpne soner
2024-09-01;0.5;Sjøørret;Flue;Alle åpne soner
2024-09-01;0.8;Sjøørret;Flue;Alle åpne soner
2024-09-04;0.8;Sjøørret;Flue;Alle åpne soner
2024-09-04;4.2;Laks;Flue;Alle åpne soner
2024-09-04;0.7;Sjøørret;Flue;Alle åpne soner
2024-09-04;2.5;Sjøørret;Flue;Alle åpne soner
2024-09-04;1.1;Sjøørret;Flue;Alle åpne soner
2024-09-04;3.3;Laks;Flue;Alle åpne soner
2024-09-04;1.2;Sjøørret;Flue;Alle åpne soner
2024-09-04;2;Laks;Sluk;Alle åpne soner
2024-09-05;1;Sjøørret;Flue;Alle åpne soner
2024-09-05;0.9;Sjøørret;Sluk;Alle åpne soner
2024-09-05;0.6;Sjøørret;Sluk;Alle åpne soner
2024-09-05;1.1;Sjøørret;Flue;Alle åpne soner
2024-09-05;0.5;Sjøørret;Flue;Alle åpne soner
2024-09-06;0.7;Sjøørret;Flue;Alle åpne soner
2024-09-06;0.8;Sjøørret;Flue;Alle åpne soner
2024-09-06;2;Laks;Sluk;Alle åpne soner
2024-09-10;0.8;Sjøørret;Flue;Alle åpne soner
2024-09-10;1;Sjøørret;Flue;Alle åpne soner
2024-09-11;4.5;Laks;Flue;Alle åpne soner
2024-09-11;1.3;Laks;Sluk;Alle åpne soner
2024-09-11;1.8;Laks;Sluk;Alle åpne soner
2024-09-11;1.5;Laks;Sluk;Alle åpne soner
2024-09-11;1.5;Sjøørret;Sluk;Alle åpne soner
2024-09-12;0.8;Sjøørret;Flue;Alle åpne soner
2024-09-12;0.6;Sjøørret;Flue;Alle åpne soner
2024-09-12;0.5;Sjøørret;Flue;Alle åpne soner
2024-09-12;0.5;Sjøørret;Flue;Alle åpne soner
2024-09-12;1;Sjøørret;Flue;Alle åpne soner
2024-09-14;2.8;Laks;Flue;Alle åpne soner
2024-09-14;3.2;Laks;Flue;Alle åpne soner
2024-09-15;0.5;Sjøørret;Flue;Alle åpne soner
2025-07-23;0.8;Sjøørret;Flue;Alle åpne soner
2025-08-05;1;Sjøørret;Sluk;Alle åpne soner
2025-08-05;0.7;Sjøørret;Sluk;Alle åpne soner
2025-08-05;1;Sjøørret;Flue;Alle åpne soner
2025-08-05;1.3;Sjøørret;Flue;Alle åpne soner
2025-08-05;0.8;Sjøørret;Flue;Alle åpne soner
2025-08-05;0.6;Sjøørret;Flue;Alle åpne soner
2025-08-06;0.8;Sjøørret;Flue;Alle åpne soner
2025-08-06;1.2;Sjøørret;Flue;Alle åpne soner
2025-08-06;1.6;Sjøørret;Flue;Alle åpne soner
2025-08-07;0.7;Sjøørret;Flue;Alle åpne soner
2025-09-02;0.8;Sjøørret;Sluk;Alle åpne soner
2025-09-02;0.6;Sjøørret;Sluk;Alle åpne soner
2025-09-03;1.3;Sjøørret;Sluk;Alle åpne soner
2025-09-03;1.1;Sjøørret;Flue;Alle åpne soner
2025-09-03;1;Sjøørret;Sluk;Alle åpne soner
2025-09-03;0.7;Sjøørret;Flue;Alle åpne soner
2025-09-03;2.5;Laks;Sluk;Alle åpne soner
2025-09-03;0.6;Sjøørret;Flue;Alle åpne soner
2025-09-05;0.4;Sjøørret;Flue;Alle åpne soner
2025-09-06;0.7;Sjøørret;Flue;Alle åpne soner
2025-09-06;0.6;Sjøørret;Flue;Alle åpne soner
2025-09-06;0.3;Sjøørret;Sluk;Alle åpne soner
2025-09-06;0.6;Sjøørret;Sluk;Alle åpne soner
2025-09-06;1.5;Sjøørret;Flue;Alle åpne soner
2025-09-06;1;Sjøørret;Flue;Alle åpne soner
2025-09-07;5;Laks;Flue;Alle åpne soner
2025-09-07;1;Sjøørret;Flue;Alle åpne soner
2025-09-07;2.6;Laks;Flue;Alle åpne soner
2025-09-07;0.8;Sjøørret;Flue;Alle åpne soner
2025-09-07;0.4;Sjøørret;Flue;Alle åpne soner
2025-09-07;1;Sjøørret;Flue;Alle åpne soner
2025-09-08;0.6;Sjøørret;Flue;Alle åpne soner
2025-09-08;1;Sjøørret;Flue;Alle åpne soner
2025-09-09;1;Sjøørret;Flue;Alle åpne soner
2025-09-09;0.7;Sjøørret;Flue;Alle åpne soner
2025-09-11;0.7;Sjøørret;Sluk;Alle åpne soner
2025-09-12;1.8;Sjøørret;Flue;Alle åpne soner
2025-09-13;1.5;Sjøørret;Flue;Alle åpne soner
2025-09-13;0.4;Sjøørret;Sluk;Alle åpne soner
2025-09-13;1.5;Sjøørret;Flue;Alle åpne soner
2025-09-13;1.5;Sjøørret;Flue;Alle åpne soner
2025-09-13;1;Sjøørret;Flue;Alle åpne soner
2025-09-13;1.5;Laks;Flue;Alle åpne soner
2025-09-14;0.3;Sjøørret;Sluk;Alle åpne soner
2026-06-05;0.3;Sjøørret;Flue;Alle åpne soner
2026-06-09;0.3;Sjøørret;Flue;Alle åpne soner
2026-07-24;0.4;Sjøørret;Sluk;Alle åpne soner
2026-08-11;1.2;Sjøørret;Flue;Alle åpne soner
2026-08-29;0.5;Sjøørret;Flue;Alle åpne soner
2026-08-29;1;Sjøørret;Flue;Alle åpne soner
2026-09-05;1;Sjøørret;Sluk;Alle åpne soner
2026-09-06;0.6;Sjøørret;Flue;Alle åpne soner
2026-09-08;0.55;Sjøørret;Flue;Alle åpne soner
