Dato;Vannforing_m3s
2016-01-01;23.98754
2016-01-02;19.87346
2016-01-03;14.5982
2016-01-04;10.63661
2016-01-05;8.267887
2016-01-06;6.755977
2016-01-07;5.661506
2016-01-08;4.993324
2016-01-09;4.741021
2016-01-10;3.949255
2016-01-11;4.664008
2016-01-12;4.669951
2016-01-13;4.123965
2016-01-14;3.728191
2016-01-15;3.325337
2016-01-16;3.067263
2016-01-17;2.502344
2016-01-18;2.530967
2016-01-19;2.607044
2016-01-20;2.385861
2016-01-21;2.199257
2016-01-22;2.180552
2016-01-23;2.178152
2016-01-24;2.171912
2016-01-25;2.654037
2016-01-26;7.074123
2016-01-27;42.323
2016-01-28;51.02537
2016-01-29;37.65614
2016-01-30;52.39513
2016-01-31;27.58549
2016-02-01;18.30991
2016-02-02;27.90532
2016-02-03;39.26852
2016-02-04;19.91198
2016-02-05;13.11134
2016-02-06;14.0691
2016-02-07;41.5393
2016-02-08;45.68376
2016-02-09;55.2149
2016-02-10;29.99936
2016-02-11;19.36064
2016-02-12;13.40789
2016-02-13;9.352314
2016-02-14;7.068511
2016-02-15;5.553888
2016-02-16;4.785528
2016-02-17;4.577458
2016-02-18;4.076809
2016-02-19;3.770231
2016-02-20;12.11807
2016-02-21;16.94907
2016-02-22;12.09733
2016-02-23;9.191083
2016-02-24;7.282603
2016-02-25;5.972809
2016-02-26;4.964441
2016-02-27;4.316892
2016-02-28;3.856081
2016-02-29;3.435438
2016-03-01;3.383898
2016-03-02;3.483981
2016-03-03;3.80003
2016-03-04;4.953478
2016-03-05;5.360609
2016-03-06;4.806101
2016-03-07;4.464342
2016-03-08;3.998585
2016-03-09;3.736124
2016-03-10;3.698336
2016-03-11;3.847624
2016-03-12;3.71578
2016-03-13;3.684688
2016-03-14;6.280454
2016-03-15;11.28889
2016-03-16;12.68215
2016-03-17;13.19308
2016-03-18;13.52594
2016-03-19;10.79876
2016-03-20;9.052188
2016-03-21;8.149151
2016-03-22;7.533484
2016-03-23;6.937816
2016-03-24;6.068305
2016-03-25;5.802049
2016-03-26;6.555604
2016-03-27;14.47824
2016-03-28;22.34363
2016-03-29;34.4741
2016-03-30;28.92165
2016-03-31;15.50702
2016-04-01;10.21608
2016-04-02;8.090537
2016-04-03;8.282527
2016-04-04;8.919094
2016-04-05;9.379293
2016-04-06;9.24126
2016-04-07;8.752188
2016-04-08;7.888492
2016-04-09;6.676857
2016-04-10;5.582312
2016-04-11;4.984045
2016-04-12;4.486495
2016-04-13;3.972661
2016-04-14;3.589079
2016-04-15;3.350576
2016-04-16;3.387444
2016-04-17;5.411075
2016-04-18;5.357107
2016-04-19;5.096966
2016-04-20;4.425339
2016-04-21;3.72404
2016-04-22;3.254961
2016-04-23;2.895657
2016-04-24;2.653731
2016-04-25;2.414447
2016-04-26;2.332191
2016-04-27;2.193813
2016-04-28;2.153524
2016-04-29;3.104434
2016-04-30;6.86937
2016-05-01;14.08713
2016-05-02;8.016988
2016-05-03;10.84081
2016-05-04;9.942784
2016-05-05;6.745934
2016-05-06;5.332142
2016-05-07;4.434319
2016-05-08;3.790804
2016-05-09;3.370427
2016-05-10;2.942578
2016-05-11;2.595315
2016-05-12;2.317765
2016-05-13;2.141059
2016-05-14;2.209151
2016-05-15;2.115642
2016-05-16;1.901839
2016-05-17;1.716047
2016-05-18;1.571789
2016-05-19;1.471092
2016-05-20;1.443066
2016-05-21;1.626175
2016-05-22;4.064975
2016-05-23;12.01937
2016-05-24;6.776592
2016-05-25;4.715797
2016-05-26;3.664426
2016-05-27;3.027072
2016-05-28;2.599513
2016-05-29;2.271598
2016-05-30;2.469014
2016-05-31;5.031972
2016-06-01;4.020483
2016-06-02;3.009297
2016-06-03;2.45
2016-06-04;2.05981
2016-06-05;1.773751
2016-06-06;1.574947
2016-06-07;1.435258
2016-06-08;1.3416
2016-06-09;1.195016
2016-06-10;1.101373
2016-06-11;1.059279
2016-06-12;1.04695
2016-06-13;0.9806689
2016-06-14;0.9074711
2016-06-15;0.8984504
2016-06-16;1.216609
2016-06-17;2.079528
2016-06-18;2.584311
2016-06-19;1.886363
2016-06-20;3.378258
2016-06-21;10.97781
2016-06-22;5.411959
2016-06-23;3.849434
2016-06-24;3.886431
2016-06-25;4.201953
2016-06-26;4.57159
2016-06-27;7.764803
2016-06-28;6.932956
2016-06-29;5.210172
2016-06-30;12.33405
2016-07-01;16.52057
2016-07-02;20.09755
2016-07-03;15.83599
2016-07-04;9.769938
2016-07-05;6.781782
2016-07-06;5.216714
2016-07-07;4.176244
2016-07-08;3.580685
2016-07-09;3.068336
2016-07-10;2.745176
2016-07-11;2.811059
2016-07-12;3.789056
2016-07-13;3.071897
2016-07-14;2.829956
2016-07-15;2.746073
2016-07-16;2.307495
2016-07-17;1.975985
2016-07-18;1.742806
2016-07-19;1.565176
2016-07-20;1.421503
2016-07-21;1.316276
2016-07-22;1.258205
2016-07-23;1.390654
2016-07-24;1.273017
2016-07-25;1.157315
2016-07-26;1.252073
2016-07-27;1.579193
2016-07-28;2.730699
2016-07-29;2.82293
2016-07-30;3.757385
2016-07-31;3.028593
2016-08-01;2.328917
2016-08-02;1.921297
2016-08-03;1.871888
2016-08-04;5.046235
2016-08-05;9.607653
2016-08-06;6.851151
2016-08-07;4.838535
2016-08-08;7.978483
2016-08-09;11.19171
2016-08-10;6.681338
2016-08-11;5.079848
2016-08-12;4.0936
2016-08-13;3.916661
2016-08-14;3.485517
2016-08-15;2.929427
2016-08-16;2.463821
2016-08-17;2.129078
2016-08-18;1.879447
2016-08-19;1.674148
2016-08-20;1.560556
2016-08-21;1.816751
2016-08-22;2.527298
2016-08-23;3.03267
2016-08-24;2.360541
2016-08-25;2.059477
2016-08-26;3.194555
2016-08-27;3.924957
2016-08-28;2.848587
2016-08-29;2.439157
2016-08-30;2.16333
2016-08-31;1.881223
2016-09-01;1.700411
2016-09-02;1.569845
2016-09-03;1.488655
2016-09-04;1.470668
2016-09-05;1.443308
2016-09-06;1.261708
2016-09-07;1.20194
2016-09-08;1.152275
2016-09-09;1.11991
2016-09-10;1.07252
2016-09-11;2.052275
2016-09-12;3.482198
2016-09-13;2.302294
2016-09-14;1.897339
2016-09-15;1.643464
2016-09-16;1.454643
2016-09-17;1.364397
2016-09-18;1.260584
2016-09-19;1.276761
2016-09-20;1.115528
2016-09-21;1.053087
2016-09-22;1.028996
2016-09-23;1.046489
2016-09-24;1.097496
2016-09-25;1.066239
2016-09-26;1.010409
2016-09-27;1.028249
2016-09-28;2.687305
2016-09-29;4.376995
2016-09-30;5.193048
2016-10-01;3.92579
2016-10-02;3.137206
2016-10-03;2.567398
2016-10-04;2.153502
2016-10-05;1.868124
2016-10-06;1.661871
2016-10-07;1.486571
2016-10-08;1.351106
2016-10-09;1.245997
2016-10-10;1.185917
2016-10-11;1.226677
2016-10-12;1.173031
2016-10-13;1.130416
2016-10-14;1.072069
2016-10-15;1.017478
2016-10-16;0.9699362
2016-10-17;1.142338
2016-10-18;7.365721
2016-10-19;17.43654
2016-10-20;13.4511
2016-10-21;7.972797
2016-10-22;5.886325
2016-10-23;4.710973
2016-10-24;5.921381
2016-10-25;9.692116
2016-10-26;6.711076
2016-10-27;5.82947
2016-10-28;5.244169
2016-10-29;4.625682
2016-10-30;3.994509
2016-10-31;3.546844
2016-11-01;3.233768
2016-11-02;2.920699
2016-11-03;2.622918
2016-11-04;2.523773
2016-11-05;17.14622
2016-11-06;27.45782
2016-11-07;14.53558
2016-11-08;9.163437
2016-11-09;6.860801
2016-11-10;5.4279
2016-11-11;4.484542
2016-11-12;3.959554
2016-11-13;4.729136
2016-11-14;9.005403
2016-11-15;16.3595
2016-11-16;14.44215
2016-11-17;15.20524
2016-11-18;25.27738
2016-11-19;25.52508
2016-11-20;20.25077
2016-11-21;32.01974
2016-11-22;23.60494
2016-11-23;22.42646
2016-11-24;16.94835
2016-11-25;11.53595
2016-11-26;8.646518
2016-11-27;6.927852
2016-11-28;5.684355
2016-11-29;4.86586
2016-11-30;4.350194
2016-12-01;3.924731
2016-12-02;3.549515
2016-12-03;3.013144
2016-12-04;2.9891
2016-12-05;2.672511
2016-12-06;2.483388
2016-12-07;2.472916
2016-12-08;2.885227
2016-12-09;2.981086
2016-12-10;2.695299
2016-12-11;2.51112
2016-12-12;2.320922
2016-12-13;2.181547
2016-12-14;2.055143
2016-12-15;1.820458
2016-12-16;1.89301
2016-12-17;1.769296
2016-12-18;1.761378
2016-12-19;1.743609
2016-12-20;1.724196
2016-12-21;1.820387
2016-12-22;3.113232
2016-12-23;5.991973
2016-12-24;22.5106
2016-12-25;18.78891
2016-12-26;12.82795
2016-12-27;14.51297
2016-12-28;10.55542
2016-12-29;7.706386
2016-12-30;6.307044
2016-12-31;5.431138
2017-01-01;5.098488
2017-01-02;4.455333
2017-01-03;3.891409
2017-01-04;3.508677
2017-01-05;2.559207
2017-01-06;2.603621
2017-01-07;3.986086
2017-01-08;3.56809
2017-01-09;3.2472
2017-01-10;17.1173
2017-01-11;30.86948
2017-01-12;36.94661
2017-01-13;18.91633
2017-01-14;12.14759
2017-01-15;8.174394
2017-01-16;5.537895
2017-01-17;5.329946
2017-01-18;5.359532
2017-01-19;6.192924
2017-01-20;5.970416
2017-01-21;5.116463
2017-01-22;4.368752
2017-01-23;3.904735
2017-01-24;3.500566
2017-01-25;3.239677
2017-01-26;3.116906
2017-01-27;2.933704
2017-01-28;2.699109
2017-01-29;2.636028
2017-01-30;2.857433
2017-01-31;2.921373
2017-02-01;2.847066
2017-02-02;2.816617
2017-02-03;2.698045
2017-02-04;2.474719
2017-02-05;2.474719
2017-02-06;2.400412
2017-02-07;2.177085
2017-02-08;2.102574
2017-02-09;2.177085
2017-02-10;1.953757
2017-02-11;1.953757
2017-02-12;1.891946
2017-02-13;1.859629
2017-02-14;1.834023
2017-02-15;1.859629
2017-02-16;2.045092
2017-02-17;2.464773
2017-02-18;2.931886
2017-02-19;5.20686
2017-02-20;9.895529
2017-02-21;11.10621
2017-02-22;16.92176
2017-02-23;23.61333
2017-02-24;13.59254
2017-02-25;9.264613
2017-02-26;11.73733
2017-02-27;13.99198
2017-02-28;29.35987
2017-03-01;35.37938
2017-03-02;20.56686
2017-03-03;15.09354
2017-03-04;12.8395
2017-03-05;13.76431
2017-03-06;10.84529
2017-03-07;8.126685
2017-03-08;6.222792
2017-03-09;7.328247
2017-03-10;8.669373
2017-03-11;8.145149
2017-03-12;12.1769
2017-03-13;14.22422
2017-03-14;11.52232
2017-03-15;15.38944
2017-03-16;12.97085
2017-03-17;10.73002
2017-03-18;9.259326
2017-03-19;7.236895
2017-03-20;6.91197
2017-03-21;13.49355
2017-03-22;10.93956
2017-03-23;8.214151
2017-03-24;6.509294
2017-03-25;5.524388
2017-03-26;4.89065
2017-03-27;4.443103
2017-03-28;4.058348
2017-03-29;3.715386
2017-03-30;3.630787
2017-03-31;4.342448
2017-04-01;5.35413
2017-04-02;4.632366
2017-04-03;3.977106
2017-04-04;3.546841
2017-04-05;3.288446
2017-04-06;2.975801
2017-04-07;2.728931
2017-04-08;2.517558
2017-04-09;2.331666
2017-04-10;2.185332
2017-04-11;2.04229
2017-04-12;1.971095
2017-04-13;1.910706
2017-04-14;1.797095
2017-04-15;1.846134
2017-04-16;1.898063
2017-04-17;2.105997
2017-04-18;2.51195
2017-04-19;2.761795
2017-04-20;2.58741
2017-04-21;2.331853
2017-04-22;2.077455
2017-04-23;1.858523
2017-04-24;2.162621
2017-04-25;2.629987
2017-04-26;2.193803
2017-04-27;1.943837
2017-04-28;2.255477
2017-04-29;5.051168
2017-04-30;5.72461
2017-05-01;4.133039
2017-05-02;3.33909
2017-05-03;2.807108
2017-05-04;2.425766
2017-05-05;2.142683
2017-05-06;1.9315
2017-05-07;1.767578
2017-05-08;1.622981
2017-05-09;1.518758
2017-05-10;1.508281
2017-05-11;1.948483
2017-05-12;2.056556
2017-05-13;1.845983
2017-05-14;2.346092
2017-05-15;3.083674
2017-05-16;3.855759
2017-05-17;10.41869
2017-05-18;12.3569
2017-05-19;11.55952
2017-05-20;7.627244
2017-05-21;6.571266
2017-05-22;5.398233
2017-05-23;4.428675
2017-05-24;3.763155
2017-05-25;3.206012
2017-05-26;2.75533
2017-05-27;2.413032
2017-05-28;2.135439
2017-05-29;1.948038
2017-05-30;1.784271
2017-05-31;1.67105
2017-06-01;1.606361
2017-06-02;1.485462
2017-06-03;1.448607
2017-06-04;1.478177
2017-06-05;1.426379
2017-06-06;1.325184
2017-06-07;1.765165
2017-06-08;7.497282
2017-06-09;6.888766
2017-06-10;17.79409
2017-06-11;10.55202
2017-06-12;7.432304
2017-06-13;5.922079
2017-06-14;4.595612
2017-06-15;3.745506
2017-06-16;4.397791
2017-06-17;4.3881
2017-06-18;3.350001
2017-06-19;2.814124
2017-06-20;2.254828
2017-06-21;1.923295
2017-06-22;1.716874
2017-06-23;1.626566
2017-06-24;1.611593
2017-06-25;1.548696
2017-06-26;1.4782
2017-06-27;1.376802
2017-06-28;1.216735
2017-06-29;1.127828
2017-06-30;1.053253
2017-07-01;0.9622146
2017-07-02;0.8834185
2017-07-03;0.8165064
2017-07-04;0.7722149
2017-07-05;0.7373123
2017-07-06;0.6893855
2017-07-07;0.6551413
2017-07-08;0.6709805
2017-07-09;0.6228247
2017-07-10;0.6546133
2017-07-11;0.7106504
2017-07-12;0.7193481
2017-07-13;0.7016991
2017-07-14;0.6968247
2017-07-15;0.6622087
2017-07-16;0.7063782
2017-07-17;0.6191387
2017-07-18;0.584484
2017-07-19;0.5487762
2017-07-20;0.5190395
2017-07-21;1.585874
2017-07-22;2.934965
2017-07-23;2.91432
2017-07-24;2.324136
2017-07-25;1.97458
2017-07-26;1.674547
2017-07-27;1.664712
2017-07-28;2.335309
2017-07-29;2.836532
2017-07-30;6.406542
2017-07-31;9.501626
2017-08-01;6.733043
2017-08-02;6.719775
2017-08-03;12.3692
2017-08-04;32.68905
2017-08-05;28.29493
2017-08-06;15.19731
2017-08-07;10.32467
2017-08-08;12.92194
2017-08-09;9.601882
2017-08-10;9.778136
2017-08-11;7.251493
2017-08-12;5.54845
2017-08-13;4.507257
2017-08-14;3.677774
2017-08-15;3.158457
2017-08-16;3.812598
2017-08-17;3.995898
2017-08-18;12.67772
2017-08-19;10.36395
2017-08-20;11.00103
2017-08-21;8.569577
2017-08-22;6.216436
2017-08-23;4.818702
2017-08-24;4.06876
2017-08-25;4.225123
2017-08-26;3.973484
2017-08-27;3.456512
2017-08-28;3.006534
2017-08-29;2.718941
2017-08-30;2.530356
2017-08-31;2.353018
2017-09-01;2.304508
2017-09-02;2.045721
2017-09-03;1.911388
2017-09-04;1.831241
2017-09-05;1.749031
2017-09-06;6.608003
2017-09-07;8.567993
2017-09-08;12.07578
2017-09-09;31.43914
2017-09-10;22.30949
2017-09-11;45.1337
2017-09-12;75.01611
2017-09-13;43.03876
2017-09-14;23.14986
2017-09-15;15.58551
2017-09-16;10.93916
2017-09-17;8.13877
2017-09-18;6.436703
2017-09-19;5.419349
2017-09-20;5.026349
2017-09-21;8.400837
2017-09-22;13.42244
2017-09-23;12.86319
2017-09-24;8.870714
2017-09-25;7.935332
2017-09-26;8.152263
2017-09-27;12.29864
2017-09-28;9.990679
2017-09-29;8.86874
2017-09-30;34.84708
2017-10-01;161.9447
2017-10-02;148.5187
2017-10-03;97.70533
2017-10-04;35.89184
2017-10-05;23.2837
2017-10-06;16.68277
2017-10-07;12.03843
2017-10-08;9.096784
2017-10-09;7.245422
2017-10-10;6.192255
2017-10-11;6.493928
2017-10-12;13.40628
2017-10-13;10.41775
2017-10-14;9.481948
2017-10-15;8.065249
2017-10-16;6.755828
2017-10-17;6.158473
2017-10-18;7.356728
2017-10-19;6.593107
2017-10-20;15.41866
2017-10-21;52.28373
2017-10-22;92.53592
2017-10-23;62.48527
2017-10-24;51.16199
2017-10-25;80.34891
2017-10-26;36.64474
2017-10-27;20.58299
2017-10-28;14.52878
2017-10-29;10.71751
2017-10-30;8.243657
2017-10-31;6.765831
2017-11-01;5.782701
2017-11-02;5.056176
2017-11-03;4.437059
2017-11-04;4.188497
2017-11-05;8.473589
2017-11-06;7.177858
2017-11-07;5.407623
2017-11-08;4.84399
2017-11-09;4.998435
2017-11-10;5.948422
2017-11-11;6.339198
2017-11-12;5.101192
2017-11-13;4.319808
2017-11-14;4.000196
2017-11-15;3.799614
2017-11-16;3.763256
2017-11-17;6.385067
2017-11-18;20.06422
2017-11-19;12.88452
2017-11-20;8.278969
2017-11-21;6.368694
2017-11-22;11.58297
2017-11-23;64.41594
2017-11-24;80.34606
2017-11-25;28.28252
2017-11-26;19.78894
2017-11-27;19.54338
2017-11-28;21.40457
2017-11-29;14.14127
2017-11-30;10.24979
2017-12-01;7.922352
2017-12-02;6.411578
2017-12-03;6.009754
2017-12-04;5.640798
2017-12-05;5.044877
2017-12-06;8.689506
2017-12-07;18.07406
2017-12-08;33.83231
2017-12-09;17.57371
2017-12-10;11.14215
2017-12-11;8.15924
2017-12-12;6.449668
2017-12-13;5.866755
2017-12-14;12.43777
2017-12-15;14.80239
2017-12-16;9.259403
2017-12-17;6.573515
2017-12-18;6.584212
2017-12-19;6.315613
2017-12-20;6.066021
2017-12-21;6.789744
2017-12-22;5.851475
2017-12-23;6.086851
2017-12-24;8.579764
2017-12-25;7.032367
2017-12-26;17.3742
2017-12-27;32.02746
2017-12-28;15.31955
2017-12-29;10.07336
2017-12-30;7.486279
2017-12-31;6.66389
2018-01-01;9.49626
2018-01-02;9.933832
2018-01-03;14.76203
2018-01-04;21.96819
2018-01-05;13.53646
2018-01-06;9.572338
2018-01-07;6.91405
2018-01-08;5.985546
2018-01-09;5.041538
2018-01-10;4.620232
2018-01-11;4.218087
2018-01-12;3.83221
2018-01-13;3.544636
2018-01-14;3.343984
2018-01-15;3.360852
2018-01-16;6.949622
2018-01-17;6.553252
2018-01-18;5.301004
2018-01-19;4.593179
2018-01-20;4.289766
2018-01-21;4.17064
2018-01-22;3.913596
2018-01-23;4.768963
2018-01-24;30.03152
2018-01-25;68.54479
2018-01-26;45.23543
2018-01-27;23.05246
2018-01-28;29.97316
2018-01-29;33.49261
2018-01-30;24.41615
2018-01-31;24.89772
2018-02-01;33.30925
2018-02-02;19.87931
2018-02-03;12.93061
2018-02-04;8.899532
2018-02-05;6.615836
2018-02-06;5.419924
2018-02-07;4.91207
2018-02-08;4.705716
2018-02-09;9.085207
2018-02-10;9.105057
2018-02-11;11.97822
2018-02-12;12.9595
2018-02-13;9.209562
2018-02-14;7.675154
2018-02-15;6.993783
2018-02-16;6.507662
2018-02-17;5.723569
2018-02-18;5.642581
2018-02-19;7.861909
2018-02-20;6.797476
2018-02-21;5.634607
2018-02-22;4.960493
2018-02-23;4.464759
2018-02-24;3.993833
2018-02-25;3.637975
2018-02-26;3.258501
2018-02-27;3.021331
2018-02-28;2.78416
2018-03-01;2.618038
2018-03-02;2.54699
2018-03-03;2.54699
2018-03-04;2.579295
2018-03-05;2.504107
2018-03-06;2.417923
2018-03-07;2.313932
2018-03-08;2.213392
2018-03-09;2.128586
2018-03-10;2.040636
2018-03-11;1.976943
2018-03-12;1.975245
2018-03-13;1.962759
2018-03-14;1.919713
2018-03-15;1.854656
2018-03-16;1.740618
2018-03-17;1.645906
2018-03-18;1.554323
2018-03-19;1.606709
2018-03-20;1.657003
2018-03-21;1.682638
2018-03-22;1.787742
2018-03-23;2.240617
2018-03-24;5.916032
2018-03-25;10.3197
2018-03-26;9.505485
2018-03-27;7.142793
2018-03-28;5.744374
2018-03-29;4.889373
2018-03-30;4.224428
2018-03-31;3.860864
2018-04-01;3.637046
2018-04-02;3.525626
2018-04-03;3.727453
2018-04-04;3.909852
2018-04-05;7.48265
2018-04-06;11.30429
2018-04-07;10.49047
2018-04-08;11.82638
2018-04-09;15.06778
2018-04-10;21.05072
2018-04-11;20.85878
2018-04-12;19.9112
2018-04-13;19.8291
2018-04-14;26.0231
2018-04-15;34.82619
2018-04-16;34.86956
2018-04-17;26.60138
2018-04-18;25.51075
2018-04-19;28.73553
2018-04-20;28.00523
2018-04-21;26.2085
2018-04-22;20.83594
2018-04-23;17.88527
2018-04-24;18.91199
2018-04-25;15.69991
2018-04-26;12.1584
2018-04-27;9.532683
2018-04-28;7.915627
2018-04-29;6.490025
2018-04-30;5.7905
2018-05-01;17.7686
2018-05-02;14.99269
2018-05-03;12.19329
2018-05-04;11.61222
2018-05-05;8.224086
2018-05-06;6.49386
2018-05-07;5.447083
2018-05-08;4.756991
2018-05-09;4.100278
2018-05-10;3.756568
2018-05-11;5.517186
2018-05-12;4.596014
2018-05-13;3.733253
2018-05-14;3.23536
2018-05-15;2.828532
2018-05-16;2.51746
2018-05-17;2.243411
2018-05-18;2.011155
2018-05-19;1.817986
2018-05-20;1.656254
2018-05-21;1.527288
2018-05-22;1.392152
2018-05-23;1.293721
2018-05-24;1.196762
2018-05-25;1.111563
2018-05-26;1.038701
2018-05-27;0.9694158
2018-05-28;1.043519
2018-05-29;1.182213
2018-05-30;1.141853
2018-05-31;0.9807565
2018-06-01;0.8799018
2018-06-02;0.8207183
2018-06-03;0.7589511
2018-06-04;0.7101614
2018-06-05;0.6783789
2018-06-06;0.6638944
2018-06-07;0.5980306
2018-06-08;0.5690234
2018-06-09;0.5524878
2018-06-10;0.5612917
2018-06-11;0.5743139
2018-06-12;0.5501795
2018-06-13;0.5270227
2018-06-14;0.6736856
2018-06-15;0.9815105
2018-06-16;0.8953313
2018-06-17;1.163442
2018-06-18;1.948361
2018-06-19;1.690854
2018-06-20;1.534187
2018-06-21;2.585492
2018-06-22;1.984187
2018-06-23;1.388455
2018-06-24;1.110458
2018-06-25;0.9479602
2018-06-26;0.8372579
2018-06-27;0.7505161
2018-06-28;0.6813492
2018-06-29;0.6140923
2018-06-30;0.5659216
2018-07-01;0.5189811
2018-07-02;0.4828245
2018-07-03;0.4561909
2018-07-04;0.4323769
2018-07-05;0.4118668
2018-07-06;0.3982328
2018-07-07;0.3599658
2018-07-08;0.3493122
2018-07-09;0.3380062
2018-07-10;0.3262088
2018-07-11;0.3079578
2018-07-12;0.3052856
2018-07-13;0.3015041
2018-07-14;0.2853309
2018-07-15;0.2676377
2018-07-16;0.2608379
2018-07-17;0.2488837
2018-07-18;0.2408673
2018-07-19;0.2235676
2018-07-20;0.2157274
2018-07-21;0.2070421
2018-07-22;0.1962386
2018-07-23;0.1865338
2018-07-24;0.1815835
2018-07-25;0.1750046
2018-07-26;0.1759164
2018-07-27;0.1885719
2018-07-28;0.2002658
2018-07-29;0.3789061
2018-07-30;0.3401875
2018-07-31;0.4033833
2018-08-01;0.5197127
2018-08-02;0.504705
2018-08-03;0.4729941
2018-08-04;0.3956958
2018-08-05;0.3564039
2018-08-06;0.3536442
2018-08-07;0.3266416
2018-08-08;0.3513858
2018-08-09;0.3417719
2018-08-10;0.7506194
2018-08-11;2.437854
2018-08-12;1.395576
2018-08-13;0.9533971
2018-08-14;0.7641709
2018-08-15;0.6412836
2018-08-16;0.717908
2018-08-17;2.637096
2018-08-18;2.559799
2018-08-19;2.208281
2018-08-20;1.874925
2018-08-21;1.438451
2018-08-22;1.348517
2018-08-23;1.424104
2018-08-24;1.432282
2018-08-25;1.286513
2018-08-26;1.142536
2018-08-27;2.01624
2018-08-28;5.171447
2018-08-29;3.294523
2018-08-30;2.993924
2018-08-31;2.945356
2018-09-01;2.239516
2018-09-02;1.83121
2018-09-03;1.568074
2018-09-04;1.406838
2018-09-05;1.273169
2018-09-06;1.246287
2018-09-07;6.415279
2018-09-08;71.53704
2018-09-09;46.86242
2018-09-10;32.47226
2018-09-11;30.60647
2018-09-12;27.2302
2018-09-13;17.72999
2018-09-14;12.74583
2018-09-15;16.01176
2018-09-16;13.89872
2018-09-17;24.9803
2018-09-18;16.1651
2018-09-19;12.43929
2018-09-20;13.19164
2018-09-21;18.9145
2018-09-22;38.92632
2018-09-23;21.46652
2018-09-24;13.20335
2018-09-25;9.041956
2018-09-26;7.242893
2018-09-27;6.352218
2018-09-28;5.312081
2018-09-29;4.505767
2018-09-30;3.990866
2018-10-01;3.621588
2018-10-02;3.370957
2018-10-03;3.145212
2018-10-04;2.822168
2018-10-05;2.738895
2018-10-06;2.596056
2018-10-07;2.296755
2018-10-08;3.936458
2018-10-09;6.220304
2018-10-10;5.276159
2018-10-11;4.288195
2018-10-12;3.669496
2018-10-13;3.276194
2018-10-14;3.080066
2018-10-15;2.821804
2018-10-16;2.598596
2018-10-17;2.479398
2018-10-18;2.430779
2018-10-19;2.267804
2018-10-20;2.118552
2018-10-21;2.011459
2018-10-22;1.939964
2018-10-23;2.632065
2018-10-24;3.467067
2018-10-25;2.843437
2018-10-26;2.492341
2018-10-27;2.251827
2018-10-28;2.042941
2018-10-29;1.96313
2018-10-30;2.021819
2018-10-31;3.814198
2018-11-01;6.3146
2018-11-02;7.752264
2018-11-03;8.186734
2018-11-04;6.2702
2018-11-05;5.17471
2018-11-06;4.703078
2018-11-07;4.601637
2018-11-08;4.77028
2018-11-09;6.894018
2018-11-10;10.37428
2018-11-11;40.07835
2018-11-12;45.93446
2018-11-13;27.76382
2018-11-14;20.89645
2018-11-15;15.50315
2018-11-16;11.6246
2018-11-17;8.793103
2018-11-18;7.08948
2018-11-19;5.85314
2018-11-20;4.900611
2018-11-21;4.325823
2018-11-22;3.911435
2018-11-23;3.558815
2018-11-24;3.254479
2018-11-25;2.961213
2018-11-26;2.660917
2018-11-27;2.371503
2018-11-28;2.359774
2018-11-29;17.30337
2018-11-30;66.18819
2018-12-01;45.37412
2018-12-02;30.05412
2018-12-03;35.26693
2018-12-04;27.05986
2018-12-05;16.29571
2018-12-06;11.51711
2018-12-07;13.58549
2018-12-08;24.67547
2018-12-09;25.80721
2018-12-10;15.51405
2018-12-11;10.42729
2018-12-12;7.761513
2018-12-13;6.269346
2018-12-14;5.293149
2018-12-15;4.655795
2018-12-16;4.469775
2018-12-17;4.101122
2018-12-18;3.711218
2018-12-19;3.722174
2018-12-20;12.33996
2018-12-21;48.98713
2018-12-22;35.31625
2018-12-23;17.12703
2018-12-24;11.42009
2018-12-25;10.5597
2018-12-26;13.10861
2018-12-27;12.31587
2018-12-28;12.84922
2018-12-29;9.553473
2018-12-30;8.126723
2018-12-31;6.974656
2019-01-01;8.619927
2019-01-02;8.421144
2019-01-03;6.163119
2019-01-04;5.173521
2019-01-05;4.788728
2019-01-06;4.506867
2019-01-07;4.1436
2019-01-08;5.613398
2019-01-09;5.176438
2019-01-10;4.24017
2019-01-11;3.799152
2019-01-12;3.472491
2019-01-13;3.25545
2019-01-14;2.855117
2019-01-15;2.570245
2019-01-16;3.009708
2019-01-17;4.305433
2019-01-18;2.937848
2019-01-19;2.863762
2019-01-20;2.500843
2019-01-21;2.440888
2019-01-22;2.212782
2019-01-23;2.169366
2019-01-24;2.05804
2019-01-25;1.936809
2019-01-26;1.950004
2019-01-27;1.949331
2019-01-28;1.963246
2019-01-29;1.866502
2019-01-30;2.16332
2019-01-31;2.104099
2019-02-01;2.022433
2019-02-02;2.184275
2019-02-03;2.062573
2019-02-04;2.709491
2019-02-05;8.868785
2019-02-06;7.682763
2019-02-07;7.348087
2019-02-08;14.53668
2019-02-09;43.53787
2019-02-10;64.26964
2019-02-11;40.96299
2019-02-12;21.04593
2019-02-13;16.17303
2019-02-14;17.93861
2019-02-15;21.67452
2019-02-16;19.22321
2019-02-17;18.1545
2019-02-18;17.74
2019-02-19;20.67739
2019-02-20;20.738
2019-02-21;15.23298
2019-02-22;13.41659
2019-02-23;10.88586
2019-02-24;10.62998
2019-02-25;11.06793
2019-02-26;10.02888
2019-02-27;10.35642
2019-02-28;8.486175
2019-03-01;6.779508
2019-03-02;5.536837
2019-03-03;8.100493
2019-03-04;12.14747
2019-03-05;16.8073
2019-03-06;13.47272
2019-03-07;41.53106
2019-03-08;48.58862
2019-03-09;28.85942
2019-03-10;24.37071
2019-03-11;15.75012
2019-03-12;14.12322
2019-03-13;37.82381
2019-03-14;33.54122
2019-03-15;22.82914
2019-03-16;20.63365
2019-03-17;27.58353
2019-03-18;30.30195
2019-03-19;17.42775
2019-03-20;12.79079
2019-03-21;13.7417
2019-03-22;15.5097
2019-03-23;12.98969
2019-03-24;11.5282
2019-03-25;10.23199
2019-03-26;8.346931
2019-03-27;6.91847
2019-03-28;6.553899
2019-03-29;6.352366
2019-03-30;6.010346
2019-03-31;5.175943
2019-04-01;4.341026
2019-04-02;3.783567
2019-04-03;3.504574
2019-04-04;3.485768
2019-04-05;3.390654
2019-04-06;3.086999
2019-04-07;2.861254
2019-04-08;2.61404
2019-04-09;2.375893
2019-04-10;2.187927
2019-04-11;2.001108
2019-04-12;1.897228
2019-04-13;1.796454
2019-04-14;1.676055
2019-04-15;1.573944
2019-04-16;1.497983
2019-04-17;1.412407
2019-04-18;1.346288
2019-04-19;1.284015
2019-04-20;1.226792
2019-04-21;1.175752
2019-04-22;1.122135
2019-04-23;1.067906
2019-04-24;1.085194
2019-04-25;1.289003
2019-04-26;1.61491
2019-04-27;1.896903
2019-04-28;4.125517
2019-04-29;4.676922
2019-04-30;3.672338
2019-05-01;2.871281
2019-05-02;2.386932
2019-05-03;2.238178
2019-05-04;1.981485
2019-05-05;1.749832
2019-05-06;1.586283
2019-05-07;1.393228
2019-05-08;1.280294
2019-05-09;1.841996
2019-05-10;5.826224
2019-05-11;6.18796
2019-05-12;4.168604
2019-05-13;3.300843
2019-05-14;2.943881
2019-05-15;2.536164
2019-05-16;2.208944
2019-05-17;1.947322
2019-05-18;1.797953
2019-05-19;1.685158
2019-05-20;1.591858
2019-05-21;1.520914
2019-05-22;7.470169
2019-05-23;6.176736
2019-05-24;11.6229
2019-05-25;10.22809
2019-05-26;6.464458
2019-05-27;4.896594
2019-05-28;3.914993
2019-05-29;3.238238
2019-05-30;3.30643
2019-05-31;3.860729
2019-06-01;3.453977
2019-06-02;3.377556
2019-06-03;2.969122
2019-06-04;2.662843
2019-06-05;3.418635
2019-06-06;5.062125
2019-06-07;4.866854
2019-06-08;4.155467
2019-06-09;11.69433
2019-06-10;12.83038
2019-06-11;8.022923
2019-06-12;22.06309
2019-06-13;18.06614
2019-06-14;14.17502
2019-06-15;11.67064
2019-06-16;8.49357
2019-06-17;6.780606
2019-06-18;5.472569
2019-06-19;4.64581
2019-06-20;5.622172
2019-06-21;5.249376
2019-06-22;4.452573
2019-06-23;3.672171
2019-06-24;3.056682
2019-06-25;2.659291
2019-06-26;2.588312
2019-06-27;2.50143
2019-06-28;2.141706
2019-06-29;1.864742
2019-06-30;1.766766
2019-07-01;1.597426
2019-07-02;1.377483
2019-07-03;1.217526
2019-07-04;1.094368
2019-07-05;1.007198
2019-07-06;0.9405352
2019-07-07;0.886058
2019-07-08;0.9802755
2019-07-09;0.980244
2019-07-10;1.00916
2019-07-11;0.9320091
2019-07-12;0.8414924
2019-07-13;0.7746484
2019-07-14;0.7266541
2019-07-15;0.7082912
2019-07-16;0.6507838
2019-07-17;0.6028372
2019-07-18;0.5771945
2019-07-19;0.6311573
2019-07-20;0.9682426
2019-07-21;8.011753
2019-07-22;6.883224
2019-07-23;6.193974
2019-07-24;4.426847
2019-07-25;3.25535
2019-07-26;2.548943
2019-07-27;2.071459
2019-07-28;1.727417
2019-07-29;1.525631
2019-07-30;1.39591
2019-07-31;2.21146
2019-08-01;5.406356
2019-08-02;3.494772
2019-08-03;2.56442
2019-08-04;2.03621
2019-08-05;1.691033
2019-08-06;3.028411
2019-08-07;4.664392
2019-08-08;3.421401
2019-08-09;3.37236
2019-08-10;12.22179
2019-08-11;27.20059
2019-08-12;33.50845
2019-08-13;29.28983
2019-08-14;14.22695
2019-08-15;9.018887
2019-08-16;9.492366
2019-08-17;27.286
2019-08-18;39.37853
2019-08-19;23.56626
2019-08-20;21.02822
2019-08-21;15.88195
2019-08-22;15.46341
2019-08-23;37.41879
2019-08-24;21.77473
2019-08-25;13.15347
2019-08-26;8.934669
2019-08-27;6.712969
2019-08-28;5.374648
2019-08-29;4.645801
2019-08-30;4.030145
2019-08-31;3.511549
2019-09-01;3.278547
2019-09-02;2.838819
2019-09-03;2.980031
2019-09-04;3.638523
2019-09-05;9.26981
2019-09-06;6.32437
2019-09-07;8.459372
2019-09-08;7.460264
2019-09-09;7.708231
2019-09-10;11.1808
2019-09-11;10.3127
2019-09-12;10.09614
2019-09-13;7.594213
2019-09-14;5.894408
2019-09-15;10.20382
2019-09-16;10.01693
2019-09-17;6.723037
2019-09-18;5.215219
2019-09-19;4.306754
2019-09-20;3.725868
2019-09-21;3.28687
2019-09-22;2.846339
2019-09-23;2.470371
2019-09-24;2.374265
2019-09-25;2.376593
2019-09-26;2.310575
2019-09-27;21.99618
2019-09-28;39.85139
2019-09-29;41.90195
2019-09-30;24.86818
2019-10-01;14.53996
2019-10-02;9.792382
2019-10-03;7.366921
2019-10-04;8.895237
2019-10-05;9.026
2019-10-06;7.010185
2019-10-07;5.70533
2019-10-08;8.001786
2019-10-09;12.79905
2019-10-10;17.90811
2019-10-11;20.59217
2019-10-12;19.93932
2019-10-13;14.76654
2019-10-14;23.48226
2019-10-15;25.99431
2019-10-16;28.47177
2019-10-17;19.078
2019-10-18;20.20866
2019-10-19;48.73011
2019-10-20;46.93431
2019-10-21;29.03403
2019-10-22;17.55133
2019-10-23;12.67463
2019-10-24;9.922071
2019-10-25;13.37643
2019-10-26;16.47016
2019-10-27;15.74999
2019-10-28;12.79735
2019-10-29;9.71715
2019-10-30;7.777067
2019-10-31;6.497087
2019-11-01;5.572193
2019-11-02;4.911505
2019-11-03;4.87657
2019-11-04;5.342491
2019-11-05;4.563699
2019-11-06;4.016597
2019-11-07;3.610096
2019-11-08;3.300591
2019-11-09;3.040829
2019-11-10;2.872292
2019-11-11;3.019609
2019-11-12;7.584157
2019-11-13;32.43847
2019-11-14;28.9285
2019-11-15;25.62843
2019-11-16;19.04813
2019-11-17;15.96897
2019-11-18;14.9422
2019-11-19;29.63034
2019-11-20;25.71385
2019-11-21;17.85431
2019-11-22;25.83824
2019-11-23;52.61229
2019-11-24;31.73751
2019-11-25;21.22665
2019-11-26;21.84881
2019-11-27;25.88728
2019-11-28;24.22421
2019-11-29;20.54137
2019-11-30;14.42352
2019-12-01;10.44108
2019-12-02;8.142675
2019-12-03;6.735369
2019-12-04;6.046116
2019-12-05;5.75606
2019-12-06;14.25592
2019-12-07;15.26825
2019-12-08;24.67375
2019-12-09;29.29889
2019-12-10;18.12508
2019-12-11;60.35408
2019-12-12;45.08585
2019-12-13;29.80235
2019-12-14;20.68529
2019-12-15;22.30916
2019-12-16;19.96871
2019-12-17;18.26288
2019-12-18;17.82063
2019-12-19;18.76937
2019-12-20;28.43002
2019-12-21;41.49422
2019-12-22;35.68917
2019-12-23;33.47836
2019-12-24;42.81771
2019-12-25;25.80434
2019-12-26;16.77702
2019-12-27;12.01641
2019-12-28;9.202149
2019-12-29;8.517433
2019-12-30;8.351194
2019-12-31;7.303191
2020-01-01;6.216313
2020-01-02;5.482167
2020-01-03;6.008754
2020-01-04;6.278986
2020-01-05;5.344214
2020-01-06;4.949267
2020-01-07;5.344688
2020-01-08;13.59932
2020-01-09;12.85722
2020-01-10;10.84533
2020-01-11;15.71146
2020-01-12;47.34216
2020-01-13;24.88237
2020-01-14;26.26687
2020-01-15;45.40006
2020-01-16;28.16477
2020-01-17;29.97282
2020-01-18;45.09823
2020-01-19;24.73254
2020-01-20;15.70527
2020-01-21;11.60334
2020-01-22;8.940447
2020-01-23;7.223586
2020-01-24;6.331927
2020-01-25;5.593076
2020-01-26;5.083041
2020-01-27;10.56702
2020-01-28;17.44133
2020-01-29;19.82162
2020-01-30;15.73736
2020-01-31;23.40725
2020-02-01;22.42303
2020-02-02;21.65404
2020-02-03;14.55351
2020-02-04;10.75906
2020-02-05;8.356192
2020-02-06;7.429131
2020-02-07;7.03045
2020-02-08;6.559852
2020-02-09;17.94386
2020-02-10;67.87984
2020-02-11;30.13147
2020-02-12;18.91793
2020-02-13;14.3311
2020-02-14;10.51421
2020-02-15;11.70335
2020-02-16;66.45041
2020-02-17;60.55996
2020-02-18;33.96041
2020-02-19;22.59807
2020-02-20;22.58421
2020-02-21;37.37674
2020-02-22;38.82499
2020-02-23;38.07854
2020-02-24;26.10419
2020-02-25;17.07683
2020-02-26;12.83352
2020-02-27;9.809097
2020-02-28;8.202246
2020-02-29;10.19681
2020-03-01;28.63128
2020-03-02;41.75312
2020-03-03;33.56137
2020-03-04;42.6049
2020-03-05;24.10342
2020-03-06;16.71263
2020-03-07;12.68475
2020-03-08;28.61385
2020-03-09;57.18716
2020-03-10;32.64778
2020-03-11;39.22091
2020-03-12;27.72736
2020-03-13;21.75317
2020-03-14;15.09879
2020-03-15;25.39989
2020-03-16;59.50079
2020-03-17;27.08937
2020-03-18;21.2156
2020-03-19;16.39128
2020-03-20;11.93886
2020-03-21;9.248088
2020-03-22;7.587869
2020-03-23;6.4841
2020-03-24;5.657445
2020-03-25;5.003643
2020-03-26;4.451218
2020-03-27;4.00385
2020-03-28;3.621274
2020-03-29;3.292232
2020-03-30;2.912356
2020-03-31;2.577441
2020-04-01;2.39854
2020-04-02;2.295042
2020-04-03;2.330143
2020-04-04;2.218919
2020-04-05;2.175318
2020-04-06;2.098541
2020-04-07;2.011699
2020-04-08;1.914336
2020-04-09;1.794153
2020-04-10;1.671749
2020-04-11;1.642529
2020-04-12;1.883805
2020-04-13;2.00178
2020-04-14;1.73442
2020-04-15;1.493053
2020-04-16;1.392429
2020-04-17;1.309514
2020-04-18;1.237313
2020-04-19;1.173048
2020-04-20;1.124084
2020-04-21;1.074883
2020-04-22;1.029302
2020-04-23;0.986794
2020-04-24;0.9421685
2020-04-25;0.9087523
2020-04-26;0.8782486
2020-04-27;0.8911434
2020-04-28;0.8688403
2020-04-29;0.8586851
2020-04-30;1.870602
2020-05-01;7.43609
2020-05-02;5.523428
2020-05-03;3.830188
2020-05-04;2.980589
2020-05-05;2.481498
2020-05-06;2.14813
2020-05-07;1.891626
2020-05-08;1.695758
2020-05-09;1.523198
2020-05-10;1.440334
2020-05-11;1.366915
2020-05-12;1.25695
2020-05-13;1.159933
2020-05-14;1.072648
2020-05-15;1.010529
2020-05-16;0.9519066
2020-05-17;0.9073672
2020-05-18;0.8694145
2020-05-19;0.824634
2020-05-20;0.7777071
2020-05-21;0.7456669
2020-05-22;0.8652446
2020-05-23;4.852873
2020-05-24;3.886077
2020-05-25;3.330803
2020-05-26;2.551361
2020-05-27;2.082951
2020-05-28;1.762263
2020-05-29;1.537226
2020-05-30;1.356631
2020-05-31;1.210223
2020-06-01;1.075604
2020-06-02;0.9703616
2020-06-03;0.8915373
2020-06-04;0.9563569
2020-06-05;12.14274
2020-06-06;17.1196
2020-06-07;7.869124
2020-06-08;5.470005
2020-06-09;4.196692
2020-06-10;3.470041
2020-06-11;2.954156
2020-06-12;2.458257
2020-06-13;2.172333
2020-06-14;3.089806
2020-06-15;3.006806
2020-06-16;2.260233
2020-06-17;1.876992
2020-06-18;1.623778
2020-06-19;1.402628
2020-06-20;1.436565
2020-06-21;1.622118
2020-06-22;1.520949
2020-06-23;1.295987
2020-06-24;1.137981
2020-06-25;1.010525
2020-06-26;0.9048506
2020-06-27;0.8536656
2020-06-28;0.9281199
2020-06-29;1.438124
2020-06-30;13.29956
2020-07-01;11.23595
2020-07-02;5.828362
2020-07-03;4.032219
2020-07-04;3.763646
2020-07-05;8.226751
2020-07-06;12.55459
2020-07-07;7.074464
2020-07-08;4.982331
2020-07-09;3.873836
2020-07-10;3.283313
2020-07-11;3.986076
2020-07-12;3.019816
2020-07-13;2.526078
2020-07-14;2.290843
2020-07-15;2.181453
2020-07-16;2.290597
2020-07-17;2.137217
2020-07-18;2.214338
2020-07-19;7.645323
2020-07-20;6.867351
2020-07-21;4.534441
2020-07-22;3.372683
2020-07-23;2.714527
2020-07-24;13.44299
2020-07-25;16.84127
2020-07-26;23.74038
2020-07-27;43.971
2020-07-28;40.29823
2020-07-29;49.22838
2020-07-30;25.11515
2020-07-31;14.36288
2020-08-01;9.446331
2020-08-02;6.951546
2020-08-03;5.407991
2020-08-04;4.360661
2020-08-05;6.973698
2020-08-06;10.79152
2020-08-07;7.013329
2020-08-08;5.103691
2020-08-09;4.130698
2020-08-10;3.482225
2020-08-11;2.990441
2020-08-12;2.587428
2020-08-13;2.271982
2020-08-14;2.022425
2020-08-15;1.791409
2020-08-16;1.61074
2020-08-17;1.451998
2020-08-18;1.317941
2020-08-19;1.222518
2020-08-20;1.196223
2020-08-21;2.839651
2020-08-22;6.490743
2020-08-23;4.829511
2020-08-24;3.670824
2020-08-25;2.853439
2020-08-26;2.472829
2020-08-27;2.288837
2020-08-28;2.088441
2020-08-29;2.336037
2020-08-30;2.112768
2020-08-31;1.826361
2020-09-01;1.615242
2020-09-02;1.463303
2020-09-03;2.698602
2020-09-04;12.47964
2020-09-05;6.711308
2020-09-06;5.601954
2020-09-07;4.30701
2020-09-08;3.6684
2020-09-09;3.662166
2020-09-10;3.98263
2020-09-11;3.175447
2020-09-12;3.240981
2020-09-13;3.178207
2020-09-14;2.907604
2020-09-15;2.666696
2020-09-16;2.348226
2020-09-17;2.05698
2020-09-18;1.842368
2020-09-19;1.67882
2020-09-20;1.559993
2020-09-21;1.441036
2020-09-22;1.340347
2020-09-23;1.445691
2020-09-24;12.46997
2020-09-25;18.1216
2020-09-26;9.198866
2020-09-27;6.376485
2020-09-28;4.926792
2020-09-29;4.257418
2020-09-30;7.586742
2020-10-01;7.986745
2020-10-02;27.20794
2020-10-03;36.63068
2020-10-04;33.50265
2020-10-05;57.40149
2020-10-06;24.75599
2020-10-07;17.08517
2020-10-08;12.70468
2020-10-09;11.54718
2020-10-10;11.31429
2020-10-11;11.08943
2020-10-12;8.423104
2020-10-13;6.890999
2020-10-14;6.158231
2020-10-15;5.278934
2020-10-16;4.589502
2020-10-17;4.068318
2020-10-18;3.670789
2020-10-19;3.424301
2020-10-20;9.348217
2020-10-21;20.42061
2020-10-22;19.41345
2020-10-23;15.34438
2020-10-24;13.37898
2020-10-25;30.35823
2020-10-26;36.50198
2020-10-27;41.48832
2020-10-28;44.56435
2020-10-29;33.71229
2020-10-30;20.88501
2020-10-31;18.58315
2020-11-01;28.84584
2020-11-02;63.95815
2020-11-03;50.98713
2020-11-04;21.83263
2020-11-05;14.65738
2020-11-06;10.7818
2020-11-07;8.431224
2020-11-08;6.916753
2020-11-09;5.817291
2020-11-10;5.047312
2020-11-11;4.584889
2020-11-12;4.620682
2020-11-13;8.577849
2020-11-14;16.90143
2020-11-15;37.52273
2020-11-16;62.86168
2020-11-17;43.48047
2020-11-18;26.4421
2020-11-19;33.44519
2020-11-20;22.72301
2020-11-21;19.57811
2020-11-22;22.3367
2020-11-23;20.49948
2020-11-24;15.5928
2020-11-25;14.15359
2020-11-26;12.89087
2020-11-27;10.46095
2020-11-28;8.297355
2020-11-29;6.981193
2020-11-30;6.773408
2020-12-01;10.5562
2020-12-02;8.14214
2020-12-03;19.14071
2020-12-04;66.04144
2020-12-05;48.8113
2020-12-06;34.50154
2020-12-07;33.42437
2020-12-08;74.34017
2020-12-09;39.39042
2020-12-10;30.78809
2020-12-11;37.0608
2020-12-12;28.19984
2020-12-13;21.21395
2020-12-14;32.78067
2020-12-15;75.94186
2020-12-16;46.8445
2020-12-17;31.20686
2020-12-18;41.15419
2020-12-19;50.43681
2020-12-20;41.03839
2020-12-21;29.65349
2020-12-22;32.92655
2020-12-23;27.96095
2020-12-24;17.25068
2020-12-25;12.45146
2020-12-26;9.741338
2020-12-27;33.89889
2020-12-28;77.01897
2020-12-29;56.68387
2020-12-30;31.86474
2020-12-31;21.27879
2021-01-01;15.22382
2021-01-02;11.36711
2021-01-03;8.940422
2021-01-04;7.332452
2021-01-05;6.162811
2021-01-06;5.005806
2021-01-07;4.467112
2021-01-08;3.944237
2021-01-09;3.32152
2021-01-10;3.383932
2021-01-11;3.336449
2021-01-12;3.262663
2021-01-13;2.972927
2021-01-14;2.414808
2021-01-15;2.173328
2021-01-16;2.04907
2021-01-17;2.124368
2021-01-18;2.206072
2021-01-19;2.202227
2021-01-20;2.684444
2021-01-21;18.12888
2021-01-22;43.53209
2021-01-23;31.93647
2021-01-24;17.00943
2021-01-25;11.23605
2021-01-26;7.727768
2021-01-27;6.01262
2021-01-28;4.440549
2021-01-29;3.663967
2021-01-30;3.183916
2021-01-31;2.980849
2021-02-01;3.033717
2021-02-02;2.739803
2021-02-03;2.525832
2021-02-04;2.24814
2021-02-05;2.009669
2021-02-06;1.918216
2021-02-07;1.807244
2021-02-08;1.709623
2021-02-09;1.642828
2021-02-10;1.557467
2021-02-11;1.453031
2021-02-12;1.338688
2021-02-13;1.25097
2021-02-14;1.18278
2021-02-15;1.182979
2021-02-16;1.198127
2021-02-17;1.241067
2021-02-18;1.54183
2021-02-19;4.098734
2021-02-20;21.94298
2021-02-21;34.17727
2021-02-22;23.9194
2021-02-23;20.39843
2021-02-24;19.28241
2021-02-25;30.9919
2021-02-26;26.04555
2021-02-27;16.52764
2021-02-28;11.67665
2021-03-01;8.850935
2021-03-02;7.129099
2021-03-03;5.89403
2021-03-04;4.97119
2021-03-05;4.196253
2021-03-06;3.775381
2021-03-07;3.505257
2021-03-08;3.094928
2021-03-09;2.779457
2021-03-10;2.725184
2021-03-11;18.48702
2021-03-12;30.59125
2021-03-13;22.43535
2021-03-14;17.56585
2021-03-15;14.62566
2021-03-16;12.04214
2021-03-17;9.295451
2021-03-18;7.453943
2021-03-19;6.352874
2021-03-20;5.509065
2021-03-21;6.458792
2021-03-22;6.025581
2021-03-23;7.786294
2021-03-24;10.51131
2021-03-25;10.89484
2021-03-26;9.910337
2021-03-27;12.43316
2021-03-28;10.94565
2021-03-29;11.94774
2021-03-30;11.85389
2021-03-31;10.05802
2021-04-01;8.580981
2021-04-02;6.909357
2021-04-03;5.60752
2021-04-04;4.779368
2021-04-05;4.43996
2021-04-06;3.855824
2021-04-07;3.431185
2021-04-08;3.242956
2021-04-09;6.17135
2021-04-10;6.62518
2021-04-11;4.896826
2021-04-12;4.217305
2021-04-13;3.830849
2021-04-14;3.399021
2021-04-15;3.053037
2021-04-16;2.789876
2021-04-17;2.579639
2021-04-18;2.4236
2021-04-19;2.261663
2021-04-20;2.112078
2021-04-21;1.976932
2021-04-22;1.826274
2021-04-23;1.682587
2021-04-24;1.567499
2021-04-25;1.469489
2021-04-26;1.393883
2021-04-27;1.314218
2021-04-28;1.252918
2021-04-29;1.201705
2021-04-30;1.141499
2021-05-01;1.094153
2021-05-02;1.053749
2021-05-03;1.016994
2021-05-04;3.410408
2021-05-05;19.1846
2021-05-06;9.745129
2021-05-07;6.422742
2021-05-08;5.114196
2021-05-09;7.169811
2021-05-10;15.48183
2021-05-11;11.63746
2021-05-12;8.387878
2021-05-13;7.120176
2021-05-14;5.949094
2021-05-15;7.854611
2021-05-16;7.343705
2021-05-17;6.1762
2021-05-18;7.420234
2021-05-19;6.373501
2021-05-20;5.317386
2021-05-21;4.382155
2021-05-22;4.740151
2021-05-23;7.188209
2021-05-24;11.07415
2021-05-25;36.69163
2021-05-26;28.04246
2021-05-27;16.36015
2021-05-28;10.97649
2021-05-29;7.848321
2021-05-30;5.971444
2021-05-31;4.77059
2021-06-01;3.970693
2021-06-02;3.364462
2021-06-03;3.163858
2021-06-04;9.451574
2021-06-05;6.617006
2021-06-06;4.52918
2021-06-07;3.653277
2021-06-08;3.049875
2021-06-09;2.602147
2021-06-10;2.28078
2021-06-11;2.070839
2021-06-12;1.920608
2021-06-13;1.736379
2021-06-14;2.355231
2021-06-15;4.280985
2021-06-16;2.898796
2021-06-17;2.320495
2021-06-18;2.149142
2021-06-19;2.059752
2021-06-20;1.976558
2021-06-21;3.268721
2021-06-22;3.094092
2021-06-23;2.386055
2021-06-24;1.982341
2021-06-25;1.694095
2021-06-26;1.494283
2021-06-27;1.352155
2021-06-28;1.213354
2021-06-29;1.105537
2021-06-30;1.016617
2021-07-01;0.951952
2021-07-02;0.8965866
2021-07-03;1.007818
2021-07-04;1.494699
2021-07-05;1.591352
2021-07-06;2.327682
2021-07-07;4.750121
2021-07-08;7.60248
2021-07-09;8.954186
2021-07-10;5.486621
2021-07-11;10.83223
2021-07-12;7.083825
2021-07-13;4.68413
2021-07-14;3.556046
2021-07-15;2.857761
2021-07-16;2.331043
2021-07-17;1.915929
2021-07-18;1.616158
2021-07-19;1.398562
2021-07-20;1.247177
2021-07-21;1.110608
2021-07-22;1.00871
2021-07-23;0.92313
2021-07-24;0.851378
2021-07-25;0.7861971
2021-07-26;0.7488191
2021-07-27;0.897229
2021-07-28;1.704089
2021-07-29;7.549925
2021-07-30;10.16167
2021-07-31;6.139367
2021-08-01;4.435381
2021-08-02;3.961585
2021-08-03;3.252051
2021-08-04;2.733868
2021-08-05;2.32786
2021-08-06;1.988605
2021-08-07;1.978515
2021-08-08;4.217564
2021-08-09;4.413044
2021-08-10;8.709397
2021-08-11;6.265195
2021-08-12;4.526542
2021-08-13;3.79727
2021-08-14;5.074024
2021-08-15;7.331822
2021-08-16;5.663753
2021-08-17;4.372347
2021-08-18;3.469306
2021-08-19;2.801131
2021-08-20;2.298115
2021-08-21;1.949911
2021-08-22;1.650017
2021-08-23;1.457479
2021-08-24;1.39583
2021-08-25;1.292412
2021-08-26;1.154388
2021-08-27;1.081177
2021-08-28;1.021101
2021-08-29;0.9470307
2021-08-30;0.8766991
2021-08-31;0.8034204
2021-09-01;0.7278892
2021-09-02;0.676192
2021-09-03;0.6342759
2021-09-04;0.5976123
2021-09-05;0.5713506
2021-09-06;0.5467396
2021-09-07;0.5307576
2021-09-08;0.5237015
2021-09-09;0.5029511
2021-09-10;0.5106802
2021-09-11;0.5047339
2021-09-12;0.4916177
2021-09-13;0.4703001
2021-09-14;0.4513666
2021-09-15;0.4471268
2021-09-16;0.5631063
2021-09-17;0.5744677
2021-09-18;0.5861804
2021-09-19;0.5471638
2021-09-20;0.5122334
2021-09-21;0.502055
2021-09-22;0.4974933
2021-09-23;0.5061663
2021-09-24;0.497972
2021-09-25;0.4929003
2021-09-26;0.5046756
2021-09-27;0.6536245
2021-09-28;7.50535
2021-09-29;5.273057
2021-09-30;6.261646
2021-10-01;17.93465
2021-10-02;31.63523
2021-10-03;36.61629
2021-10-04;50.53432
2021-10-05;23.37502
2021-10-06;16.69382
2021-10-07;11.41094
2021-10-08;8.27709
2021-10-09;6.685686
2021-10-10;5.576256
2021-10-11;4.697841
2021-10-12;4.074324
2021-10-13;3.591828
2021-10-14;3.214213
2021-10-15;3.012391
2021-10-16;2.773849
2021-10-17;2.505149
2021-10-18;2.277079
2021-10-19;2.366453
2021-10-20;3.771715
2021-10-21;3.986605
2021-10-22;3.216701
2021-10-23;2.792785
2021-10-24;2.617181
2021-10-25;2.500593
2021-10-26;3.192587
2021-10-27;4.856319
2021-10-28;7.375407
2021-10-29;7.387328
2021-10-30;6.602261
2021-10-31;29.22574
2021-11-01;33.28398
2021-11-02;38.54288
2021-11-03;27.0404
2021-11-04;16.03519
2021-11-05;10.90173
2021-11-06;8.309017
2021-11-07;11.26354
2021-11-08;9.601623
2021-11-09;9.027433
2021-11-10;10.16111
2021-11-11;7.794872
2021-11-12;6.918899
2021-11-13;18.9942
2021-11-14;18.16958
2021-11-15;12.16782
2021-11-16;12.49097
2021-11-17;16.61599
2021-11-18;15.09644
2021-11-19;10.55757
2021-11-20;8.097307
2021-11-21;6.776838
2021-11-22;5.740586
2021-11-23;4.952598
2021-11-24;4.440228
2021-11-25;4.168557
2021-11-26;4.125246
2021-11-27;4.078005
2021-11-28;3.735981
2021-11-29;3.40481
2021-11-30;3.664059
2021-12-01;3.402942
2021-12-02;2.945909
2021-12-03;2.64075
2021-12-04;2.878644
2021-12-05;2.740336
2021-12-06;2.458803
2021-12-07;2.37515
2021-12-08;3.417486
2021-12-09;8.853251
2021-12-10;10.08857
2021-12-11;7.598528
2021-12-12;7.932168
2021-12-13;10.93297
2021-12-14;11.55885
2021-12-15;17.29296
2021-12-16;25.74763
2021-12-17;18.59857
2021-12-18;15.59279
2021-12-19;16.00447
2021-12-20;12.71479
2021-12-21;8.979088
2021-12-22;7.010501
2021-12-23;5.883766
2021-12-24;4.809294
2021-12-25;3.312149
2021-12-26;3.206733
2021-12-27;3.066023
2021-12-28;3.186641
2021-12-29;3.218795
2021-12-30;4.028769
2021-12-31;6.567857
2022-01-01;6.611837
2022-01-02;7.495668
2022-01-03;10.70488
2022-01-04;17.55782
2022-01-05;11.09255
2022-01-06;6.745427
2022-01-07;6.58562
2022-01-08;6.120159
2022-01-09;5.735937
2022-01-10;6.872451
2022-01-11;9.325897
2022-01-12;14.86762
2022-01-13;19.7798
2022-01-14;30.3955
2022-01-15;20.77814
2022-01-16;12.92329
2022-01-17;10.79687
2022-01-18;8.823635
2022-01-19;7.771039
2022-01-20;11.89515
2022-01-21;8.139169
2022-01-22;6.420081
2022-01-23;5.418791
2022-01-24;5.218582
2022-01-25;6.822342
2022-01-26;6.095376
2022-01-27;7.259621
2022-01-28;8.148992
2022-01-29;7.336088
2022-01-30;14.11566
2022-01-31;8.503342
2022-02-01;6.331156
2022-02-02;5.207797
2022-02-03;4.583292
2022-02-04;6.67385
2022-02-05;8.826115
2022-02-06;11.89102
2022-02-07;9.170333
2022-02-08;7.21613
2022-02-09;7.089202
2022-02-10;6.869551
2022-02-11;5.832454
2022-02-12;5.544495
2022-02-13;28.20798
2022-02-14;37.33512
2022-02-15;51.26049
2022-02-16;32.83121
2022-02-17;22.97243
2022-02-18;15.51248
2022-02-19;11.84601
2022-02-20;9.250477
2022-02-21;8.150179
2022-02-22;7.503569
2022-02-23;7.216687
2022-02-24;18.56597
2022-02-25;16.91175
2022-02-26;11.03528
2022-02-27;8.497825
2022-02-28;7.508502
2022-03-01;6.992652
2022-03-02;7.322587
2022-03-03;6.095523
2022-03-04;5.192796
2022-03-05;4.552675
2022-03-06;4.060711
2022-03-07;3.663869
2022-03-08;3.344382
2022-03-09;3.118456
2022-03-10;2.857286
2022-03-11;2.711955
2022-03-12;2.658247
2022-03-13;2.534457
2022-03-14;2.461465
2022-03-15;2.36977
2022-03-16;2.325485
2022-03-17;2.638976
2022-03-18;8.709186
2022-03-19;5.894777
2022-03-20;4.593207
2022-03-21;3.926146
2022-03-22;3.480716
2022-03-23;3.188718
2022-03-24;2.940955
2022-03-25;2.807609
2022-03-26;2.761176
2022-03-27;2.665293
2022-03-28;2.491491
2022-03-29;2.324856
2022-03-30;2.127425
2022-03-31;1.951743
2022-04-01;1.798152
2022-04-02;1.670354
2022-04-03;1.574311
2022-04-04;1.552232
2022-04-05;1.519984
2022-04-06;1.512171
2022-04-07;1.516525
2022-04-08;1.466364
2022-04-09;1.415747
2022-04-10;1.374731
2022-04-11;1.319499
2022-04-12;1.253794
2022-04-13;1.205041
2022-04-14;1.20618
2022-04-15;1.207274
2022-04-16;1.188247
2022-04-17;1.147821
2022-04-18;1.114282
2022-04-19;1.064579
2022-04-20;1.013059
2022-04-21;0.9643012
2022-04-22;0.9155611
2022-04-23;0.8540353
2022-04-24;0.8016148
2022-04-25;0.7600278
2022-04-26;0.7345783
2022-04-27;0.7015752
2022-04-28;0.6797728
2022-04-29;0.649438
2022-04-30;0.6297162
2022-05-01;0.6083897
2022-05-02;0.5873939
2022-05-03;0.5675153
2022-05-04;0.5518358
2022-05-05;0.5408053
2022-05-06;0.5253775
2022-05-07;0.5283852
2022-05-08;0.5055212
2022-05-09;0.4962696
2022-05-10;0.5562617
2022-05-11;0.716461
2022-05-12;0.895758
2022-05-13;0.8947111
2022-05-14;0.8001246
2022-05-15;0.7275079
2022-05-16;0.6624811
2022-05-17;0.6061103
2022-05-18;0.5811564
2022-05-19;0.6091592
2022-05-20;0.7164264
2022-05-21;0.7245943
2022-05-22;0.6763856
2022-05-23;0.6202546
2022-05-24;0.858808
2022-05-25;2.129099
2022-05-26;3.773391
2022-05-27;3.384455
2022-05-28;2.306586
2022-05-29;1.838762
2022-05-30;1.550716
2022-05-31;1.39601
2022-06-01;1.277853
2022-06-02;1.147072
2022-06-03;1.030416
2022-06-04;0.9196333
2022-06-05;0.8332857
2022-06-06;0.7533587
2022-06-07;1.008909
2022-06-08;1.122791
2022-06-09;1.008601
2022-06-10;1.02167
2022-06-11;0.9739819
2022-06-12;0.8909276
2022-06-13;0.8132831
2022-06-14;0.7455081
2022-06-15;0.6937253
2022-06-16;0.6427031
2022-06-17;0.6547439
2022-06-18;0.7054601
2022-06-19;0.6683174
2022-06-20;0.63984
2022-06-21;0.6025959
2022-06-22;0.5707327
2022-06-23;0.5342665
2022-06-24;0.5030264
2022-06-25;0.4676971
2022-06-26;0.4470879
2022-06-27;0.4635634
2022-06-28;0.4840383
2022-06-29;0.463193
2022-06-30;0.4372112
2022-07-01;0.412225
2022-07-02;0.3988703
2022-07-03;0.6681329
2022-07-04;0.7694225
2022-07-05;0.8559842
2022-07-06;0.8314878
2022-07-07;0.7294134
2022-07-08;0.6223626
2022-07-09;0.5422443
2022-07-10;0.4835711
2022-07-11;0.4450484
2022-07-12;0.4236087
2022-07-13;0.4049043
2022-07-14;0.3721313
2022-07-15;0.3538719
2022-07-16;0.3380966
2022-07-17;0.3210878
2022-07-18;0.3141811
2022-07-19;0.3019148
2022-07-20;0.3491811
2022-07-21;0.3826289
2022-07-22;0.3511116
2022-07-23;0.3179341
2022-07-24;0.3105162
2022-07-25;0.4581009
2022-07-26;0.5714767
2022-07-27;0.5620664
2022-07-28;0.4586373
2022-07-29;0.3882308
2022-07-30;0.3464859
2022-07-31;0.3557613
2022-08-01;0.3523737
2022-08-02;2.139074
2022-08-03;3.341964
2022-08-04;2.543894
2022-08-05;3.641137
2022-08-06;2.069324
2022-08-07;1.506012
2022-08-08;1.249249
2022-08-09;1.035202
2022-08-10;0.9042609
2022-08-11;0.7989728
2022-08-12;0.7105318
2022-08-13;0.6467864
2022-08-14;0.5966697
2022-08-15;0.5861678
2022-08-16;0.5368183
2022-08-17;0.5135691
2022-08-18;0.4903658
2022-08-19;0.4646409
2022-08-20;0.436353
2022-08-21;0.5147257
2022-08-22;0.4925109
2022-08-23;0.4666406
2022-08-24;0.4964556
2022-08-25;0.4813606
2022-08-26;0.8684059
2022-08-27;12.61891
2022-08-28;4.552815
2022-08-29;3.677689
2022-08-30;2.821264
2022-08-31;2.251703
2022-09-01;2.069817
2022-09-02;1.708214
2022-09-03;1.444972
2022-09-04;1.514057
2022-09-05;1.356398
2022-09-06;1.160542
2022-09-07;1.003469
2022-09-08;0.8532763
2022-09-09;0.7857869
2022-09-10;0.72397
2022-09-11;0.6598274
2022-09-12;0.8134581
2022-09-13;13.50422
2022-09-14;9.33615
2022-09-15;5.112186
2022-09-16;3.627717
2022-09-17;2.822242
2022-09-18;2.313729
2022-09-19;1.936733
2022-09-20;1.678289
2022-09-21;1.51443
2022-09-22;1.403058
2022-09-23;1.426858
2022-09-24;1.580312
2022-09-25;1.657238
2022-09-26;4.62466
2022-09-27;8.264522
2022-09-28;21.81763
2022-09-29;20.24983
2022-09-30;10.95105
2022-10-01;21.02556
2022-10-02;30.29245
2022-10-03;14.20199
2022-10-04;9.171501
2022-10-05;10.8949
2022-10-06;26.43116
2022-10-07;20.52963
2022-10-08;27.59643
2022-10-09;16.9629
2022-10-10;11.35124
2022-10-11;9.302272
2022-10-12;7.281045
2022-10-13;7.646586
2022-10-14;7.679205
2022-10-15;10.08122
2022-10-16;26.15658
2022-10-17;25.80309
2022-10-18;20.95678
2022-10-19;15.39742
2022-10-20;10.60823
2022-10-21;7.958508
2022-10-22;6.451081
2022-10-23;6.174503
2022-10-24;8.369303
2022-10-25;24.07465
2022-10-26;16.79887
2022-10-27;13.02948
2022-10-28;10.97281
2022-10-29;12.73731
2022-10-30;10.49186
2022-10-31;8.043278
2022-11-01;7.624064
2022-11-02;17.30067
2022-11-03;31.36051
2022-11-04;52.19177
2022-11-05;58.49116
2022-11-06;32.90077
2022-11-07;61.91826
2022-11-08;51.32428
2022-11-09;39.37572
2022-11-10;27.59454
2022-11-11;18.52152
2022-11-12;14.16701
2022-11-13;10.62571
2022-11-14;8.561355
2022-11-15;7.953794
2022-11-16;19.26702
2022-11-17;26.49536
2022-11-18;23.69914
2022-11-19;17.57122
2022-11-20;12.04369
2022-11-21;8.955086
2022-11-22;7.52483
2022-11-23;17.66663
2022-11-24;49.51608
2022-11-25;70.24084
2022-11-26;81.91099
2022-11-27;42.31468
2022-11-28;51.24842
2022-11-29;104.1546
2022-11-30;56.30267
2022-12-01;26.62429
2022-12-02;17.17402
2022-12-03;12.42395
2022-12-04;9.377771
2022-12-05;7.460503
2022-12-06;6.183169
2022-12-07;5.24114
2022-12-08;4.251974
2022-12-09;3.907074
2022-12-10;3.642204
2022-12-11;3.161157
2022-12-12;2.886108
2022-12-13;2.392216
2022-12-14;2.364295
2022-12-15;2.068882
2022-12-16;1.960609
2022-12-17;2.270913
2022-12-18;2.884293
2022-12-19;3.238027
2022-12-20;5.708984
2022-12-21;8.935729
2022-12-22;21.29051
2022-12-23;24.89903
2022-12-24;13.79322
2022-12-25;10.78906
2022-12-26;27.36211
2022-12-27;37.88765
2022-12-28;18.70475
2022-12-29;15.12083
2022-12-30;23.64117
2022-12-31;51.62735
2023-01-01;32.23165
2023-01-02;16.84504
2023-01-03;11.61115
2023-01-04;37.22203
2023-01-05;42.14845
2023-01-06;30.7738
2023-01-07;29.48404
2023-01-08;61.52464
2023-01-09;78.15804
2023-01-10;53.6011
2023-01-11;59.61521
2023-01-12;54.98439
2023-01-13;41.91866
2023-01-14;37.45037
2023-01-15;42.72243
2023-01-16;33.03571
2023-01-17;22.46019
2023-01-18;21.55911
2023-01-19;15.99364
2023-01-20;11.84995
2023-01-21;8.63225
2023-01-22;7.321016
2023-01-23;6.324814
2023-01-24;5.631401
2023-01-25;8.888005
2023-01-26;13.42555
2023-01-27;9.373248
2023-01-28;7.166051
2023-01-29;6.112679
2023-01-30;8.381265
2023-01-31;7.90205
2023-02-01;7.467843
2023-02-02;8.949003
2023-02-03;8.088738
2023-02-04;6.546994
2023-02-05;10.08489
2023-02-06;9.044263
2023-02-07;7.383386
2023-02-08;8.069755
2023-02-09;12.12029
2023-02-10;12.69965
2023-02-11;13.24932
2023-02-12;12.71434
2023-02-13;9.699555
2023-02-14;7.712149
2023-02-15;6.365144
2023-02-16;5.923872
2023-02-17;7.939375
2023-02-18;13.10524
2023-02-19;8.487596
2023-02-20;10.05219
2023-02-21;12.78472
2023-02-22;9.07574
2023-02-23;16.32035
2023-02-24;13.23292
2023-02-25;9.277918
2023-02-26;7.021053
2023-02-27;5.754722
2023-02-28;4.915831
2023-03-01;4.331925
2023-03-02;3.87536
2023-03-03;3.489646
2023-03-04;3.213739
2023-03-05;2.80953
2023-03-06;2.499191
2023-03-07;2.581028
2023-03-08;1.965042
2023-03-09;2.100437
2023-03-10;1.864491
2023-03-11;1.713849
2023-03-12;1.652906
2023-03-13;2.492241
2023-03-14;7.287052
2023-03-15;5.571763
2023-03-16;4.446032
2023-03-17;29.7288
2023-03-18;34.54178
2023-03-19;26.96503
2023-03-20;22.85839
2023-03-21;20.57306
2023-03-22;24.91075
2023-03-23;35.90383
2023-03-24;30.66626
2023-03-25;31.29956
2023-03-26;23.86993
2023-03-27;16.52829
2023-03-28;11.92812
2023-03-29;14.28435
2023-03-30;11.742
2023-03-31;9.2108
2023-04-01;7.400913
2023-04-02;6.419168
2023-04-03;5.906151
2023-04-04;5.67111
2023-04-05;5.394464
2023-04-06;5.127187
2023-04-07;4.662043
2023-04-08;4.423891
2023-04-09;4.424508
2023-04-10;4.573012
2023-04-11;12.46608
2023-04-12;15.88321
2023-04-13;19.08841
2023-04-14;33.36024
2023-04-15;19.95429
2023-04-16;17.099
2023-04-17;12.49678
2023-04-18;9.233595
2023-04-19;7.270969
2023-04-20;5.982026
2023-04-21;5.066779
2023-04-22;4.413183
2023-04-23;4.603768
2023-04-24;4.982036
2023-04-25;4.756536
2023-04-26;4.036475
2023-04-27;3.493949
2023-04-28;3.091659
2023-04-29;2.7941
2023-04-30;2.531118
2023-05-01;3.758177
2023-05-02;5.700012
2023-05-03;4.091872
2023-05-04;3.357879
2023-05-05;2.881423
2023-05-06;2.544564
2023-05-07;2.283623
2023-05-08;2.060619
2023-05-09;6.209203
2023-05-10;28.25922
2023-05-11;15.95182
2023-05-12;10.1185
2023-05-13;7.394882
2023-05-14;5.820043
2023-05-15;4.804954
2023-05-16;4.09685
2023-05-17;3.497196
2023-05-18;3.02634
2023-05-19;2.696698
2023-05-20;2.439206
2023-05-21;2.208075
2023-05-22;2.035677
2023-05-23;2.620616
2023-05-24;2.727141
2023-05-25;2.215032
2023-05-26;1.925532
2023-05-27;1.720568
2023-05-28;1.565111
2023-05-29;1.422529
2023-05-30;1.318761
2023-05-31;1.230566
2023-06-01;1.137376
2023-06-02;1.054978
2023-06-03;0.995568
2023-06-04;0.9364143
2023-06-05;0.8728856
2023-06-06;0.8142782
2023-06-07;0.768733
2023-06-08;0.7277791
2023-06-09;0.6838037
2023-06-10;0.6452952
2023-06-11;0.6086416
2023-06-12;0.5852416
2023-06-13;0.5849641
2023-06-14;0.5510922
2023-06-15;0.5105892
2023-06-16;0.476853
2023-06-17;0.4500612
2023-06-18;0.433047
2023-06-19;0.4186108
2023-06-20;0.4365517
2023-06-21;0.4387142
2023-06-22;0.4411139
2023-06-23;0.4205696
2023-06-24;0.4027491
2023-06-25;0.385337
2023-06-26;1.032582
2023-06-27;1.660533
2023-06-28;1.183487
2023-06-29;0.9442018
2023-06-30;0.9786887
2023-07-01;0.9482194
2023-07-02;1.047718
2023-07-03;1.161622
2023-07-04;1.232097
2023-07-05;1.778556
2023-07-06;2.00763
2023-07-07;2.876685
2023-07-08;1.909017
2023-07-09;1.477738
2023-07-10;5.493309
2023-07-11;14.20031
2023-07-12;16.60232
2023-07-13;10.27497
2023-07-14;6.578165
2023-07-15;5.531041
2023-07-16;11.60878
2023-07-17;18.19798
2023-07-18;11.40428
2023-07-19;7.285787
2023-07-20;5.21771
2023-07-21;4.02872
2023-07-22;3.257962
2023-07-23;2.715272
2023-07-24;2.333889
2023-07-25;2.04416
2023-07-26;1.93347
2023-07-27;1.892729
2023-07-28;1.729468
2023-07-29;1.784871
2023-07-30;1.798354
2023-07-31;2.092136
2023-08-01;1.970795
2023-08-02;1.682712
2023-08-03;1.551004
2023-08-04;1.454456
2023-08-05;1.535283
2023-08-06;1.325047
2023-08-07;1.272141
2023-08-08;1.535138
2023-08-09;1.838476
2023-08-10;1.582711
2023-08-11;1.352442
2023-08-12;1.242638
2023-08-13;1.245086
2023-08-14;1.41088
2023-08-15;2.238104
2023-08-16;4.246072
2023-08-17;3.564619
2023-08-18;2.652319
2023-08-19;2.984233
2023-08-20;17.68712
2023-08-21;11.37758
2023-08-22;6.877858
2023-08-23;4.95436
2023-08-24;3.871773
2023-08-25;4.077893
2023-08-26;5.683642
2023-08-27;4.587151
2023-08-28;3.669672
2023-08-29;3.052374
2023-08-30;2.933909
2023-08-31;5.337609
2023-09-01;4.582147
2023-09-02;3.429508
2023-09-03;2.801092
2023-09-04;2.483081
2023-09-05;2.214883
2023-09-06;1.963738
2023-09-07;1.766129
2023-09-08;1.629255
2023-09-09;1.511724
2023-09-10;1.405722
2023-09-11;1.349382
2023-09-12;1.893701
2023-09-13;1.589175
2023-09-14;1.37567
2023-09-15;1.427341
2023-09-16;1.364507
2023-09-17;1.284362
2023-09-18;11.56828
2023-09-19;55.38115
2023-09-20;36.28722
2023-09-21;53.54301
2023-09-22;66.57325
2023-09-23;31.60633
2023-09-24;17.33161
2023-09-25;22.43451
2023-09-26;23.90756
2023-09-27;15.2279
2023-09-28;11.11055
2023-09-29;9.165109
2023-09-30;7.679828
2023-10-01;6.244528
2023-10-02;5.242507
2023-10-03;4.692354
2023-10-04;4.247813
2023-10-05;4.284453
2023-10-06;4.712196
2023-10-07;5.141902
2023-10-08;4.042282
2023-10-09;3.473836
2023-10-10;3.160803
2023-10-11;3.1179
2023-10-12;3.404817
2023-10-13;4.90393
2023-10-14;17.9123
2023-10-15;10.93243
2023-10-16;7.28038
2023-10-17;5.643055
2023-10-18;4.690722
2023-10-19;4.048447
2023-10-20;4.154792
2023-10-21;9.632277
2023-10-22;16.60637
2023-10-23;18.08594
2023-10-24;15.10853
2023-10-25;24.88584
2023-10-26;19.6755
2023-10-27;12.61353
2023-10-28;8.945914
2023-10-29;7.107896
2023-10-30;6.27087
2023-10-31;5.705184
2023-11-01;5.206561
2023-11-02;13.4251
2023-11-03;48.19126
2023-11-04;84.78945
2023-11-05;72.8042
2023-11-06;48.33633
2023-11-07;25.55966
2023-11-08;16.41576
2023-11-09;18.6843
2023-11-10;16.16889
2023-11-11;13.52215
2023-11-12;10.16736
2023-11-13;8.664666
2023-11-14;7.981964
2023-11-15;6.635653
2023-11-16;5.676054
2023-11-17;4.962319
2023-11-18;4.410016
2023-11-19;4.423542
2023-11-20;4.363524
2023-11-21;3.993127
2023-11-22;4.373647
2023-11-23;14.56228
2023-11-24;16.7423
2023-11-25;9.976926
2023-11-26;7.156207
2023-11-27;5.853271
2023-11-28;4.541031
2023-11-29;3.941989
2023-11-30;3.747641
2023-12-01;3.164273
2023-12-02;2.761746
2023-12-03;2.830805
2023-12-04;2.655145
2023-12-05;2.478085
2023-12-06;2.315542
2023-12-07;2.168883
2023-12-08;2.088734
2023-12-09;2.6804
2023-12-10;10.95681
2023-12-11;8.618605
2023-12-12;6.294354
2023-12-13;5.085878
2023-12-14;4.213457
2023-12-15;3.699735
2023-12-16;4.75469
2023-12-17;17.7557
2023-12-18;24.17072
2023-12-19;20.19157
2023-12-20;14.9955
2023-12-21;14.43739
2023-12-22;16.65906
2023-12-23;10.08553
2023-12-24;7.568542
2023-12-25;7.082682
2023-12-26;6.375642
2023-12-27;5.088086
2023-12-28;4.84733
2023-12-29;8.378839
2023-12-30;13.74559
2023-12-31;12.77193
2024-01-01;15.23059
2024-01-02;10.75657
2024-01-03;7.944191
2024-01-04;6.607091
2024-01-05;5.973299
2024-01-06;5.32458
2024-01-07;4.610838
2024-01-08;4.183418
2024-01-09;3.859089
2024-01-10;3.596737
2024-01-11;3.331429
2024-01-12;3.064261
2024-01-13;2.87012
2024-01-14;2.82867
2024-01-15;2.646887
2024-01-16;2.455228
2024-01-17;2.422324
2024-01-18;2.449553
2024-01-19;2.38344
2024-01-20;2.26996
2024-01-21;2.723825
2024-01-22;16.4894
2024-01-23;62.73276
2024-01-24;65.69757
2024-01-25;58.46142
2024-01-26;45.50327
2024-01-27;48.72
2024-01-28;29.77517
2024-01-29;24.48914
2024-01-30;21.31676
2024-01-31;27.34976
2024-02-01;32.4349
2024-02-02;23.10501
2024-02-03;26.57066
2024-02-04;24.42485
2024-02-05;19.63216
2024-02-06;13.89841
2024-02-07;10.13399
2024-02-08;7.799736
2024-02-09;6.316689
2024-02-10;4.947324
2024-02-11;4.705224
2024-02-12;4.303364
2024-02-13;4.100848
2024-02-14;3.896735
2024-02-15;4.126364
2024-02-16;15.49408
2024-02-17;17.72558
2024-02-18;12.59705
2024-02-19;10.23712
2024-02-20;8.953992
2024-02-21;12.05878
2024-02-22;37.52681
2024-02-23;66.25788
2024-02-24;68.50034
2024-02-25;34.54324
2024-02-26;23.31988
2024-02-27;16.02611
2024-02-28;14.57368
2024-02-29;31.67139
2024-03-01;73.05152
2024-03-02;77.61806
2024-03-03;43.27881
2024-03-04;28.84073
2024-03-05;21.35514
2024-03-06;15.03955
2024-03-07;11.08933
2024-03-08;8.697223
2024-03-09;7.194916
2024-03-10;6.109182
2024-03-11;5.235171
2024-03-12;4.627832
2024-03-13;4.76002
2024-03-14;14.43956
2024-03-15;18.51116
2024-03-16;22.77625
2024-03-17;14.91789
2024-03-18;10.44672
2024-03-19;8.695062
2024-03-20;12.26281
2024-03-21;10.0156
2024-03-22;8.933905
2024-03-23;8.534087
2024-03-24;9.565426
2024-03-25;8.683709
2024-03-26;8.072408
2024-03-27;8.676055
2024-03-28;8.197741
2024-03-29;16.79249
2024-03-30;17.0552
2024-03-31;23.01685
2024-04-01;18.48166
2024-04-02;11.94424
2024-04-03;8.66427
2024-04-04;7.025874
2024-04-05;6.317776
2024-04-06;6.135522
2024-04-07;10.76342
2024-04-08;24.7436
2024-04-09;20.125
2024-04-10;23.71835
2024-04-11;23.04631
2024-04-12;18.94335
2024-04-13;14.81572
2024-04-14;12.79852
2024-04-15;10.74374
2024-04-16;11.03782
2024-04-17;8.583137
2024-04-18;6.8928
2024-04-19;5.802842
2024-04-20;5.115509
2024-04-21;5.203006
2024-04-22;4.694638
2024-04-23;4.163812
2024-04-24;3.805836
2024-04-25;3.964484
2024-04-26;4.678983
2024-04-27;6.633966
2024-04-28;5.062961
2024-04-29;6.229878
2024-04-30;6.454388
2024-05-01;5.914911
2024-05-02;5.264707
2024-05-03;4.245782
2024-05-04;3.620349
2024-05-05;3.193882
2024-05-06;2.935199
2024-05-07;2.732867
2024-05-08;2.483222
2024-05-09;2.261404
2024-05-10;2.090208
2024-05-11;1.915368
2024-05-12;1.759882
2024-05-13;1.59654
2024-05-14;1.468513
2024-05-15;1.355746
2024-05-16;1.250556
2024-05-17;1.159893
2024-05-18;1.077958
2024-05-19;1.008746
2024-05-20;0.9356083
2024-05-21;0.8795795
2024-05-22;0.823119
2024-05-23;0.8459547
2024-05-24;1.075755
2024-05-25;1.267046
2024-05-26;1.133565
2024-05-27;1.217087
2024-05-28;1.660249
2024-05-29;2.559054
2024-05-30;8.52497
2024-05-31;7.642997
2024-06-01;4.908669
2024-06-02;3.883924
2024-06-03;3.065671
2024-06-04;2.461104
2024-06-05;2.867865
2024-06-06;4.099678
2024-06-07;3.399246
2024-06-08;3.887199
2024-06-09;4.329176
2024-06-10;4.046515
2024-06-11;3.057837
2024-06-12;2.425688
2024-06-13;2.110741
2024-06-14;1.985381
2024-06-15;3.243129
2024-06-16;20.54097
2024-06-17;18.27102
2024-06-18;20.58592
2024-06-19;15.58911
2024-06-20;9.094437
2024-06-21;6.324623
2024-06-22;5.090784
2024-06-23;4.631964
2024-06-24;3.863454
2024-06-25;3.029629
2024-06-26;2.677544
2024-06-27;2.23207
2024-06-28;2.076757
2024-06-29;2.046661
2024-06-30;1.894105
2024-07-01;1.620091
2024-07-02;1.428656
2024-07-03;1.277163
2024-07-04;1.666265
2024-07-05;3.674461
2024-07-06;7.144942
2024-07-07;7.706073
2024-07-08;6.754696
2024-07-09;4.660697
2024-07-10;5.298404
2024-07-11;9.76163
2024-07-12;7.206635
2024-07-13;5.338514
2024-07-14;5.792247
2024-07-15;14.29874
2024-07-16;17.26767
2024-07-17;12.74663
2024-07-18;8.994138
2024-07-19;6.321876
2024-07-20;4.846251
2024-07-21;3.991474
2024-07-22;4.455604
2024-07-23;4.189953
2024-07-24;3.376861
2024-07-25;4.008334
2024-07-26;5.987414
2024-07-27;8.276338
2024-07-28;5.573697
2024-07-29;4.092993
2024-07-30;3.300849
2024-07-31;2.780063
2024-08-01;2.400001
2024-08-02;2.093683
2024-08-03;1.840959
2024-08-04;1.704952
2024-08-05;1.578154
2024-08-06;1.448244
2024-08-07;1.390105
2024-08-08;1.357115
2024-08-09;2.270214
2024-08-10;4.404986
2024-08-11;3.241751
2024-08-12;2.476769
2024-08-13;2.001508
2024-08-14;3.664194
2024-08-15;5.990485
2024-08-16;12.0959
2024-08-17;7.735109
2024-08-18;5.257148
2024-08-19;4.237624
2024-08-20;4.598328
2024-08-21;26.03621
2024-08-22;21.08115
2024-08-23;33.34533
2024-08-24;36.3106
2024-08-25;32.3011
2024-08-26;25.25993
2024-08-27;23.86253
2024-08-28;14.48575
2024-08-29;10.01095
2024-08-30;8.015978
2024-08-31;6.374138
2024-09-01;5.098472
2024-09-02;4.265644
2024-09-03;4.812052
2024-09-04;11.2591
2024-09-05;16.26209
2024-09-06;9.793771
2024-09-07;6.936096
2024-09-08;5.503266
2024-09-09;4.748533
2024-09-10;4.523071
2024-09-11;9.61364
2024-09-12;10.39675
2024-09-13;6.904201
2024-09-14;5.269713
2024-09-15;4.354106
2024-09-16;3.972884
2024-09-17;3.759348
2024-09-18;3.320606
2024-09-19;2.951526
2024-09-20;2.659062
2024-09-21;2.419596
2024-09-22;2.222411
2024-09-23;2.055185
2024-09-24;2.083752
2024-09-25;6.667336
2024-09-26;6.841829
2024-09-27;4.500347
2024-09-28;3.575228
2024-09-29;3.0225
2024-09-30;2.71578
2024-10-01;2.558587
2024-10-02;2.402102
2024-10-03;2.199987
2024-10-04;2.018261
2024-10-05;2.158067
2024-10-06;1.990566
2024-10-07;1.85876
2024-10-08;4.050037
2024-10-09;11.72003
2024-10-10;15.22946
2024-10-11;9.259522
2024-10-12;8.107514
2024-10-13;16.73273
2024-10-14;19.58461
2024-10-15;11.05237
2024-10-16;7.771581
2024-10-17;6.646351
2024-10-18;8.436757
2024-10-19;16.72918
2024-10-20;37.11176
2024-10-21;46.13565
2024-10-22;30.72044
2024-10-23;17.16273
2024-10-24;12.18711
2024-10-25;9.465157
2024-10-26;7.747767
2024-10-27;15.30059
2024-10-28;16.36261
2024-10-29;10.71387
2024-10-30;8.243592
2024-10-31;6.804999
2024-11-01;5.850499
2024-11-02;5.023921
2024-11-03;4.40016
2024-11-04;3.930453
2024-11-05;3.582868
2024-11-06;3.294575
2024-11-07;3.049817
2024-11-08;2.837613
2024-11-09;2.728371
2024-11-10;2.77831
2024-11-11;3.099389
2024-11-12;2.965086
2024-11-13;2.699364
2024-11-14;2.517607
2024-11-15;2.377555
2024-11-16;2.285581
2024-11-17;2.324549
2024-11-18;2.258077
2024-11-19;2.080107
2024-11-20;1.885369
2024-11-21;1.678813
2024-11-22;1.520491
2024-11-23;1.481686
2024-11-24;6.251963
2024-11-25;47.24766
2024-11-26;35.66252
2024-11-27;24.10726
2024-11-28;14.99165
2024-11-29;10.32088
2024-11-30;8.449632
2024-12-01;9.601954
2024-12-02;17.55857
2024-12-03;18.68722
2024-12-04;12.00252
2024-12-05;11.73012
2024-12-06;54.11629
2024-12-07;36.28385
2024-12-08;39.9389
2024-12-09;23.40418
2024-12-10;14.86942
2024-12-11;10.6125
2024-12-12;8.232393
2024-12-13;6.729272
2024-12-14;6.024175
2024-12-15;5.462691
2024-12-16;5.448706
2024-12-17;5.426466
2024-12-18;13.57678
2024-12-19;23.06002
2024-12-20;13.51049
2024-12-21;12.01906
2024-12-22;17.99064
2024-12-23;16.61691
2024-12-24;12.12244
2024-12-25;9.693795
2024-12-26;8.239155
2024-12-27;7.021585
2024-12-28;6.106596
2024-12-29;5.531658
2024-12-30;5.32466
2024-12-31;5.222825
2025-01-01;14.65102
2025-01-02;11.8537
2025-01-03;7.860471
2025-01-04;5.990835
2025-01-05;5.583178
2025-01-06;5.605558
2025-01-07;8.73434
2025-01-08;10.84184
2025-01-09;7.850527
2025-01-10;6.435301
2025-01-11;5.06321
2025-01-12;4.433206
2025-01-13;4.446581
2025-01-14;10.88003
2025-01-15;16.95833
2025-01-16;15.09376
2025-01-17;14.34322
2025-01-18;17.8782
2025-01-19;19.13094
2025-01-20;14.48198
2025-01-21;10.64353
2025-01-22;8.617864
2025-01-23;9.485415
2025-01-24;11.94885
2025-01-25;39.0551
2025-01-26;25.76435
2025-01-27;17.15802
2025-01-28;26.78041
2025-01-29;32.73971
2025-01-30;26.63942
2025-01-31;17.62222
2025-02-01;12.59942
2025-02-02;9.556372
2025-02-03;7.80294
2025-02-04;7.047593
2025-02-05;12.06732
2025-02-06;12.86461
2025-02-07;9.410214
2025-02-08;7.919127
2025-02-09;6.8531
2025-02-10;5.586631
2025-02-11;5.351548
2025-02-12;4.71446
2025-02-13;4.220228
2025-02-14;3.669026
2025-02-15;3.667062
2025-02-16;2.805827
2025-02-17;2.709954
2025-02-18;2.547782
2025-02-19;2.351494
2025-02-20;2.343437
2025-02-21;3.683471
2025-02-22;19.00852
2025-02-23;38.36978
2025-02-24;50.40121
2025-02-25;60.19282
2025-02-26;30.325
2025-02-27;21.16135
2025-02-28;15.05725
2025-03-01;10.90469
2025-03-02;8.616776
2025-03-03;7.691371
2025-03-04;8.034266
2025-03-05;8.316787
2025-03-06;8.375619
2025-03-07;7.062749
2025-03-08;5.829873
2025-03-09;4.994625
2025-03-10;4.403581
2025-03-11;4.021831
2025-03-12;3.848234
2025-03-13;3.520582
2025-03-14;3.168454
2025-03-15;2.873856
2025-03-16;2.678242
2025-03-17;2.534782
2025-03-18;2.380107
2025-03-19;2.233913
2025-03-20;2.087608
2025-03-21;1.957726
2025-03-22;1.848841
2025-03-23;1.753945
2025-03-24;1.669899
2025-03-25;1.611746
2025-03-26;1.554121
2025-03-27;1.505767
2025-03-28;1.525464
2025-03-29;1.63134
2025-03-30;2.962817
2025-03-31;3.773814
2025-04-01;2.916678
2025-04-02;2.411261
2025-04-03;2.128594
2025-04-04;1.925146
2025-04-05;1.74929
2025-04-06;1.612271
2025-04-07;1.51482
2025-04-08;1.426312
2025-04-09;1.351541
2025-04-10;1.282511
2025-04-11;1.223532
2025-04-12;1.173153
2025-04-13;1.187481
2025-04-14;1.346003
2025-04-15;1.367393
2025-04-16;1.419933
2025-04-17;2.227993
2025-04-18;4.174807
2025-04-19;3.207905
2025-04-20;3.344579
2025-04-21;3.250475
2025-04-22;2.67043
2025-04-23;2.337547
2025-04-24;2.153268
2025-04-25;1.955355
2025-04-26;1.750132
2025-04-27;1.599623
2025-04-28;1.487196
2025-04-29;1.387089
2025-04-30;1.292375
2025-05-01;1.205757
2025-05-02;1.130365
2025-05-03;1.037039
2025-05-04;0.9815407
2025-05-05;0.9233194
2025-05-06;0.8745927
2025-05-07;0.8222409
2025-05-08;0.7760009
2025-05-09;0.7429501
2025-05-10;0.7125001
2025-05-11;0.6871791
2025-05-12;0.65574
2025-05-13;0.6333784
2025-05-14;0.6054627
2025-05-15;0.5755318
2025-05-16;0.5430961
2025-05-17;0.5174922
2025-05-18;0.4961353
2025-05-19;0.4696868
2025-05-20;0.4551526
2025-05-21;0.446771
2025-05-22;0.5027467
2025-05-23;0.4901673
2025-05-24;0.4780841
2025-05-25;0.6770962
2025-05-26;0.8337002
2025-05-27;1.594392
2025-05-28;4.005105
2025-05-29;2.402669
2025-05-30;2.452539
2025-05-31;2.147992
2025-06-01;1.882066
2025-06-02;1.849658
2025-06-03;1.645366
2025-06-04;2.136365
2025-06-05;2.596228
2025-06-06;2.750529
2025-06-07;6.943051
2025-06-08;4.142886
2025-06-09;2.860098
2025-06-10;2.453892
2025-06-11;2.508326
2025-06-12;2.04704
2025-06-13;1.69177
2025-06-14;1.453764
2025-06-15;1.278709
2025-06-16;1.154074
2025-06-17;1.03856
2025-06-18;0.9297258
2025-06-19;0.8322895
2025-06-20;0.7551267
2025-06-21;0.6989941
2025-06-22;0.6567329
2025-06-23;0.6849765
2025-06-24;0.6512108
2025-06-25;0.613215
2025-06-26;0.6044648
2025-06-27;0.7578962
2025-06-28;0.795641
2025-06-29;0.74286
2025-06-30;0.6621152
2025-07-01;0.5947465
2025-07-02;0.6477474
2025-07-03;0.5693822
2025-07-04;0.7564676
2025-07-05;1.37105
2025-07-06;1.684062
2025-07-07;1.533252
2025-07-08;1.325622
2025-07-09;1.083943
2025-07-10;0.9176514
2025-07-11;0.8081229
2025-07-12;0.7148201
2025-07-13;0.6402197
2025-07-14;0.5829661
2025-07-15;0.5348871
2025-07-16;0.5665899
2025-07-17;0.6783282
2025-07-18;0.6856291
2025-07-19;0.5787563
2025-07-20;0.5080947
2025-07-21;0.5555233
2025-07-22;1.404406
2025-07-23;2.32437
2025-07-24;1.622274
2025-07-25;1.459503
2025-07-26;1.409105
2025-07-27;1.088331
2025-07-28;0.8943337
2025-07-29;0.7767155
2025-07-30;0.8260919
2025-07-31;0.8642331
2025-08-01;0.8261766
2025-08-02;0.863598
2025-08-03;2.323138
2025-08-04;5.199764
2025-08-05;12.98671
2025-08-06;9.888303
2025-08-07;6.218341
2025-08-08;4.958649
2025-08-09;3.961603
2025-08-10;3.264759
2025-08-11;2.778092
2025-08-12;2.332309
2025-08-13;1.991527
2025-08-14;1.72642
2025-08-15;1.558612
2025-08-16;1.37969
2025-08-17;1.223885
2025-08-18;1.097236
2025-08-19;0.9954123
2025-08-20;0.893737
2025-08-21;0.8069258
2025-08-22;0.7347018
2025-08-23;0.6695865
2025-08-24;0.6221861
2025-08-25;0.5820375
2025-08-26;0.5816601
2025-08-27;0.5587509
2025-08-28;0.5387992
2025-08-29;0.848072
2025-08-30;1.600677
2025-08-31;1.513817
2025-09-01;6.231428
2025-09-02;19.11512
2025-09-03;21.61938
2025-09-04;57.98292
2025-09-05;43.04006
2025-09-06;21.70102
2025-09-07;13.22415
2025-09-08;8.924963
2025-09-09;6.744541
2025-09-10;5.829491
2025-09-11;13.2199
2025-09-12;14.63677
2025-09-13;26.3877
2025-09-14;37.31787
2025-09-15;42.40049
2025-09-16;50.72013
2025-09-17;24.81645
2025-09-18;14.89047
2025-09-19;10.56488
2025-09-20;8.849553
2025-09-21;7.620152
2025-09-22;6.054808
2025-09-23;4.98516
2025-09-24;4.255966
2025-09-25;3.721409
2025-09-26;3.281742
2025-09-27;2.910657
2025-09-28;2.579904
2025-09-29;2.285649
2025-09-30;3.065843
2025-10-01;5.01757
2025-10-02;3.544612
2025-10-03;3.020629
2025-10-04;41.62034
2025-10-05;61.93883
2025-10-06;29.61407
2025-10-07;17.17338
2025-10-08;12.47232
2025-10-09;9.034538
2025-10-10;7.0315
2025-10-11;5.731208
2025-10-12;4.791028
2025-10-13;4.046562
2025-10-14;3.590035
2025-10-15;3.204784
2025-10-16;2.868169
2025-10-17;2.572063
2025-10-18;2.322298
2025-10-19;2.167201
2025-10-20;2.183728
2025-10-21;8.611231
2025-10-22;31.77051
2025-10-23;24.96984
2025-10-24;40.36997
2025-10-25;45.31092
2025-10-26;42.59473
2025-10-27;24.7997
2025-10-28;14.98546
2025-10-29;10.43825
2025-10-30;8.291841
2025-10-31;6.794227
2025-11-01;19.91489
2025-11-02;51.63681
2025-11-03;26.1292
2025-11-04;27.6365
2025-11-05;36.34118
2025-11-06;25.68266
2025-11-07;17.61652
2025-11-08;12.84916
2025-11-09;9.804062
2025-11-10;8.123717
2025-11-11;7.362597
2025-11-12;26.51117
2025-11-13;38.06845
2025-11-14;18.70016
2025-11-15;12.83356
2025-11-16;9.480427
2025-11-17;7.566077
2025-11-18;6.290747
2025-11-19;5.392892
2025-11-20;4.612707
2025-11-21;3.914363
2025-11-22;3.869666
2025-11-23;5.569594
2025-11-24;16.04271
2025-11-25;10.21552
2025-11-26;7.201185
2025-11-27;9.576879
2025-11-28;17.24679
2025-11-29;18.61498
2025-11-30;26.6719
2025-12-01;42.04676
2025-12-02;82.99979
2025-12-03;76.35758
2025-12-04;31.54948
2025-12-05;32.63174
2025-12-06;25.47089
2025-12-07;23.09209
2025-12-08;38.36889
2025-12-09;44.24921
2025-12-10;38.60466
2025-12-11;28.62725
2025-12-12;19.09337
2025-12-13;15.47845
2025-12-14;16.04916
2025-12-15;23.70992
2025-12-16;31.40335
2025-12-17;35.36959
2025-12-18;33.25307
2025-12-19;68.8064
2025-12-20;48.67641
2025-12-21;23.3749
2025-12-22;15.81381
2025-12-23;11.68813
2025-12-24;8.896739
2025-12-25;7.120235
2025-12-26;6.072112
2025-12-27;5.315877
2025-12-28;4.685671
2025-12-29;4.152236
2025-12-30;3.524828
2025-12-31;3.467888
2026-01-01;3.272635
2026-01-02;2.936633
2026-01-03;2.253916
2026-01-04;2.178651
2026-01-05;2.050556
2026-01-06;1.96722
2026-01-07;1.850152
2026-01-08;1.73386
2026-01-09;1.695622
2026-01-10;1.619836
2026-01-11;1.488923
2026-01-12;1.501423
2026-01-13;1.626308
2026-01-14;2.212574
2026-01-15;2.278617
2026-01-16;13.84081
2026-01-17;28.14724
2026-01-18;21.66245
2026-01-19;21.03184
2026-01-20;15.13915
2026-01-21;10.48364
2026-01-22;8.017629
2026-01-23;6.496381
2026-01-24;5.699312
2026-01-25;4.959127
2026-01-26;4.161293
2026-01-27;3.719079
2026-01-28;3.387844
2026-01-29;3.087149
2026-01-30;2.88145
2026-01-31;2.767031
2026-02-01;2.644447
2026-02-02;2.475718
2026-02-03;2.311409
2026-02-04;2.220806
2026-02-05;2.087674
2026-02-06;2.040828
2026-02-07;1.931929
2026-02-08;1.883296
2026-02-09;1.807518
2026-02-10;1.741715
2026-02-11;1.673609
2026-02-12;1.595234
2026-02-13;1.478965
2026-02-14;1.411325
2026-02-15;1.426137
2026-02-16;1.427831
2026-02-17;1.405567
2026-02-18;1.355301
2026-02-19;1.298371
2026-02-20;1.283782
2026-02-21;2.298454
2026-02-22;3.043954
2026-02-23;2.73904
2026-02-24;2.47359
2026-02-25;2.34468
2026-02-26;3.327984
2026-02-27;13.37979
2026-02-28;15.78373
2026-03-01;12.5196
2026-03-02;11.86382
2026-03-03;14.56259
2026-03-04;16.96737
2026-03-05;14.17241
2026-03-06;10.33456
2026-03-07;8.896249
2026-03-08;13.00112
2026-03-09;14.73803
2026-03-10;12.49331
2026-03-11;13.78338
2026-03-12;23.07342
2026-03-13;86.49278
2026-03-14;68.71874
2026-03-15;29.62767
2026-03-16;36.10609
2026-03-17;30.12063
2026-03-18;24.68477
2026-03-19;19.79385
2026-03-20;14.99405
2026-03-21;11.02522
2026-03-22;8.671815
2026-03-23;7.256042
2026-03-24;6.836082
2026-03-25;10.19126
2026-03-26;10.34501
2026-03-27;7.609921
2026-03-28;9.049901
2026-03-29;7.901634
2026-03-30;12.79916
2026-03-31;11.38876
2026-04-01;8.487824
2026-04-02;7.009869
2026-04-03;6.941315
2026-04-04;17.43121
2026-04-05;23.35756
2026-04-06;30.2103
2026-04-07;16.44794
2026-04-08;10.92346
2026-04-09;8.166723
2026-04-10;7.396981
2026-04-11;9.703926
2026-04-12;21.93216
2026-04-13;24.26266
2026-04-14;24.85278
2026-04-15;42.14503
2026-04-16;22.85786
2026-04-17;16.06961
2026-04-18;12.30508
2026-04-19;15.28169
2026-04-20;12.35981
2026-04-21;9.223178
2026-04-22;7.268418
2026-04-23;5.993344
2026-04-24;5.039137
2026-04-25;4.342201
2026-04-26;3.792966
2026-04-27;3.373165
2026-04-28;3.011812
2026-04-29;2.712461
2026-04-30;2.454342
2026-05-01;2.226856
2026-05-02;2.037328
2026-05-03;1.886597
2026-05-04;1.741911
2026-05-05;1.615126
2026-05-06;1.49839
2026-05-07;1.405005
2026-05-08;1.330998
2026-05-09;1.277486
2026-05-10;1.230128
2026-05-11;1.164303
2026-05-12;1.118992
2026-05-13;1.080608
2026-05-14;1.132451
2026-05-15;2.618543
2026-05-16;19.27964
2026-05-17;19.42662
2026-05-18;15.20737
2026-05-19;18.78397
2026-05-20;16.53171
2026-05-21;21.26999
2026-05-22;13.03453
2026-05-23;8.9124
2026-05-24;7.198615
2026-05-25;5.604958
2026-05-26;4.576658
2026-05-27;3.842984
2026-05-28;3.273782
2026-05-29;2.837552
2026-05-30;2.490525
2026-05-31;2.218784
2026-06-01;2.169898
2026-06-02;2.267763
2026-06-03;2.692947
2026-06-04;12.38335
2026-06-05;19.42402
2026-06-06;13.01288
2026-06-07;8.124383
2026-06-08;5.945794
2026-06-09;13.77313
2026-06-10;23.42705
2026-06-11;12.4606
2026-06-12;10.49166
2026-06-13;16.92835
2026-06-14;12.49034
2026-06-15;8.866678
2026-06-16;6.495551
2026-06-17;5.125044
2026-06-18;4.742639
2026-06-19;4.109225
2026-06-20;3.541304
2026-06-21;3.036587
2026-06-22;2.582115
2026-06-23;2.234584
2026-06-24;1.962346
2026-06-25;1.733721
2026-06-26;1.531639
2026-06-27;1.3782
2026-06-28;1.242468
2026-06-29;1.112082
2026-06-30;0.9953156
2026-07-01;0.9188744
2026-07-02;1.065131
2026-07-03;1.370094
2026-07-04;1.195827
2026-07-05;1.035282
2026-07-06;0.9040584
2026-07-07;0.8194807
2026-07-08;0.7389561
2026-07-09;0.6813303
2026-07-10;0.6346636
2026-07-11;0.5857753
2026-07-12;0.5502372
2026-07-13;0.5104176
2026-07-14;0.473832
2026-07-15;0.4522594
2026-07-16;0.4374506
2026-07-17;0.4293798
2026-07-18;0.4000132
2026-07-19;0.3727486
2026-07-20;0.3569124
2026-07-21;0.3443491
2026-07-22;0.3345488
2026-07-23;0.323892
2026-07-24;0.3128797
2026-07-25;0.3221647
2026-07-26;0.3359261
2026-07-27;0.3169102
2026-07-28;0.3200235
2026-07-29;0.3515626
2026-07-30;0.335645
2026-07-31;0.2985604
2026-08-01;0.3258491
2026-08-02;0.3384885
2026-08-03;0.3051799
2026-08-04;0.2912574
2026-08-05;0.3437688
2026-08-06;0.37381
2026-08-07;0.3475108
2026-08-08;0.3365051
2026-08-09;0.3293609
2026-08-10;0.3431163
2026-08-11;0.3172345
2026-08-12;0.297771
2026-08-13;0.2872222
2026-08-14;0.2852188
2026-08-15;0.2962045
2026-08-16;0.2949724
2026-08-17;0.2836755
2026-08-18;0.2703688
2026-08-19;0.2466382
2026-08-20;0.2399523
2026-08-21;0.2326822
2026-08-22;0.220332
2026-08-23;0.2147634
2026-08-24;0.2187609
2026-08-25;0.210466
2026-08-26;0.2059899
2026-08-27;0.2059816
2026-08-28;0.3327076
2026-08-29;0.4497095
2026-08-30;0.467744
2026-08-31;0.4914693
2026-09-01;0.4399438
2026-09-02;0.3922178
2026-09-03;0.3361875
2026-09-04;0.3815737
2026-09-05;0.4679344
2026-09-06;0.4877953
2026-09-07;0.5722083
2026-09-08;0.7945268
2026-09-09;0.853695
2026-09-10;0.6888095
2026-09-11;0.645941
2026-09-12;0.6771284
2026-09-13;0.6993697
2026-09-14;0.6287569
2026-09-15;2.002757
